,Unnamed: 0,Description,Qualitative Measure,Allele Name1,label,Allele Name,sequence,prediction
0,0,VLKSYVLEGTLTAEK,Positive,DRB1_0401,1,HLA-DRB1*04:01,QEFFIASGAAVDAIMEVHFDYYDLQKATYHVGFT,0.5238073
1,1,EYLNKIQNSLSTEWSPCSVT,Positive,DRB1_0401,1,HLA-DRB1*04:01,QEFFIASGAAVDAIMEVHFDYYDLQKATYHVGFT,0.97808945
2,2,LSFLPSDFFPSVRDL,Positive,DRB1_0401,1,HLA-DRB1*04:01,QEFFIASGAAVDAIMEVHFDYYDLQKATYHVGFT,0.44616506
3,3,DEEFNKKMQEQNAKFFADKP,Positive,DRB1_0401,1,HLA-DRB1*04:01,QEFFIASGAAVDAIMEVHFDYYDLQKATYHVGFT,0.75066066
4,4,ELEKYQQLNSERGVPN,Positive,DRB1_0401,1,HLA-DRB1*04:01,QEFFIASGAAVDAIMEVHFDYYDLQKATYHVGFT,0.8979817
5,5,TVYRICVTNRGSA,Positive,DRB1_0401,1,HLA-DRB1*04:01,QEFFIASGAAVDAIMEVHFDYYDLQKATYHVGFT,0.061550677
6,6,QPLALEGSLQSRG,Positive,DRB1_0401,1,HLA-DRB1*04:01,QEFFIASGAAVDAIMEVHFDYYDLQKATYHVGFT,0.88643193
7,7,SLQPLALEGSLQKRG,Positive,DRB1_0401,1,HLA-DRB1*04:01,QEFFIASGAAVDAIMEVHFDYYDLQKATYHVGFT,0.8635552
8,8,NFFRMVISNPAAT,Positive,DRB1_0401,1,HLA-DRB1*04:01,QEFFIASGAAVDAIMEVHFDYYDLQKATYHVGFT,0.99194545
9,9,RSFTLASSETGVG,Positive,DRB1_0401,1,HLA-DRB1*04:01,QEFFIASGAAVDAIMEVHFDYYDLQKATYHVGFT,0.041433692
10,10,LSRFSWGAEGQRPGFGYGG,Positive,DRB1_0401,1,HLA-DRB1*04:01,QEFFIASGAAVDAIMEVHFDYYDLQKATYHVGFT,0.38922012
11,11,GIVEQCCTSICSLYQ,Positive,DRB1_0401,1,HLA-DRB1*04:01,QEFFIASGAAVDAIMEVHFDYYDLQKATYHVGFT,0.58285975
12,12,RDYFEEYGKIDTIEIIT,Positive,DRB1_0401,1,HLA-DRB1*04:01,QEFFIASGAAVDAIMEVHFDYYDLQKATYHVGFT,0.75497264
13,13,FEEYGKIDTIEIIT,Positive,DRB1_0401,1,HLA-DRB1*04:01,QEFFIASGAAVDAIMEVHFDYYDLQKATYHVGFT,0.88102376
14,14,CYPYDVPDYASLRSLVASSG,Positive,DRB1_0401,1,HLA-DRB1*04:01,QEFFIASGAAVDAIMEVHFDYYDLQKATYHVGFT,0.96883535
15,15,GLQRRRFVQNALNGNGDPNN,Positive,DRB1_0401,1,HLA-DRB1*04:01,QEFFIASGAAVDAIMEVHFDYYDLQKATYHVGFT,0.9836732
16,16,DVMNILLQYVVKSFDRSTKV,Positive,DRB1_0401,1,HLA-DRB1*04:01,QEFFIASGAAVDAIMEVHFDYYDLQKATYHVGFT,0.9330063
17,17,LIAFTSEHSHFSLKKGAAAL,Positive,DRB1_0401,1,HLA-DRB1*04:01,QEFFIASGAAVDAIMEVHFDYYDLQKATYHVGFT,0.9688122
18,18,KVNFFRMVISNPAATHQDID,Positive,DRB1_0401,1,HLA-DRB1*04:01,QEFFIASGAAVDAIMEVHFDYYDLQKATYHVGFT,0.9950829
19,19,EITNKVNSVIEKMNTQFTAV,Positive,DRB1_0401,1,HLA-DRB1*04:01,QEFFIASGAAVDAIMEVHFDYYDLQKATYHVGFT,0.7715615
20,20,QDFTNRINKLKNS,Negative,DRB1_0401,0,HLA-DRB1*04:01,QEFFIASGAAVDAIMEVHFDYYDLQKATYHVGFT,0.07235512
21,21,EKVEKMNTQYTAT,Positive,DRB1_0401,1,HLA-DRB1*04:01,QEFFIASGAAVDAIMEVHFDYYDLQKATYHVGFT,0.7396368
22,22,KMIEKMNTQTEVR,Positive,DRB1_0401,1,HLA-DRB1*04:01,QEFFIASGAAVDAIMEVHFDYYDLQKATYHVGFT,0.10815066
23,23,GTYRLIPNARANLTA,Positive,DRB1_0401,1,HLA-DRB1*04:01,QEFFIASGAAVDAIMEVHFDYYDLQKATYHVGFT,0.9921926
24,24,WEDLFCDESLSSPEPPSSSE,Negative,DRB1_0401,0,HLA-DRB1*04:01,QEFFIASGAAVDAIMEVHFDYYDLQKATYHVGFT,0.97503626
25,25,CISCKLSRQHCSLKTLKQKN,Positive,DRB1_0401,1,HLA-DRB1*04:01,QEFFIASGAAVDAIMEVHFDYYDLQKATYHVGFT,0.8040807
26,26,DRTIPDYTSFNTVDEWLEAI,Negative,DRB1_0401,0,HLA-DRB1*04:01,QEFFIASGAAVDAIMEVHFDYYDLQKATYHVGFT,0.58498085
27,27,IGERTGFRPVRPQIRLEREQ,Negative,DRB1_0401,0,HLA-DRB1*04:01,QEFFIASGAAVDAIMEVHFDYYDLQKATYHVGFT,0.032883108
28,28,DRTVLGILVSYQIKVKLTVS,Negative,DRB1_0401,0,HLA-DRB1*04:01,QEFFIASGAAVDAIMEVHFDYYDLQKATYHVGFT,0.050997287
29,29,VVAAAAAAAVAAQGVPQHLL,Negative,DRB1_0401,0,HLA-DRB1*04:01,QEFFIASGAAVDAIMEVHFDYYDLQKATYHVGFT,0.34598663
30,30,ESRPSMGRKLSSPTTPRDML,Negative,DRB1_0401,0,HLA-DRB1*04:01,QEFFIASGAAVDAIMEVHFDYYDLQKATYHVGFT,0.00017482042
31,31,VAFSTSSQLGLMMVTIGINQ,Negative,DRB1_0401,0,HLA-DRB1*04:01,QEFFIASGAAVDAIMEVHFDYYDLQKATYHVGFT,0.06602779
32,32,VLVVLAVLGAVVTAMMCRRK,Negative,DRB1_0401,0,HLA-DRB1*04:01,QEFFIASGAAVDAIMEVHFDYYDLQKATYHVGFT,0.09987596
33,33,ETLQRAEHPKTHVTHHPVSD,Negative,DRB1_0401,0,HLA-DRB1*04:01,QEFFIASGAAVDAIMEVHFDYYDLQKATYHVGFT,0.029716343
34,34,RCHQHFLRTEAKVKEEIPDP,Negative,DRB1_0401,0,HLA-DRB1*04:01,QEFFIASGAAVDAIMEVHFDYYDLQKATYHVGFT,0.432477
35,35,HEQTLASPSVFKSTKLPTPG,Negative,DRB1_0401,0,HLA-DRB1*04:01,QEFFIASGAAVDAIMEVHFDYYDLQKATYHVGFT,0.016250908
36,36,FSSGLAIAMYHLD,Negative,DRB1_0401,0,HLA-DRB1*04:01,QEFFIASGAAVDAIMEVHFDYYDLQKATYHVGFT,0.013401419
37,37,QGILRQNEQRWRW,Negative,DRB1_0401,0,HLA-DRB1*04:01,QEFFIASGAAVDAIMEVHFDYYDLQKATYHVGFT,0.05659318
38,38,VWPMTEREDDLNV,Negative,DRB1_0401,0,HLA-DRB1*04:01,QEFFIASGAAVDAIMEVHFDYYDLQKATYHVGFT,0.15218079
39,39,HKDFNSQLAPGVD,Negative,DRB1_0401,0,HLA-DRB1*04:01,QEFFIASGAAVDAIMEVHFDYYDLQKATYHVGFT,0.28720996
40,40,PQVLPYPCWSGAP,Negative,DRB1_0401,0,HLA-DRB1*04:01,QEFFIASGAAVDAIMEVHFDYYDLQKATYHVGFT,0.00045838952
41,41,LVVWLGLNVFLFV,Negative,DRB1_0401,0,HLA-DRB1*04:01,QEFFIASGAAVDAIMEVHFDYYDLQKATYHVGFT,0.013989121
42,42,SDPPNIAGLSHFC,Negative,DRB1_0401,0,HLA-DRB1*04:01,QEFFIASGAAVDAIMEVHFDYYDLQKATYHVGFT,7.823926e-05
43,43,RLWTLTEHQKIHTGE,Negative,DRB1_0401,0,HLA-DRB1*04:01,QEFFIASGAAVDAIMEVHFDYYDLQKATYHVGFT,0.0386886
44,44,EEYVRFDSDVGEYRA,Negative,DRB1_0401,0,HLA-DRB1*04:01,QEFFIASGAAVDAIMEVHFDYYDLQKATYHVGFT,0.008145601
45,45,KLRGPSYIWTFRLKS,Negative,DRB1_0401,0,HLA-DRB1*04:01,QEFFIASGAAVDAIMEVHFDYYDLQKATYHVGFT,0.01700297
46,46,EEERQKREAEEKEAQ,Negative,DRB1_0401,0,HLA-DRB1*04:01,QEFFIASGAAVDAIMEVHFDYYDLQKATYHVGFT,0.0061647594
47,47,LGWPAVLRKLRFTAV,Negative,DRB1_0401,0,HLA-DRB1*04:01,QEFFIASGAAVDAIMEVHFDYYDLQKATYHVGFT,0.21342117
48,48,GRTRGCVSHGAGVLTC,Negative,DRB1_0401,0,HLA-DRB1*04:01,QEFFIASGAAVDAIMEVHFDYYDLQKATYHVGFT,0.005501002
49,49,QQLQQELLALKQQQQLQKQ,Negative,DRB1_0401,0,HLA-DRB1*04:01,QEFFIASGAAVDAIMEVHFDYYDLQKATYHVGFT,0.0055059195
50,50,DQFLLMYTAGFLQIQEI,Negative,DRB1_0401,0,HLA-DRB1*04:01,QEFFIASGAAVDAIMEVHFDYYDLQKATYHVGFT,0.013384998
51,51,SDECGSPRSHTAAC,Negative,DRB1_0401,0,HLA-DRB1*04:01,QEFFIASGAAVDAIMEVHFDYYDLQKATYHVGFT,1.6019303e-06
52,52,PAAPTCEVKSCDDFMGQLLN,Negative,DRB1_0401,0,HLA-DRB1*04:01,QEFFIASGAAVDAIMEVHFDYYDLQKATYHVGFT,0.07656193
53,53,QNFFWGGSPRRGTRWDCGYC,Negative,DRB1_0401,0,HLA-DRB1*04:01,QEFFIASGAAVDAIMEVHFDYYDLQKATYHVGFT,0.05772072
54,54,LDALEKIKAIGNEVTVDKWE,Negative,DRB1_0401,0,HLA-DRB1*04:01,QEFFIASGAAVDAIMEVHFDYYDLQKATYHVGFT,0.09845123
55,55,GAVVTAMMCRRKSSGGKGGS,Negative,DRB1_0401,0,HLA-DRB1*04:01,QEFFIASGAAVDAIMEVHFDYYDLQKATYHVGFT,0.038826227
56,56,PPELYGSKGETQIKENHGWI,Negative,DRB1_0401,0,HLA-DRB1*04:01,QEFFIASGAAVDAIMEVHFDYYDLQKATYHVGFT,0.0015524924
57,57,DSDAASPRMAPRAPWIEQEG,Negative,DRB1_0401,0,HLA-DRB1*04:01,QEFFIASGAAVDAIMEVHFDYYDLQKATYHVGFT,0.0013839304
58,58,HSMRYFDTAVSRPGRGEPRF,Negative,DRB1_0401,0,HLA-DRB1*04:01,QEFFIASGAAVDAIMEVHFDYYDLQKATYHVGFT,0.0050336123
59,59,QLKMLNTNYHLSPLPKPMKM,Negative,DRB1_0401,0,HLA-DRB1*04:01,QEFFIASGAAVDAIMEVHFDYYDLQKATYHVGFT,0.091213405
60,60,ATLAGRLYSGRPNSGSREDS,Negative,DRB1_0401,0,HLA-DRB1*04:01,QEFFIASGAAVDAIMEVHFDYYDLQKATYHVGFT,0.00010893443
61,61,PNPGNWPPIYCKSDDRTRVN,Negative,DRB1_0401,0,HLA-DRB1*04:01,QEFFIASGAAVDAIMEVHFDYYDLQKATYHVGFT,0.00094640255
62,62,SISISGSSRPCLD,Negative,DRB1_0401,0,HLA-DRB1*04:01,QEFFIASGAAVDAIMEVHFDYYDLQKATYHVGFT,0.0041479766
63,63,RIVCAERTVLLLQ,Negative,DRB1_0401,0,HLA-DRB1*04:01,QEFFIASGAAVDAIMEVHFDYYDLQKATYHVGFT,0.45612168
64,64,HWATTQTTQLSLS,Negative,DRB1_0401,0,HLA-DRB1*04:01,QEFFIASGAAVDAIMEVHFDYYDLQKATYHVGFT,0.02263996
65,65,GKSNVASLRQAPG,Negative,DRB1_0401,0,HLA-DRB1*04:01,QEFFIASGAAVDAIMEVHFDYYDLQKATYHVGFT,0.6595438
66,66,NGDTPNLSFYRNE,Negative,DRB1_0401,0,HLA-DRB1*04:01,QEFFIASGAAVDAIMEVHFDYYDLQKATYHVGFT,0.08256823
67,67,LLLSVLEFCIAVS,Negative,DRB1_0401,0,HLA-DRB1*04:01,QEFFIASGAAVDAIMEVHFDYYDLQKATYHVGFT,0.016712636
68,68,SPLSSPASSGSCA,Negative,DRB1_0401,0,HLA-DRB1*04:01,QEFFIASGAAVDAIMEVHFDYYDLQKATYHVGFT,3.2523176e-06
69,69,TTASTAGSETTTTST,Negative,DRB1_0401,0,HLA-DRB1*04:01,QEFFIASGAAVDAIMEVHFDYYDLQKATYHVGFT,2.7073109e-05
70,70,THQRTHTGEKPYVCR,Negative,DRB1_0401,0,HLA-DRB1*04:01,QEFFIASGAAVDAIMEVHFDYYDLQKATYHVGFT,5.863131e-05
71,71,VNGSITPTDKKIGFL,Negative,DRB1_0401,0,HLA-DRB1*04:01,QEFFIASGAAVDAIMEVHFDYYDLQKATYHVGFT,0.053979665
72,72,YPASSLVVVRSKTED,Negative,DRB1_0401,0,HLA-DRB1*04:01,QEFFIASGAAVDAIMEVHFDYYDLQKATYHVGFT,0.010101318
73,73,EVQRLTRACHQAMMV,Negative,DRB1_0401,0,HLA-DRB1*04:01,QEFFIASGAAVDAIMEVHFDYYDLQKATYHVGFT,0.014171481
74,74,VTSIIAESLQGWNLVQ,Negative,DRB1_0401,0,HLA-DRB1*04:01,QEFFIASGAAVDAIMEVHFDYYDLQKATYHVGFT,0.10087195
75,75,SSFDPCMYRELLLVHRFAP,Negative,DRB1_0401,0,HLA-DRB1*04:01,QEFFIASGAAVDAIMEVHFDYYDLQKATYHVGFT,0.0022488534
76,76,WVSGRNEAEAREKAAKE,Negative,DRB1_0401,0,HLA-DRB1*04:01,QEFFIASGAAVDAIMEVHFDYYDLQKATYHVGFT,0.0042092204
77,77,PFYIPRQDCNTSLV,Negative,DRB1_0401,0,HLA-DRB1*04:01,QEFFIASGAAVDAIMEVHFDYYDLQKATYHVGFT,0.41189793
78,78,AAPTGNTSLIPVLVFPEGSF,Negative,DRB1_0401,0,HLA-DRB1*04:01,QEFFIASGAAVDAIMEVHFDYYDLQKATYHVGFT,0.006368488
79,79,SGGEKQRVAIARAILKDPPV,Negative,DRB1_0401,0,HLA-DRB1*04:01,QEFFIASGAAVDAIMEVHFDYYDLQKATYHVGFT,0.17641962
80,80,RYSATRIAEHIAKEMKMKIF,Negative,DRB1_0401,0,HLA-DRB1*04:01,QEFFIASGAAVDAIMEVHFDYYDLQKATYHVGFT,0.15662593
81,81,CNGEAGGLPGLTEAPQLLPP,Negative,DRB1_0401,0,HLA-DRB1*04:01,QEFFIASGAAVDAIMEVHFDYYDLQKATYHVGFT,0.32765102
82,82,KGVDDLDFFIGDEAIEKPTY,Negative,DRB1_0401,0,HLA-DRB1*04:01,QEFFIASGAAVDAIMEVHFDYYDLQKATYHVGFT,0.028701723
83,83,LRGHPTPLEREPCKISFSRI,Negative,DRB1_0401,0,HLA-DRB1*04:01,QEFFIASGAAVDAIMEVHFDYYDLQKATYHVGFT,0.00096449256
84,84,QNQKAIASSLKSWNETLTSR,Negative,DRB1_0401,0,HLA-DRB1*04:01,QEFFIASGAAVDAIMEVHFDYYDLQKATYHVGFT,0.72596717
85,85,AQLNHCVFTQRKITRPSQRP,Negative,DRB1_0401,0,HLA-DRB1*04:01,QEFFIASGAAVDAIMEVHFDYYDLQKATYHVGFT,0.24902499
86,86,AVLAVLAVLAILAVLGAVVA,Negative,DRB1_0401,0,HLA-DRB1*04:01,QEFFIASGAAVDAIMEVHFDYYDLQKATYHVGFT,0.026208729
87,87,HLTKHQRTHTGERPYKCLVC,Negative,DRB1_0401,0,HLA-DRB1*04:01,QEFFIASGAAVDAIMEVHFDYYDLQKATYHVGFT,0.00085920095
88,88,HTHASVESASSHQ,Negative,DRB1_0401,0,HLA-DRB1*04:01,QEFFIASGAAVDAIMEVHFDYYDLQKATYHVGFT,0.0023688674
89,89,CLLVTLAAHLPAE,Negative,DRB1_0401,0,HLA-DRB1*04:01,QEFFIASGAAVDAIMEVHFDYYDLQKATYHVGFT,0.28999758
90,90,GDVEFVCKVYSDA,Negative,DRB1_0401,0,HLA-DRB1*04:01,QEFFIASGAAVDAIMEVHFDYYDLQKATYHVGFT,0.124019235
91,91,SLNSQVTGLPLGT,Negative,DRB1_0401,0,HLA-DRB1*04:01,QEFFIASGAAVDAIMEVHFDYYDLQKATYHVGFT,0.069022834
92,92,GHTTPLPVTDASS,Negative,DRB1_0401,0,HLA-DRB1*04:01,QEFFIASGAAVDAIMEVHFDYYDLQKATYHVGFT,0.001447618
93,93,GMCYFTNGTERVR,Negative,DRB1_0401,0,HLA-DRB1*04:01,QEFFIASGAAVDAIMEVHFDYYDLQKATYHVGFT,0.27837348
94,94,SPAEKSCSVWHAA,Negative,DRB1_0401,0,HLA-DRB1*04:01,QEFFIASGAAVDAIMEVHFDYYDLQKATYHVGFT,0.014680177
95,95,MVAVFYTVITAILNP,Negative,DRB1_0401,0,HLA-DRB1*04:01,QEFFIASGAAVDAIMEVHFDYYDLQKATYHVGFT,0.77679217
96,96,SVGELSVPEKYKSIH,Negative,DRB1_0401,0,HLA-DRB1*04:01,QEFFIASGAAVDAIMEVHFDYYDLQKATYHVGFT,0.065053135
97,97,QPVDQASLPDFQIQT,Negative,DRB1_0401,0,HLA-DRB1*04:01,QEFFIASGAAVDAIMEVHFDYYDLQKATYHVGFT,0.0012453198
98,98,STLTKHKKIHTGEKP,Negative,DRB1_0401,0,HLA-DRB1*04:01,QEFFIASGAAVDAIMEVHFDYYDLQKATYHVGFT,0.005095452
99,99,GTFTRGYRAMVLDVE,Negative,DRB1_0401,0,HLA-DRB1*04:01,QEFFIASGAAVDAIMEVHFDYYDLQKATYHVGFT,0.8275451
100,100,RNVRNAQAPPRPGACL,Negative,DRB1_0401,0,HLA-DRB1*04:01,QEFFIASGAAVDAIMEVHFDYYDLQKATYHVGFT,0.031962723
101,101,SFFETEHLLMKFSRRMAIM,Negative,DRB1_0401,0,HLA-DRB1*04:01,QEFFIASGAAVDAIMEVHFDYYDLQKATYHVGFT,0.00824219
102,102,LLLTCGFAEAGKLLVVP,Negative,DRB1_0401,0,HLA-DRB1*04:01,QEFFIASGAAVDAIMEVHFDYYDLQKATYHVGFT,0.08294028
103,103,AARVAEQLRAYLEG,Negative,DRB1_0401,0,HLA-DRB1*04:01,QEFFIASGAAVDAIMEVHFDYYDLQKATYHVGFT,0.09493929
104,104,FTLTISSLEPEDFAIYYCQQ,Negative,DRB1_0401,0,HLA-DRB1*04:01,QEFFIASGAAVDAIMEVHFDYYDLQKATYHVGFT,0.09946722
105,105,SNAGNKSLKNQLGLTFQLHL,Negative,DRB1_0401,0,HLA-DRB1*04:01,QEFFIASGAAVDAIMEVHFDYYDLQKATYHVGFT,0.20889029
106,106,QGSAVAAEAEPGKEEPPARS,Negative,DRB1_0401,0,HLA-DRB1*04:01,QEFFIASGAAVDAIMEVHFDYYDLQKATYHVGFT,0.06057912
107,107,SQLHVHKRIHTGEKPYVCNK,Negative,DRB1_0401,0,HLA-DRB1*04:01,QEFFIASGAAVDAIMEVHFDYYDLQKATYHVGFT,0.06328377
108,108,QELCHGWLRPEMRTKEQILE,Negative,DRB1_0401,0,HLA-DRB1*04:01,QEFFIASGAAVDAIMEVHFDYYDLQKATYHVGFT,0.024434179
109,109,LPAGQEPLPHQDPLLTKDLP,Negative,DRB1_0401,0,HLA-DRB1*04:01,QEFFIASGAAVDAIMEVHFDYYDLQKATYHVGFT,0.0030287206
110,110,YCAKEGGDSSGYYYWWYFDY,Negative,DRB1_0401,0,HLA-DRB1*04:01,QEFFIASGAAVDAIMEVHFDYYDLQKATYHVGFT,0.3742745
111,111,LPHQDPLLTKDLPAIQESPT,Negative,DRB1_0401,0,HLA-DRB1*04:01,QEFFIASGAAVDAIMEVHFDYYDLQKATYHVGFT,0.00046911836
112,112,QGHGNLSGTSFQQSPVRPSF,Negative,DRB1_0401,0,HLA-DRB1*04:01,QEFFIASGAAVDAIMEVHFDYYDLQKATYHVGFT,0.009759694
113,113,VVVRRTKLQMQTTALEFRQR,Negative,DRB1_0401,0,HLA-DRB1*04:01,QEFFIASGAAVDAIMEVHFDYYDLQKATYHVGFT,0.08042058
114,114,SKNVKLTVSNVLK,Negative,DRB1_0401,0,HLA-DRB1*04:01,QEFFIASGAAVDAIMEVHFDYYDLQKATYHVGFT,0.814239
115,115,LWYMNSDPNINQF,Negative,DRB1_0401,0,HLA-DRB1*04:01,QEFFIASGAAVDAIMEVHFDYYDLQKATYHVGFT,0.7745666
116,116,IIAVNGQSLEGVT,Negative,DRB1_0401,0,HLA-DRB1*04:01,QEFFIASGAAVDAIMEVHFDYYDLQKATYHVGFT,0.55237234
117,117,LDIIKYIVNRGEH,Negative,DRB1_0401,0,HLA-DRB1*04:01,QEFFIASGAAVDAIMEVHFDYYDLQKATYHVGFT,0.23454934
118,118,LFLLGVTKYTAGP,Negative,DRB1_0401,0,HLA-DRB1*04:01,QEFFIASGAAVDAIMEVHFDYYDLQKATYHVGFT,0.9069079
119,119,DKNHLFEKQDTYL,Negative,DRB1_0401,0,HLA-DRB1*04:01,QEFFIASGAAVDAIMEVHFDYYDLQKATYHVGFT,0.07402709
120,120,WEAARAAEQQRAY,Negative,DRB1_0401,0,HLA-DRB1*04:01,QEFFIASGAAVDAIMEVHFDYYDLQKATYHVGFT,0.0014674067
121,121,KIQEENVIPREKTLR,Negative,DRB1_0401,0,HLA-DRB1*04:01,QEFFIASGAAVDAIMEVHFDYYDLQKATYHVGFT,0.0017375052
122,122,AVEVPAGRVLSAREL,Negative,DRB1_0401,0,HLA-DRB1*04:01,QEFFIASGAAVDAIMEVHFDYYDLQKATYHVGFT,0.03871447
123,123,NLDLNSEKQSGGAST,Negative,DRB1_0401,0,HLA-DRB1*04:01,QEFFIASGAAVDAIMEVHFDYYDLQKATYHVGFT,0.003265977
124,124,FCSCCPGWSAMVRSR,Negative,DRB1_0401,0,HLA-DRB1*04:01,QEFFIASGAAVDAIMEVHFDYYDLQKATYHVGFT,0.06870031
125,125,TERVRFLDRYFYHQE,Negative,DRB1_0401,0,HLA-DRB1*04:01,QEFFIASGAAVDAIMEVHFDYYDLQKATYHVGFT,6.423841e-05
126,126,YTVNVTLLRSPKRHSV,Negative,DRB1_0401,0,HLA-DRB1*04:01,QEFFIASGAAVDAIMEVHFDYYDLQKATYHVGFT,0.8326064
127,127,SSDSDSKSDSSDSNSSDSS,Negative,DRB1_0401,0,HLA-DRB1*04:01,QEFFIASGAAVDAIMEVHFDYYDLQKATYHVGFT,0.00048932433
128,128,ITAPTLALTIALLLWTP,Negative,DRB1_0401,0,HLA-DRB1*04:01,QEFFIASGAAVDAIMEVHFDYYDLQKATYHVGFT,0.027958363
129,129,AGGIPLLARLLKTS,Negative,DRB1_0401,0,HLA-DRB1*04:01,QEFFIASGAAVDAIMEVHFDYYDLQKATYHVGFT,0.025401443
130,130,SPCSRKKPRMGQQVLDNFFR,Negative,DRB1_0401,0,HLA-DRB1*04:01,QEFFIASGAAVDAIMEVHFDYYDLQKATYHVGFT,0.0003490448
131,131,MELSSLRSEDTAVYYCAGGD,Negative,DRB1_0401,0,HLA-DRB1*04:01,QEFFIASGAAVDAIMEVHFDYYDLQKATYHVGFT,0.028988242
132,132,RVTAPRTVLLLLSGALALTE,Negative,DRB1_0401,0,HLA-DRB1*04:01,QEFFIASGAAVDAIMEVHFDYYDLQKATYHVGFT,0.03074497
133,133,SGMQIALNDHLKQRREVAKT,Negative,DRB1_0401,0,HLA-DRB1*04:01,QEFFIASGAAVDAIMEVHFDYYDLQKATYHVGFT,0.2245844
134,134,NSVQGTVAFEDVAVNFSQEE,Negative,DRB1_0401,0,HLA-DRB1*04:01,QEFFIASGAAVDAIMEVHFDYYDLQKATYHVGFT,0.4752923
135,135,GDSGGPLVCGDHLRGLVSWG,Negative,DRB1_0401,0,HLA-DRB1*04:01,QEFFIASGAAVDAIMEVHFDYYDLQKATYHVGFT,0.9148158
136,136,INPLMKLINRSFIDLPTPSN,Negative,DRB1_0401,0,HLA-DRB1*04:01,QEFFIASGAAVDAIMEVHFDYYDLQKATYHVGFT,0.054415464
137,137,LWLSFRSWASGALVSLVDTS,Negative,DRB1_0401,0,HLA-DRB1*04:01,QEFFIASGAAVDAIMEVHFDYYDLQKATYHVGFT,0.08036339
138,138,WAMMSIGFLGFIVWAHHMFT,Negative,DRB1_0401,0,HLA-DRB1*04:01,QEFFIASGAAVDAIMEVHFDYYDLQKATYHVGFT,0.013983756
139,139,DSKTTLYLQMNSLKTDDTAV,Negative,DRB1_0401,0,HLA-DRB1*04:01,QEFFIASGAAVDAIMEVHFDYYDLQKATYHVGFT,0.43103498
140,140,PEPAVPADLAEMA,Negative,DRB1_0401,0,HLA-DRB1*04:01,QEFFIASGAAVDAIMEVHFDYYDLQKATYHVGFT,0.063066304
141,141,PDGRLLRGHDQSA,Negative,DRB1_0401,0,HLA-DRB1*04:01,QEFFIASGAAVDAIMEVHFDYYDLQKATYHVGFT,0.00032114983
142,142,KAPIQQLADRFSG,Negative,DRB1_0401,0,HLA-DRB1*04:01,QEFFIASGAAVDAIMEVHFDYYDLQKATYHVGFT,0.59668374
143,143,CLDLSSNKLKTVK,Negative,DRB1_0401,0,HLA-DRB1*04:01,QEFFIASGAAVDAIMEVHFDYYDLQKATYHVGFT,0.5457749
144,144,RAVTELGRPDAEY,Negative,DRB1_0401,0,HLA-DRB1*04:01,QEFFIASGAAVDAIMEVHFDYYDLQKATYHVGFT,0.012467444
145,145,MTSKLTQDSRMES,Negative,DRB1_0401,0,HLA-DRB1*04:01,QEFFIASGAAVDAIMEVHFDYYDLQKATYHVGFT,0.0017475188
146,146,RCPVCTPREELSS,Negative,DRB1_0401,0,HLA-DRB1*04:01,QEFFIASGAAVDAIMEVHFDYYDLQKATYHVGFT,0.0005039871
147,147,LPPVNSSIIAAPITD,Negative,DRB1_0401,0,HLA-DRB1*04:01,QEFFIASGAAVDAIMEVHFDYYDLQKATYHVGFT,0.0053338706
148,148,DMSAKEKLLLWTQKV,Negative,DRB1_0401,0,HLA-DRB1*04:01,QEFFIASGAAVDAIMEVHFDYYDLQKATYHVGFT,0.0024177432
149,149,SRPGRGEPRFISVGY,Negative,DRB1_0401,0,HLA-DRB1*04:01,QEFFIASGAAVDAIMEVHFDYYDLQKATYHVGFT,0.0009804368
150,150,LNVSNNRLTGLEPLA,Negative,DRB1_0401,0,HLA-DRB1*04:01,QEFFIASGAAVDAIMEVHFDYYDLQKATYHVGFT,0.05805549
151,151,FQKWAAVVVPSGEEQ,Negative,DRB1_0401,0,HLA-DRB1*04:01,QEFFIASGAAVDAIMEVHFDYYDLQKATYHVGFT,0.006177902
152,152,VLLVLDTVGAGNGMIG,Negative,DRB1_0401,0,HLA-DRB1*04:01,QEFFIASGAAVDAIMEVHFDYYDLQKATYHVGFT,0.066759616
153,153,CGKGYKRRLDLDFHQRVHR,Negative,DRB1_0401,0,HLA-DRB1*04:01,QEFFIASGAAVDAIMEVHFDYYDLQKATYHVGFT,0.10946852
154,154,ELTRMESQLSASKPTGG,Negative,DRB1_0401,0,HLA-DRB1*04:01,QEFFIASGAAVDAIMEVHFDYYDLQKATYHVGFT,0.039173126
155,155,SGSSLGLSLGSNST,Negative,DRB1_0401,0,HLA-DRB1*04:01,QEFFIASGAAVDAIMEVHFDYYDLQKATYHVGFT,0.0032624304
156,156,VLKSYVLEGTLTAEK,Negative,DRB1_0101,0,HLA-DRB1*01:01,QEFFIASGAAVDAIMWLFLECYDLQRATYHVGFT,0.31901383
157,157,PKYVKQNTLKLAT,Positive,DRB1_0101,1,HLA-DRB1*01:01,QEFFIASGAAVDAIMWLFLECYDLQRATYHVGFT,0.98294455
158,158,PPAYRPPNAPILSTL,Positive,DRB1_0101,1,HLA-DRB1*01:01,QEFFIASGAAVDAIMWLFLECYDLQRATYHVGFT,0.9358926
159,159,GLMQNCNQMHASYLFQQDK,Positive,DRB1_0101,1,HLA-DRB1*01:01,QEFFIASGAAVDAIMWLFLECYDLQRATYHVGFT,0.9250636
160,160,FEEYGKIDTIEIIT,Positive,DRB1_0101,1,HLA-DRB1*01:01,QEFFIASGAAVDAIMWLFLECYDLQRATYHVGFT,0.71933997
161,161,SNGNFIAPEYAYKIVK,Positive,DRB1_0101,1,HLA-DRB1*01:01,QEFFIASGAAVDAIMWLFLECYDLQRATYHVGFT,0.98121357
162,162,ITKYFMKLGGSGSP,Positive,DRB1_0101,1,HLA-DRB1*01:01,QEFFIASGAAVDAIMWLFLECYDLQRATYHVGFT,0.036493212
163,163,FIFTRHSQTTAIPSCPEGTQ,Positive,DRB1_0101,1,HLA-DRB1*01:01,QEFFIASGAAVDAIMWLFLECYDLQRATYHVGFT,0.8018521
164,164,APISGRALEPYISRCTVCEG,Positive,DRB1_0101,1,HLA-DRB1*01:01,QEFFIASGAAVDAIMWLFLECYDLQRATYHVGFT,0.884076
165,165,EPYISRCTVCEGPAMAIAVH,Positive,DRB1_0101,1,HLA-DRB1*01:01,QEFFIASGAAVDAIMWLFLECYDLQRATYHVGFT,0.93069744
166,166,SFWLASLNPERMFRKPIPST,Positive,DRB1_0101,1,HLA-DRB1*01:01,QEFFIASGAAVDAIMWLFLECYDLQRATYHVGFT,0.77807283
167,167,LRGIPGPVGEQGLPG,Positive,DRB1_0101,1,HLA-DRB1*01:01,QEFFIASGAAVDAIMWLFLECYDLQRATYHVGFT,0.95703983
168,168,VAAAPQVKYAVFEAALTKAI,Positive,DRB1_0101,1,HLA-DRB1*01:01,QEFFIASGAAVDAIMWLFLECYDLQRATYHVGFT,0.9786837
169,169,LNKIVRMYSPTSILD,Positive,DRB1_0101,1,HLA-DRB1*01:01,QEFFIASGAAVDAIMWLFLECYDLQRATYHVGFT,0.73428476
170,170,DILLTQSPAILSVSP,Positive,DRB1_0101,1,HLA-DRB1*01:01,QEFFIASGAAVDAIMWLFLECYDLQRATYHVGFT,0.46575168
171,171,VPDYASLRSLVASSG,Positive,DRB1_0101,1,HLA-DRB1*01:01,QEFFIASGAAVDAIMWLFLECYDLQRATYHVGFT,0.90432525
172,172,RVTAPRTVLLLLWGA,Negative,DRB1_0101,0,HLA-DRB1*01:01,QEFFIASGAAVDAIMWLFLECYDLQRATYHVGFT,0.064490825
173,173,EYVRHLAGEVAKEWQ,Negative,DRB1_0101,0,HLA-DRB1*01:01,QEFFIASGAAVDAIMWLFLECYDLQRATYHVGFT,0.13129687
174,174,GERATINCKSSQSVL,Negative,DRB1_0101,0,HLA-DRB1*01:01,QEFFIASGAAVDAIMWLFLECYDLQRATYHVGFT,0.07582003
175,175,SIGLHTREVSKNYEQ,Negative,DRB1_0101,0,HLA-DRB1*01:01,QEFFIASGAAVDAIMWLFLECYDLQRATYHVGFT,0.0003912449
176,176,ARDSQGNQEPTTTPD,Negative,DRB1_0101,0,HLA-DRB1*01:01,QEFFIASGAAVDAIMWLFLECYDLQRATYHVGFT,1.2061387e-05
177,177,SPLLLWTLLLFAAPF,Negative,DRB1_0101,0,HLA-DRB1*01:01,QEFFIASGAAVDAIMWLFLECYDLQRATYHVGFT,0.09848663
178,178,NLFSLVQVSCLRIPAVRTVL,Negative,DRB1_0101,0,HLA-DRB1*01:01,QEFFIASGAAVDAIMWLFLECYDLQRATYHVGFT,0.11872542
179,179,PWPLTGALSALLMTSGLAMW,Negative,DRB1_0101,0,HLA-DRB1*01:01,QEFFIASGAAVDAIMWLFLECYDLQRATYHVGFT,0.028336138
180,180,QVVDFLSRNKQLYQKTEILS,Negative,DRB1_0101,0,HLA-DRB1*01:01,QEFFIASGAAVDAIMWLFLECYDLQRATYHVGFT,0.11101544
181,181,LYLCEFCLKYMKSKNILLRH,Negative,DRB1_0101,0,HLA-DRB1*01:01,QEFFIASGAAVDAIMWLFLECYDLQRATYHVGFT,0.025398314
182,182,NRLLELVLLVGNYMNSGSRN,Negative,DRB1_0101,0,HLA-DRB1*01:01,QEFFIASGAAVDAIMWLFLECYDLQRATYHVGFT,0.114568084
183,183,IASTQDKPNQQDIV,Negative,DRB1_0101,0,HLA-DRB1*01:01,QEFFIASGAAVDAIMWLFLECYDLQRATYHVGFT,0.0006662309
184,184,ETNKLRAKLGLKPL,Negative,DRB1_0101,0,HLA-DRB1*01:01,QEFFIASGAAVDAIMWLFLECYDLQRATYHVGFT,0.16470882
185,185,PDGRLLRGYDQSA,Negative,DRB1_0101,0,HLA-DRB1*01:01,QEFFIASGAAVDAIMWLFLECYDLQRATYHVGFT,0.035529703
186,186,EEAQAVDQELFNEYQFSVD,Negative,DRB1_0101,0,HLA-DRB1*01:01,QEFFIASGAAVDAIMWLFLECYDLQRATYHVGFT,0.0014178157
187,187,QEVPICTDPISKQEDS,Negative,DRB1_0101,0,HLA-DRB1*01:01,QEFFIASGAAVDAIMWLFLECYDLQRATYHVGFT,2.444294e-05
188,188,LDQIPSYDTHKIAVL,Negative,DRB1_0101,0,HLA-DRB1*01:01,QEFFIASGAAVDAIMWLFLECYDLQRATYHVGFT,0.18583417
189,189,ANSKFPVTRLLDTRL,Negative,DRB1_0101,0,HLA-DRB1*01:01,QEFFIASGAAVDAIMWLFLECYDLQRATYHVGFT,0.25852212
190,190,VLHRPSQELPSSVQV,Negative,DRB1_0101,0,HLA-DRB1*01:01,QEFFIASGAAVDAIMWLFLECYDLQRATYHVGFT,0.00071176887
191,191,GDGGELSPQGVSKTL,Negative,DRB1_0101,0,HLA-DRB1*01:01,QEFFIASGAAVDAIMWLFLECYDLQRATYHVGFT,0.10818222
192,192,SAADVVVVHGRRTAI,Negative,DRB1_0101,0,HLA-DRB1*01:01,QEFFIASGAAVDAIMWLFLECYDLQRATYHVGFT,0.008494228
193,193,IFYRGQWGTVCDNLW,Negative,DRB1_0101,0,HLA-DRB1*01:01,QEFFIASGAAVDAIMWLFLECYDLQRATYHVGFT,0.013292849
194,194,QVIRVARQALHDVPRHLPAL,Negative,DRB1_0101,0,HLA-DRB1*01:01,QEFFIASGAAVDAIMWLFLECYDLQRATYHVGFT,0.7294279
195,195,AAFHEEFVVREDLMGLAIGT,Negative,DRB1_0101,0,HLA-DRB1*01:01,QEFFIASGAAVDAIMWLFLECYDLQRATYHVGFT,0.21802983
196,196,LLREQSRTRPISPKEIERMV,Negative,DRB1_0101,0,HLA-DRB1*01:01,QEFFIASGAAVDAIMWLFLECYDLQRATYHVGFT,0.01802516
197,197,ITQRKWEAAREAEQLRAYLE,Negative,DRB1_0101,0,HLA-DRB1*01:01,QEFFIASGAAVDAIMWLFLECYDLQRATYHVGFT,0.0008863807
198,198,RVDLGTLRGYYNQSEAGSHT,Negative,DRB1_0101,0,HLA-DRB1*01:01,QEFFIASGAAVDAIMWLFLECYDLQRATYHVGFT,0.0011604726
199,199,ELIGRGRYGAVYKG,Negative,DRB1_0101,0,HLA-DRB1*01:01,QEFFIASGAAVDAIMWLFLECYDLQRATYHVGFT,0.50646144
200,200,DVGSDWRFLRGYHQ,Negative,DRB1_0101,0,HLA-DRB1*01:01,QEFFIASGAAVDAIMWLFLECYDLQRATYHVGFT,0.000115255585
201,201,LDPESPVRILNLR,Negative,DRB1_0101,0,HLA-DRB1*01:01,QEFFIASGAAVDAIMWLFLECYDLQRATYHVGFT,0.07515365
202,202,KRIFIGPTPCPSCGSSPSE,Negative,DRB1_0101,0,HLA-DRB1*01:01,QEFFIASGAAVDAIMWLFLECYDLQRATYHVGFT,0.0034244657
203,203,ICKSPNERARLYFLLA,Negative,DRB1_0101,0,HLA-DRB1*01:01,QEFFIASGAAVDAIMWLFLECYDLQRATYHVGFT,0.0015633702
204,204,CHGISDTFDPYLDIA,Negative,DRB1_0101,0,HLA-DRB1*01:01,QEFFIASGAAVDAIMWLFLECYDLQRATYHVGFT,0.42422482
205,205,AAEVEVERMGAKGLQ,Negative,DRB1_0101,0,HLA-DRB1*01:01,QEFFIASGAAVDAIMWLFLECYDLQRATYHVGFT,0.015170336
206,206,DYMYRRTALLRAHQS,Negative,DRB1_0101,0,HLA-DRB1*01:01,QEFFIASGAAVDAIMWLFLECYDLQRATYHVGFT,0.83076537
207,207,GSESEQSEEDGKRKT,Negative,DRB1_0101,0,HLA-DRB1*01:01,QEFFIASGAAVDAIMWLFLECYDLQRATYHVGFT,0.0005491972
208,208,LHGSNMKWSAAVLWA,Negative,DRB1_0101,0,HLA-DRB1*01:01,QEFFIASGAAVDAIMWLFLECYDLQRATYHVGFT,0.23421818
209,209,DSEKPSHKSFATHKL,Negative,DRB1_0101,0,HLA-DRB1*01:01,QEFFIASGAAVDAIMWLFLECYDLQRATYHVGFT,0.023702174
210,210,IKGSPGLSFYFKINGFPIFL,Negative,DRB1_0101,0,HLA-DRB1*01:01,QEFFIASGAAVDAIMWLFLECYDLQRATYHVGFT,0.65325916
211,211,CSCIPSTLPDPKAVSLMTAK,Negative,DRB1_0101,0,HLA-DRB1*01:01,QEFFIASGAAVDAIMWLFLECYDLQRATYHVGFT,0.04499817
212,212,AVESLPGGHVRGVAPQIPGE,Negative,DRB1_0101,0,HLA-DRB1*01:01,QEFFIASGAAVDAIMWLFLECYDLQRATYHVGFT,0.03672284
213,213,GPYECEIQNPVSANRSDPVT,Negative,DRB1_0101,0,HLA-DRB1*01:01,QEFFIASGAAVDAIMWLFLECYDLQRATYHVGFT,0.0023436546
214,214,GGISSSSSSRGGSAKGWQYS,Negative,DRB1_0101,0,HLA-DRB1*01:01,QEFFIASGAAVDAIMWLFLECYDLQRATYHVGFT,0.026785403
215,215,RQVPAPLLPSCDAT,Negative,DRB1_0101,0,HLA-DRB1*01:01,QEFFIASGAAVDAIMWLFLECYDLQRATYHVGFT,1.3443277e-05
216,216,DLRSWTAADTAAQI,Negative,DRB1_0101,0,HLA-DRB1*01:01,QEFFIASGAAVDAIMWLFLECYDLQRATYHVGFT,0.0010671318
217,217,SCAEQRIGPLAFL,Negative,DRB1_0101,0,HLA-DRB1*01:01,QEFFIASGAAVDAIMWLFLECYDLQRATYHVGFT,0.23632133
218,218,LLAPPSRPAAGCPAPCSCA,Negative,DRB1_0101,0,HLA-DRB1*01:01,QEFFIASGAAVDAIMWLFLECYDLQRATYHVGFT,7.0943956e-05
219,219,KYVGEQVPSEVHSQTW,Negative,DRB1_0101,0,HLA-DRB1*01:01,QEFFIASGAAVDAIMWLFLECYDLQRATYHVGFT,0.0015431643
220,220,LIMPDNNGSSMDDWE,Negative,DRB1_0101,0,HLA-DRB1*01:01,QEFFIASGAAVDAIMWLFLECYDLQRATYHVGFT,0.00086197257
221,221,TEITPVDAVIELAND,Negative,DRB1_0101,0,HLA-DRB1*01:01,QEFFIASGAAVDAIMWLFLECYDLQRATYHVGFT,0.015577644
222,222,EAPALPPESSMESLT,Negative,DRB1_0101,0,HLA-DRB1*01:01,QEFFIASGAAVDAIMWLFLECYDLQRATYHVGFT,0.00026372075
223,223,ERFIEPHEMQQPLVV,Negative,DRB1_0101,0,HLA-DRB1*01:01,QEFFIASGAAVDAIMWLFLECYDLQRATYHVGFT,0.0015540421
224,224,TLPLCRVQPITSSHL,Negative,DRB1_0101,0,HLA-DRB1*01:01,QEFFIASGAAVDAIMWLFLECYDLQRATYHVGFT,0.01109767
225,225,LSPGERATLSCRASQ,Negative,DRB1_0101,0,HLA-DRB1*01:01,QEFFIASGAAVDAIMWLFLECYDLQRATYHVGFT,2.9004957e-05
226,226,PPDGRYQYNTDVVFDSQGKL,Negative,DRB1_0101,0,HLA-DRB1*01:01,QEFFIASGAAVDAIMWLFLECYDLQRATYHVGFT,0.52678764
227,227,GSPWQWVTLLLGLLLPPAAP,Negative,DRB1_0101,0,HLA-DRB1*01:01,QEFFIASGAAVDAIMWLFLECYDLQRATYHVGFT,0.02740714
228,228,ATARSTESFTSTSRSKSEVS,Negative,DRB1_0101,0,HLA-DRB1*01:01,QEFFIASGAAVDAIMWLFLECYDLQRATYHVGFT,0.012908965
229,229,SFPVWTADHLKERSQENQSK,Negative,DRB1_0101,0,HLA-DRB1*01:01,QEFFIASGAAVDAIMWLFLECYDLQRATYHVGFT,0.00019273162
230,230,EMEEWVKFLRRVAGTPCGVF,Negative,DRB1_0101,0,HLA-DRB1*01:01,QEFFIASGAAVDAIMWLFLECYDLQRATYHVGFT,0.0870761
231,231,EAAHVAEQQRAYLE,Negative,DRB1_0101,0,HLA-DRB1*01:01,QEFFIASGAAVDAIMWLFLECYDLQRATYHVGFT,0.0026346445
232,232,EISDDEAEEEKGEK,Negative,DRB1_0101,0,HLA-DRB1*01:01,QEFFIASGAAVDAIMWLFLECYDLQRATYHVGFT,7.5051474e-05
233,233,GRGEPRFISVGYV,Negative,DRB1_0101,0,HLA-DRB1*01:01,QEFFIASGAAVDAIMWLFLECYDLQRATYHVGFT,0.073141605
234,234,IRDYITKASSMREDLVEKN,Negative,DRB1_0101,0,HLA-DRB1*01:01,QEFFIASGAAVDAIMWLFLECYDLQRATYHVGFT,0.12601155
235,235,PHESQLPEEWENNRES,Negative,DRB1_0101,0,HLA-DRB1*01:01,QEFFIASGAAVDAIMWLFLECYDLQRATYHVGFT,4.7001295e-06
236,236,VKAMDDSSVTEHQKV,Negative,DRB1_0101,0,HLA-DRB1*01:01,QEFFIASGAAVDAIMWLFLECYDLQRATYHVGFT,0.0075234175
237,237,MRYFYTSVSRPGRGE,Negative,DRB1_0101,0,HLA-DRB1*01:01,QEFFIASGAAVDAIMWLFLECYDLQRATYHVGFT,0.00053209066
238,238,GVGDTLYLVNGLHPL,Negative,DRB1_0101,0,HLA-DRB1*01:01,QEFFIASGAAVDAIMWLFLECYDLQRATYHVGFT,0.081284165
239,239,DPAVSALQQQLLLMV,Negative,DRB1_0101,0,HLA-DRB1*01:01,QEFFIASGAAVDAIMWLFLECYDLQRATYHVGFT,0.018644065
240,240,EPPKTHVTHHPLSDH,Negative,DRB1_0101,0,HLA-DRB1*01:01,QEFFIASGAAVDAIMWLFLECYDLQRATYHVGFT,3.063696e-06
241,241,DPDALRPLLSLQWKN,Negative,DRB1_0101,0,HLA-DRB1*01:01,QEFFIASGAAVDAIMWLFLECYDLQRATYHVGFT,0.017315924
242,242,QVCKNDMGGSQRVLEKQWTS,Negative,DRB1_0101,0,HLA-DRB1*01:01,QEFFIASGAAVDAIMWLFLECYDLQRATYHVGFT,0.0016483665
243,243,VHWSRRPLFLALAVLVTTVL,Negative,DRB1_0101,0,HLA-DRB1*01:01,QEFFIASGAAVDAIMWLFLECYDLQRATYHVGFT,0.7746855
244,244,LGLKKLFSALGQSSRPKLGK,Negative,DRB1_0101,0,HLA-DRB1*01:01,QEFFIASGAAVDAIMWLFLECYDLQRATYHVGFT,0.61043423
245,245,GRLRARRRYLVERARDARVV,Negative,DRB1_0101,0,HLA-DRB1*01:01,QEFFIASGAAVDAIMWLFLECYDLQRATYHVGFT,0.56016403
246,246,RVPQHRDQISPRSPQHGGQI,Negative,DRB1_0101,0,HLA-DRB1*01:01,QEFFIASGAAVDAIMWLFLECYDLQRATYHVGFT,4.471711e-06
247,247,IKAFTDNAVAFDTG,Negative,DRB1_0101,0,HLA-DRB1*01:01,QEFFIASGAAVDAIMWLFLECYDLQRATYHVGFT,0.83613265
248,248,GECVEWLRRYLENG,Negative,DRB1_0101,0,HLA-DRB1*01:01,QEFFIASGAAVDAIMWLFLECYDLQRATYHVGFT,0.0030051768
249,249,GTIQTGVDTSKTV,Negative,DRB1_0101,0,HLA-DRB1*01:01,QEFFIASGAAVDAIMWLFLECYDLQRATYHVGFT,0.0015999079
250,250,GEPRFISVGYVDDTQFVRF,Negative,DRB1_0101,0,HLA-DRB1*01:01,QEFFIASGAAVDAIMWLFLECYDLQRATYHVGFT,0.11661884
251,251,NSGPPDCDPDKDHPGS,Negative,DRB1_0101,0,HLA-DRB1*01:01,QEFFIASGAAVDAIMWLFLECYDLQRATYHVGFT,5.5198147e-06
252,252,QGYKVLVLNPSVAATLGFGA,Positive,DRB1_1101,1,HLA-DRB1*11:01,QEFFIASGAAVDAIMESSFDYFDFDRATYHVGFT,0.13473758
253,253,KQSGENLPYLVAYQATVCAR,Positive,DRB1_1101,1,HLA-DRB1*11:01,QEFFIASGAAVDAIMESSFDYFDFDRATYHVGFT,0.37940893
254,254,EDTGVYYCSRNYYGS,Positive,DRB1_1101,1,HLA-DRB1*11:01,QEFFIASGAAVDAIMESSFDYFDFDRATYHVGFT,0.8467464
255,255,EHPTFTSQYRIQGKL,Positive,DRB1_1101,1,HLA-DRB1*11:01,QEFFIASGAAVDAIMESSFDYFDFDRATYHVGFT,0.97361034
256,256,EVQKKVAEQTFIKDDYLETI,Negative,DRB1_1101,0,HLA-DRB1*11:01,QEFFIASGAAVDAIMESSFDYFDFDRATYHVGFT,0.0072607994
257,257,NQEEYARFDSDVGEYRAVRE,Negative,DRB1_1101,0,HLA-DRB1*11:01,QEFFIASGAAVDAIMESSFDYFDFDRATYHVGFT,0.0010129213
258,258,MNSLRAEDTAVYYCA,Negative,DRB1_1101,0,HLA-DRB1*11:01,QEFFIASGAAVDAIMESSFDYFDFDRATYHVGFT,1.390019e-05
259,259,GIVAGLAVLAVLAVL,Negative,DRB1_1101,0,HLA-DRB1*11:01,QEFFIASGAAVDAIMESSFDYFDFDRATYHVGFT,0.003228277
260,260,GEPRFITVGYVDDTQFVRFD,Negative,DRB1_1101,0,HLA-DRB1*11:01,QEFFIASGAAVDAIMESSFDYFDFDRATYHVGFT,0.0026732087
261,261,LKESGPTLVKPTQTLTLTCT,Negative,DRB1_1101,0,HLA-DRB1*11:01,QEFFIASGAAVDAIMESSFDYFDFDRATYHVGFT,7.932339e-05
262,262,LIALIYTHNTLGSLN,Negative,DRB1_1101,0,HLA-DRB1*11:01,QEFFIASGAAVDAIMESSFDYFDFDRATYHVGFT,0.036685467
263,263,YYSFIKQNNPKFSAV,Negative,DRB1_1101,0,HLA-DRB1*11:01,QEFFIASGAAVDAIMESSFDYFDFDRATYHVGFT,0.987919
264,264,VPFEMVVEAAQKANAHGFIM,Negative,DRB1_1101,0,HLA-DRB1*11:01,QEFFIASGAAVDAIMESSFDYFDFDRATYHVGFT,0.3544389
265,265,FSLIWSVGATGDSSGRTSFS,Negative,DRB1_1101,0,HLA-DRB1*11:01,QEFFIASGAAVDAIMESSFDYFDFDRATYHVGFT,0.0070790946
266,266,AFLHICTHAFFKAML,Negative,DRB1_1101,0,HLA-DRB1*11:01,QEFFIASGAAVDAIMESSFDYFDFDRATYHVGFT,0.0044982433
267,267,STRYSLTELNMAGCN,Negative,DRB1_1101,0,HLA-DRB1*11:01,QEFFIASGAAVDAIMESSFDYFDFDRATYHVGFT,0.00043159723
268,268,SQTSSRACNFFNNVGGNLKG,Negative,DRB1_1101,0,HLA-DRB1*11:01,QEFFIASGAAVDAIMESSFDYFDFDRATYHVGFT,0.043691516
269,269,VPIVGIVAGLAVLAVVVIGA,Negative,DRB1_1101,0,HLA-DRB1*11:01,QEFFIASGAAVDAIMESSFDYFDFDRATYHVGFT,0.0013895929
270,270,TFQKSPKQGRKAVQK,Negative,DRB1_1101,0,HLA-DRB1*11:01,QEFFIASGAAVDAIMESSFDYFDFDRATYHVGFT,0.008766115
271,271,ILSIVLRDSLHQPQY,Negative,DRB1_1101,0,HLA-DRB1*11:01,QEFFIASGAAVDAIMESSFDYFDFDRATYHVGFT,0.010856748
272,272,AEFENAESEADFSIHFNRFN,Negative,DRB1_1101,0,HLA-DRB1*11:01,QEFFIASGAAVDAIMESSFDYFDFDRATYHVGFT,0.002277106
273,273,KPRASGPPAKATEAGKRKSS,Negative,DRB1_1101,0,HLA-DRB1*11:01,QEFFIASGAAVDAIMESSFDYFDFDRATYHVGFT,0.00089907646
274,274,GYYNQSEDGSHTLQR,Negative,DRB1_1101,0,HLA-DRB1*11:01,QEFFIASGAAVDAIMESSFDYFDFDRATYHVGFT,0.01660195
275,275,KREASKKAWVSVTNN,Negative,DRB1_1101,0,HLA-DRB1*11:01,QEFFIASGAAVDAIMESSFDYFDFDRATYHVGFT,0.11960024
276,276,VIKGGRHLIFCHSKKKCD,Positive,DRB1_1501,1,HLA-DRB1*15:01,QEFFIASGAAVDAIMWPRFDYFDIQAATYHVVFT,0.9841127
277,277,ENPVVHFFKNIVTPR,Positive,DRB1_1501,1,HLA-DRB1*15:01,QEFFIASGAAVDAIMWPRFDYFDIQAATYHVVFT,0.8535097
278,278,LSRFSWGAEGQRPGFGYGG,Positive,DRB1_1501,1,HLA-DRB1*15:01,QEFFIASGAAVDAIMWPRFDYFDIQAATYHVVFT,0.0172095
279,279,ENPVVHYFKNIVTPR,Positive,DRB1_1501,1,HLA-DRB1*15:01,QEFFIASGAAVDAIMWPRFDYFDIQAATYHVVFT,0.96186554
280,280,VIVMLTPLVEDGV,Positive,DRB1_1501,1,HLA-DRB1*15:01,QEFFIASGAAVDAIMWPRFDYFDIQAATYHVVFT,0.36255324
281,281,VIKGGRHLIFCRSKKKCD,Positive,DRB1_1501,1,HLA-DRB1*15:01,QEFFIASGAAVDAIMWPRFDYFDIQAATYHVVFT,0.99255943
282,282,VIKGGRHLIFCHPKKKCD,Positive,DRB1_1501,1,HLA-DRB1*15:01,QEFFIASGAAVDAIMWPRFDYFDIQAATYHVVFT,0.85865307
283,283,VIKGGRHLIFCHSEKKCD,Positive,DRB1_1501,1,HLA-DRB1*15:01,QEFFIASGAAVDAIMWPRFDYFDIQAATYHVVFT,0.96156216
284,284,ETLLRAVESYLLAHS,Positive,DRB1_1501,1,HLA-DRB1*15:01,QEFFIASGAAVDAIMWPRFDYFDIQAATYHVVFT,0.7147006
285,285,FIFTRHSQTTAIPSCPEGTQ,Positive,DRB1_1501,1,HLA-DRB1*15:01,QEFFIASGAAVDAIMWPRFDYFDIQAATYHVVFT,0.6966963
286,286,FLFCNINNVCNFASRNDYSY,Positive,DRB1_1501,1,HLA-DRB1*15:01,QEFFIASGAAVDAIMWPRFDYFDIQAATYHVVFT,0.4642526
287,287,VCNFASRNDYSYWLSTPALM,Positive,DRB1_1501,1,HLA-DRB1*15:01,QEFFIASGAAVDAIMWPRFDYFDIQAATYHVVFT,0.9073876
288,288,APISGRALEPYISRCTVCEG,Positive,DRB1_1501,1,HLA-DRB1*15:01,QEFFIASGAAVDAIMWPRFDYFDIQAATYHVVFT,0.9318074
289,289,EPYISRCTVCEGPAMAIAVH,Positive,DRB1_1501,1,HLA-DRB1*15:01,QEFFIASGAAVDAIMWPRFDYFDIQAATYHVVFT,0.7999834
290,290,AIPPCPQDWVSLWKGFSFIM,Positive,DRB1_1501,1,HLA-DRB1*15:01,QEFFIASGAAVDAIMWPRFDYFDIQAATYHVVFT,0.6324418
291,291,WVSLWKGFSFIMFTSAGSEG,Positive,DRB1_1501,1,HLA-DRB1*15:01,QEFFIASGAAVDAIMWPRFDYFDIQAATYHVVFT,0.17171702
292,292,SFWLASLNPERMFRKPIPST,Positive,DRB1_1501,1,HLA-DRB1*15:01,QEFFIASGAAVDAIMWPRFDYFDIQAATYHVVFT,0.81156373
293,293,ATGTRMRGFIFTRHSQTTAI,Positive,DRB1_1501,1,HLA-DRB1*15:01,QEFFIASGAAVDAIMWPRFDYFDIQAATYHVVFT,0.9762034
294,294,LRGIPGPVGEQGLPG,Positive,DRB1_1501,1,HLA-DRB1*15:01,QEFFIASGAAVDAIMWPRFDYFDIQAATYHVVFT,0.9132405
295,295,KDGPPGLRGFPGDRG,Positive,DRB1_1501,1,HLA-DRB1*15:01,QEFFIASGAAVDAIMWPRFDYFDIQAATYHVVFT,0.77521074
296,296,SNQVKFYFNKRLN,Positive,DRB1_1501,1,HLA-DRB1*15:01,QEFFIASGAAVDAIMWPRFDYFDIQAATYHVVFT,0.93520904
297,297,NTVESEDIADYYCQQ,Positive,DRB1_1501,1,HLA-DRB1*15:01,QEFFIASGAAVDAIMWPRFDYFDIQAATYHVVFT,6.3317348e-06
298,298,QSPAILSVSPGERVS,Positive,DRB1_1501,1,HLA-DRB1*15:01,QEFFIASGAAVDAIMWPRFDYFDIQAATYHVVFT,0.37765408
299,299,KYEKYSGVFLGRA,Positive,DRB1_1501,1,HLA-DRB1*15:01,QEFFIASGAAVDAIMWPRFDYFDIQAATYHVVFT,0.81730574
300,300,LVVLDLPDLPEDKLAQSVQK,Negative,DRB1_1501,0,HLA-DRB1*15:01,QEFFIASGAAVDAIMWPRFDYFDIQAATYHVVFT,0.0014474988
301,301,DSDAASPRGEPRAPWVEQEG,Negative,DRB1_1501,0,HLA-DRB1*15:01,QEFFIASGAAVDAIMWPRFDYFDIQAATYHVVFT,6.265758e-05
302,302,GSQQEQGEEESLPSSVPELQ,Negative,DRB1_1501,0,HLA-DRB1*15:01,QEFFIASGAAVDAIMWPRFDYFDIQAATYHVVFT,0.0009494126
303,303,KTLAYCIPVVQSLQAMESKI,Negative,DRB1_1501,0,HLA-DRB1*15:01,QEFFIASGAAVDAIMWPRFDYFDIQAATYHVVFT,0.0028539002
304,304,PPSSLLHTLRPRLLSAEITL,Negative,DRB1_1501,0,HLA-DRB1*15:01,QEFFIASGAAVDAIMWPRFDYFDIQAATYHVVFT,0.0029763281
305,305,EIREAHLAALRERLREKELH,Negative,DRB1_1501,0,HLA-DRB1*15:01,QEFFIASGAAVDAIMWPRFDYFDIQAATYHVVFT,0.11420187
306,306,MTPQQGDVYTCQVEHTSLDS,Negative,DRB1_1501,0,HLA-DRB1*15:01,QEFFIASGAAVDAIMWPRFDYFDIQAATYHVVFT,1.0616045e-05
307,307,NLEWLYGCPPPYHTFEEPVY,Negative,DRB1_1501,0,HLA-DRB1*15:01,QEFFIASGAAVDAIMWPRFDYFDIQAATYHVVFT,0.0047446787
308,308,GSYSKAEWSDSAQGSESHSL,Negative,DRB1_1501,0,HLA-DRB1*15:01,QEFFIASGAAVDAIMWPRFDYFDIQAATYHVVFT,0.0017589331
309,309,VVLNQGMEIVQTMNS,Negative,DRB1_1501,0,HLA-DRB1*15:01,QEFFIASGAAVDAIMWPRFDYFDIQAATYHVVFT,0.13037401
310,310,LLMAYQICFDLYESA,Negative,DRB1_1501,0,HLA-DRB1*15:01,QEFFIASGAAVDAIMWPRFDYFDIQAATYHVVFT,0.0015540719
311,311,ALISKASNTPKLLTI,Negative,DRB1_1501,0,HLA-DRB1*15:01,QEFFIASGAAVDAIMWPRFDYFDIQAATYHVVFT,0.063990295
312,312,KPMSLSTQVVLRRKP,Negative,DRB1_1501,0,HLA-DRB1*15:01,QEFFIASGAAVDAIMWPRFDYFDIQAATYHVVFT,0.076813936
313,313,LRSEDTAVYYCARCP,Negative,DRB1_1501,0,HLA-DRB1*15:01,QEFFIASGAAVDAIMWPRFDYFDIQAATYHVVFT,1.3592082e-05
314,314,QPPNYEMLKEEQEVA,Negative,DRB1_1501,0,HLA-DRB1*15:01,QEFFIASGAAVDAIMWPRFDYFDIQAATYHVVFT,0.00022006035
315,315,LCQMLDLVKPAVDGK,Negative,DRB1_1501,0,HLA-DRB1*15:01,QEFFIASGAAVDAIMWPRFDYFDIQAATYHVVFT,0.000775069
316,316,PELAVQKVVVHPLVLLSV,Negative,DRB1_1501,0,HLA-DRB1*15:01,QEFFIASGAAVDAIMWPRFDYFDIQAATYHVVFT,0.0060803294
317,317,ICHRGTGIALSAGVSLFG,Negative,DRB1_1501,0,HLA-DRB1*15:01,QEFFIASGAAVDAIMWPRFDYFDIQAATYHVVFT,0.5211246
318,318,CADTAVNDTILAVLVAFL,Negative,DRB1_1501,0,HLA-DRB1*15:01,QEFFIASGAAVDAIMWPRFDYFDIQAATYHVVFT,0.058051407
319,319,AMQQFYGINMTGKVDRNT,Negative,DRB1_1501,0,HLA-DRB1*15:01,QEFFIASGAAVDAIMWPRFDYFDIQAATYHVVFT,0.7216633
320,320,LLNNIIEIRLDAY,Negative,DRB1_1501,0,HLA-DRB1*15:01,QEFFIASGAAVDAIMWPRFDYFDIQAATYHVVFT,0.022788852
321,321,RGLDIPLLDNVIN,Negative,DRB1_1501,0,HLA-DRB1*15:01,QEFFIASGAAVDAIMWPRFDYFDIQAATYHVVFT,0.11748168
322,322,PGSQKLVTCTGYH,Negative,DRB1_1501,0,HLA-DRB1*15:01,QEFFIASGAAVDAIMWPRFDYFDIQAATYHVVFT,0.00017434359
323,323,SDMADLPGNILLYYTAKAC,Negative,DRB1_1501,0,HLA-DRB1*15:01,QEFFIASGAAVDAIMWPRFDYFDIQAATYHVVFT,0.044617414
324,324,FPIIIHDEPTYARSSKNAIK,Negative,DRB1_1501,0,HLA-DRB1*15:01,QEFFIASGAAVDAIMWPRFDYFDIQAATYHVVFT,0.19098502
325,325,DVLELLLRAGANPAARMYGG,Negative,DRB1_1501,0,HLA-DRB1*15:01,QEFFIASGAAVDAIMWPRFDYFDIQAATYHVVFT,0.3743009
326,326,MPILLWFALPPPSMWLWGFL,Negative,DRB1_1501,0,HLA-DRB1*15:01,QEFFIASGAAVDAIMWPRFDYFDIQAATYHVVFT,0.024543017
327,327,RLTWDPTSRQINGYRIVYNN,Negative,DRB1_1501,0,HLA-DRB1*15:01,QEFFIASGAAVDAIMWPRFDYFDIQAATYHVVFT,0.002646476
328,328,QSEAGSHIIQRMYGCDLGPD,Negative,DRB1_1501,0,HLA-DRB1*15:01,QEFFIASGAAVDAIMWPRFDYFDIQAATYHVVFT,0.00019806623
329,329,KRGQAPRLLIYGASSRATGI,Negative,DRB1_1501,0,HLA-DRB1*15:01,QEFFIASGAAVDAIMWPRFDYFDIQAATYHVVFT,0.945909
330,330,RKHERILSEELVAAVTYLNQ,Negative,DRB1_1501,0,HLA-DRB1*15:01,QEFFIASGAAVDAIMWPRFDYFDIQAATYHVVFT,0.25015622
331,331,AFLMAQGAMLAAQERRVPRA,Negative,DRB1_1501,0,HLA-DRB1*15:01,QEFFIASGAAVDAIMWPRFDYFDIQAATYHVVFT,0.38887
332,332,DCKASLQLPMEKAIETALDC,Negative,DRB1_1501,0,HLA-DRB1*15:01,QEFFIASGAAVDAIMWPRFDYFDIQAATYHVVFT,0.0051645637
333,333,RLCTVNSVEEKILAA,Negative,DRB1_1501,0,HLA-DRB1*15:01,QEFFIASGAAVDAIMWPRFDYFDIQAATYHVVFT,0.0115992725
334,334,VQDVANNTNEEAGDG,Negative,DRB1_1501,0,HLA-DRB1*15:01,QEFFIASGAAVDAIMWPRFDYFDIQAATYHVVFT,0.0484474
335,335,FDTQHRVEKMPDGSV,Negative,DRB1_1501,0,HLA-DRB1*15:01,QEFFIASGAAVDAIMWPRFDYFDIQAATYHVVFT,0.0010067225
336,336,GGSGLCLSLSALGNV,Negative,DRB1_1501,0,HLA-DRB1*15:01,QEFFIASGAAVDAIMWPRFDYFDIQAATYHVVFT,0.26101488
337,337,SFCHCERASGHLWSS,Negative,DRB1_1501,0,HLA-DRB1*15:01,QEFFIASGAAVDAIMWPRFDYFDIQAATYHVVFT,0.002548486
338,338,VQVLPTTKLGSEESC,Negative,DRB1_1501,0,HLA-DRB1*15:01,QEFFIASGAAVDAIMWPRFDYFDIQAATYHVVFT,4.9567785e-05
339,339,PLSQSLYWLLAADLL,Negative,DRB1_1501,0,HLA-DRB1*15:01,QEFFIASGAAVDAIMWPRFDYFDIQAATYHVVFT,0.120995075
340,340,EHGSRSASGVPYRVLEHT,Negative,DRB1_1501,0,HLA-DRB1*15:01,QEFFIASGAAVDAIMWPRFDYFDIQAATYHVVFT,0.0010119379
341,341,HTLCLPVVSSLADVYAGV,Negative,DRB1_1501,0,HLA-DRB1*15:01,QEFFIASGAAVDAIMWPRFDYFDIQAATYHVVFT,0.0027638674
342,342,EEAKFKDSSLASVVVGVI,Negative,DRB1_1501,0,HLA-DRB1*15:01,QEFFIASGAAVDAIMWPRFDYFDIQAATYHVVFT,0.08982527
343,343,SKFNFVKFDGQAVAWREQ,Negative,DRB1_1501,0,HLA-DRB1*15:01,QEFFIASGAAVDAIMWPRFDYFDIQAATYHVVFT,0.030282497
344,344,GSASAGELSSSEP,Negative,DRB1_1501,0,HLA-DRB1*15:01,QEFFIASGAAVDAIMWPRFDYFDIQAATYHVVFT,0.00022190809
345,345,TKHLSPYATLTVG,Negative,DRB1_1501,0,HLA-DRB1*15:01,QEFFIASGAAVDAIMWPRFDYFDIQAATYHVVFT,0.003690064
346,346,AFLGLFSLLVLQS,Negative,DRB1_1501,0,HLA-DRB1*15:01,QEFFIASGAAVDAIMWPRFDYFDIQAATYHVVFT,0.09642014
347,347,WIEQEGPEYWDRETQISKT,Negative,DRB1_1501,0,HLA-DRB1*15:01,QEFFIASGAAVDAIMWPRFDYFDIQAATYHVVFT,0.0097462535
348,348,NVPYLQQNTHTLPHNHTDLN,Negative,DRB1_1501,0,HLA-DRB1*15:01,QEFFIASGAAVDAIMWPRFDYFDIQAATYHVVFT,0.04207945
349,349,LIKERAAHPLLHLRSEHGAQ,Negative,DRB1_1501,0,HLA-DRB1*15:01,QEFFIASGAAVDAIMWPRFDYFDIQAATYHVVFT,0.024713397
350,350,ALDYLHSEKNVVYRDLKLEN,Negative,DRB1_1501,0,HLA-DRB1*15:01,QEFFIASGAAVDAIMWPRFDYFDIQAATYHVVFT,0.28550112
351,351,APSLTTPTRARASCWRGRSR,Negative,DRB1_1501,0,HLA-DRB1*15:01,QEFFIASGAAVDAIMWPRFDYFDIQAATYHVVFT,0.00018146634
352,352,RGKLSKQTRTTLGALVTIDV,Negative,DRB1_1501,0,HLA-DRB1*15:01,QEFFIASGAAVDAIMWPRFDYFDIQAATYHVVFT,0.3331486
353,353,AACDVVGFDLDHTLCRYNLP,Negative,DRB1_1501,0,HLA-DRB1*15:01,QEFFIASGAAVDAIMWPRFDYFDIQAATYHVVFT,0.0071591735
354,354,EILSLSASREQEAAHKQLMS,Negative,DRB1_1501,0,HLA-DRB1*15:01,QEFFIASGAAVDAIMWPRFDYFDIQAATYHVVFT,0.39206123
355,355,PGPACAYVNLNICANGSEQG,Negative,DRB1_1501,0,HLA-DRB1*15:01,QEFFIASGAAVDAIMWPRFDYFDIQAATYHVVFT,0.004063189
356,356,EELNKLLGKVTIAQGGVLPN,Negative,DRB1_1501,0,HLA-DRB1*15:01,QEFFIASGAAVDAIMWPRFDYFDIQAATYHVVFT,0.7703303
357,357,TLINEQWLLTTAKNL,Negative,DRB1_1501,0,HLA-DRB1*15:01,QEFFIASGAAVDAIMWPRFDYFDIQAATYHVVFT,0.709748
358,358,IDKQFLICSICLERY,Negative,DRB1_1501,0,HLA-DRB1*15:01,QEFFIASGAAVDAIMWPRFDYFDIQAATYHVVFT,0.0026852787
359,359,KKMKEGENNKPREKS,Negative,DRB1_1501,0,HLA-DRB1*15:01,QEFFIASGAAVDAIMWPRFDYFDIQAATYHVVFT,3.0699157e-05
360,360,VASGKAELIKTHHND,Negative,DRB1_1501,0,HLA-DRB1*15:01,QEFFIASGAAVDAIMWPRFDYFDIQAATYHVVFT,0.012723565
361,361,NLMANRPAKYKDANI,Negative,DRB1_1501,0,HLA-DRB1*15:01,QEFFIASGAAVDAIMWPRFDYFDIQAATYHVVFT,0.015661716
362,362,LKDMLQAASHYRQNR,Negative,DRB1_1501,0,HLA-DRB1*15:01,QEFFIASGAAVDAIMWPRFDYFDIQAATYHVVFT,0.066121966
363,363,YQGLDICANGRCQKV,Negative,DRB1_1501,0,HLA-DRB1*15:01,QEFFIASGAAVDAIMWPRFDYFDIQAATYHVVFT,0.05980307
364,364,FDEIFMINLKRRKDRRDR,Negative,DRB1_1501,0,HLA-DRB1*15:01,QEFFIASGAAVDAIMWPRFDYFDIQAATYHVVFT,0.3434006
365,365,NGKDKLERADPPKTHVTH,Negative,DRB1_1501,0,HLA-DRB1*15:01,QEFFIASGAAVDAIMWPRFDYFDIQAATYHVVFT,1.3996818e-05
366,366,KVLKAISSIHSLWQVPYF,Negative,DRB1_1501,0,HLA-DRB1*15:01,QEFFIASGAAVDAIMWPRFDYFDIQAATYHVVFT,0.06176099
367,367,IVVLPLSLVLLVCGWICG,Negative,DRB1_1501,0,HLA-DRB1*15:01,QEFFIASGAAVDAIMWPRFDYFDIQAATYHVVFT,0.03935927
368,368,TESCKNRLIQMAY,Negative,DRB1_1501,0,HLA-DRB1*15:01,QEFFIASGAAVDAIMWPRFDYFDIQAATYHVVFT,0.008300722
369,369,LVFLVLYYFGMAS,Negative,DRB1_1501,0,HLA-DRB1*15:01,QEFFIASGAAVDAIMWPRFDYFDIQAATYHVVFT,0.22942656
370,370,TEFYNSLIWIRDN,Negative,DRB1_1501,0,HLA-DRB1*15:01,QEFFIASGAAVDAIMWPRFDYFDIQAATYHVVFT,0.015713394
371,371,STEDVASNCVPAQSLSEPI,Negative,DRB1_1501,0,HLA-DRB1*15:01,QEFFIASGAAVDAIMWPRFDYFDIQAATYHVVFT,0.0032009482
372,372,VLQLVNATTEYAEFLHCKGK,Negative,DRB1_1501,0,HLA-DRB1*15:01,QEFFIASGAAVDAIMWPRFDYFDIQAATYHVVFT,0.03811243
373,373,LEEQYLGLALDVDRTKKDQE,Negative,DRB1_1501,0,HLA-DRB1*15:01,QEFFIASGAAVDAIMWPRFDYFDIQAATYHVVFT,0.23609337
374,374,NVTGKPGSAGIISSGPITTP,Negative,DRB1_1501,0,HLA-DRB1*15:01,QEFFIASGAAVDAIMWPRFDYFDIQAATYHVVFT,0.12275171
375,375,AHWHINGKYEEKSNLMFWAK,Negative,DRB1_1501,0,HLA-DRB1*15:01,QEFFIASGAAVDAIMWPRFDYFDIQAATYHVVFT,0.002284497
376,376,ILPTPSSQTMAAYGQTQFTT,Negative,DRB1_1501,0,HLA-DRB1*15:01,QEFFIASGAAVDAIMWPRFDYFDIQAATYHVVFT,0.0018295348
377,377,IIPTIMATITLLNLYFYLRL,Negative,DRB1_1501,0,HLA-DRB1*15:01,QEFFIASGAAVDAIMWPRFDYFDIQAATYHVVFT,0.035953104
378,378,VPILIAMAFLMLTERKILGY,Negative,DRB1_1501,0,HLA-DRB1*15:01,QEFFIASGAAVDAIMWPRFDYFDIQAATYHVVFT,0.30479357
379,379,TAADTAAQITQRKWEAAPEA,Negative,DRB1_1501,0,HLA-DRB1*15:01,QEFFIASGAAVDAIMWPRFDYFDIQAATYHVVFT,0.0013205409
380,380,IAAEQKANPDGKKKGDGGGA,Negative,DRB1_1501,0,HLA-DRB1*15:01,QEFFIASGAAVDAIMWPRFDYFDIQAATYHVVFT,0.01788178
381,381,YCQNKPRSETIWRKY,Negative,DRB1_1501,0,HLA-DRB1*15:01,QEFFIASGAAVDAIMWPRFDYFDIQAATYHVVFT,0.0004451871
382,382,GLGSTRSSALCSLGY,Negative,DRB1_1501,0,HLA-DRB1*15:01,QEFFIASGAAVDAIMWPRFDYFDIQAATYHVVFT,0.07282978
383,383,AWFILHSNSWDPQQM,Negative,DRB1_1501,0,HLA-DRB1*15:01,QEFFIASGAAVDAIMWPRFDYFDIQAATYHVVFT,0.0034521222
384,384,IKRAIGHGRLLKDGP,Negative,DRB1_1501,0,HLA-DRB1*15:01,QEFFIASGAAVDAIMWPRFDYFDIQAATYHVVFT,0.7030728
385,385,KVLSSTINNQAVETD,Negative,DRB1_1501,0,HLA-DRB1*15:01,QEFFIASGAAVDAIMWPRFDYFDIQAATYHVVFT,0.055258453
386,386,LFHSGHARALMQAKN,Negative,DRB1_1501,0,HLA-DRB1*15:01,QEFFIASGAAVDAIMWPRFDYFDIQAATYHVVFT,0.059249133
387,387,KGTIENILDNDPRDL,Negative,DRB1_1501,0,HLA-DRB1*15:01,QEFFIASGAAVDAIMWPRFDYFDIQAATYHVVFT,0.00031724572
388,388,KRCRRKDVCKSTHHGCEH,Negative,DRB1_1501,0,HLA-DRB1*15:01,QEFFIASGAAVDAIMWPRFDYFDIQAATYHVVFT,0.0074968934
389,389,LLFYFFTHYDASLEDQKG,Negative,DRB1_1501,0,HLA-DRB1*15:01,QEFFIASGAAVDAIMWPRFDYFDIQAATYHVVFT,0.00026625395
390,390,TAPAQVSTLPQSPAALSS,Negative,DRB1_1501,0,HLA-DRB1*15:01,QEFFIASGAAVDAIMWPRFDYFDIQAATYHVVFT,0.0010545254
391,391,KAHGKKVLTSLGDAIKHL,Negative,DRB1_1501,0,HLA-DRB1*15:01,QEFFIASGAAVDAIMWPRFDYFDIQAATYHVVFT,0.84684515
392,392,YGSFLYSEAWNIG,Negative,DRB1_1501,0,HLA-DRB1*15:01,QEFFIASGAAVDAIMWPRFDYFDIQAATYHVVFT,0.0018337369
393,393,VRDCDQSQTARDL,Negative,DRB1_1501,0,HLA-DRB1*15:01,QEFFIASGAAVDAIMWPRFDYFDIQAATYHVVFT,0.0015578866
394,394,PRPQTFLLDPYIA,Negative,DRB1_1501,0,HLA-DRB1*15:01,QEFFIASGAAVDAIMWPRFDYFDIQAATYHVVFT,0.21728954
395,395,DGRSFVEKGLQKVGYAVVS,Negative,DRB1_1501,0,HLA-DRB1*15:01,QEFFIASGAAVDAIMWPRFDYFDIQAATYHVVFT,0.63175786
396,396,WTVLSNFTLPHLRSGNRLRR,Negative,DRB1_1501,0,HLA-DRB1*15:01,QEFFIASGAAVDAIMWPRFDYFDIQAATYHVVFT,0.62334937
397,397,AMLSSLLAEGRDSPEDFVFQ,Negative,DRB1_1501,0,HLA-DRB1*15:01,QEFFIASGAAVDAIMWPRFDYFDIQAATYHVVFT,0.0034587085
398,398,DTTICSDRPPENEKKVEEDI,Negative,DRB1_1501,0,HLA-DRB1*15:01,QEFFIASGAAVDAIMWPRFDYFDIQAATYHVVFT,0.00043016672
399,399,TRPRPSQPSSLAMLDLLHVA,Negative,DRB1_1501,0,HLA-DRB1*15:01,QEFFIASGAAVDAIMWPRFDYFDIQAATYHVVFT,0.005636066
400,400,DLTMLQKLNSVHANNKAFLQ,Negative,DRB1_1501,0,HLA-DRB1*15:01,QEFFIASGAAVDAIMWPRFDYFDIQAATYHVVFT,0.63470906
401,401,QSEDGSHTLQRMSGCDLGPD,Negative,DRB1_1501,0,HLA-DRB1*15:01,QEFFIASGAAVDAIMWPRFDYFDIQAATYHVVFT,0.0004982054
402,402,IMIGGFGNWLVPLMIGAPDM,Negative,DRB1_1501,0,HLA-DRB1*15:01,QEFFIASGAAVDAIMWPRFDYFDIQAATYHVVFT,0.23729765
403,403,MYTYDEYKKGFLDQASGSAV,Negative,DRB1_1501,0,HLA-DRB1*15:01,QEFFIASGAAVDAIMWPRFDYFDIQAATYHVVFT,0.22978586
404,404,MPALIVAVPAAVDYRSYGTD,Negative,DRB1_1501,0,HLA-DRB1*15:01,QEFFIASGAAVDAIMWPRFDYFDIQAATYHVVFT,0.06987125
405,405,KNLPQMRGPRPRPAG,Negative,DRB1_1501,0,HLA-DRB1*15:01,QEFFIASGAAVDAIMWPRFDYFDIQAATYHVVFT,4.5316316e-05
406,406,GLVGIIVGTVLIIKS,Negative,DRB1_1501,0,HLA-DRB1*15:01,QEFFIASGAAVDAIMWPRFDYFDIQAATYHVVFT,0.18288386
407,407,SSGGSGSGYVSSQQV,Negative,DRB1_1501,0,HLA-DRB1*15:01,QEFFIASGAAVDAIMWPRFDYFDIQAATYHVVFT,0.005051017
408,408,WNYECPKFEEDVLSS,Negative,DRB1_1501,0,HLA-DRB1*15:01,QEFFIASGAAVDAIMWPRFDYFDIQAATYHVVFT,0.0044675767
409,409,AVRCYESLILKAEGK,Negative,DRB1_1501,0,HLA-DRB1*15:01,QEFFIASGAAVDAIMWPRFDYFDIQAATYHVVFT,0.0448184
410,410,ETDNMNQIYGFEGEV,Negative,DRB1_1501,0,HLA-DRB1*15:01,QEFFIASGAAVDAIMWPRFDYFDIQAATYHVVFT,0.0003183186
411,411,GSYNTMVGNNEGSMV,Negative,DRB1_1501,0,HLA-DRB1*15:01,QEFFIASGAAVDAIMWPRFDYFDIQAATYHVVFT,0.18000191
412,412,HTTMTTLTLTSLIPPILT,Negative,DRB1_1501,0,HLA-DRB1*15:01,QEFFIASGAAVDAIMWPRFDYFDIQAATYHVVFT,0.0047175586
413,413,QIYLIDINDNAPELLPKE,Negative,DRB1_1501,0,HLA-DRB1*15:01,QEFFIASGAAVDAIMWPRFDYFDIQAATYHVVFT,0.08237842
414,414,NVLRHWVSKHAQDFELNN,Negative,DRB1_1501,0,HLA-DRB1*15:01,QEFFIASGAAVDAIMWPRFDYFDIQAATYHVVFT,0.0036732256
415,415,IQNTNSLSILEEQQRQQQ,Negative,DRB1_1501,0,HLA-DRB1*15:01,QEFFIASGAAVDAIMWPRFDYFDIQAATYHVVFT,0.006196499
416,416,KTQPLQHHNLLVC,Negative,DRB1_1501,0,HLA-DRB1*15:01,QEFFIASGAAVDAIMWPRFDYFDIQAATYHVVFT,2.7374583e-05
417,417,LDRPYYMSKSLLK,Negative,DRB1_1501,0,HLA-DRB1*15:01,QEFFIASGAAVDAIMWPRFDYFDIQAATYHVVFT,0.99728584
418,418,QSISTWLAWYQQK,Negative,DRB1_1501,0,HLA-DRB1*15:01,QEFFIASGAAVDAIMWPRFDYFDIQAATYHVVFT,0.005081743
419,419,EGILEVNIIQMTDVLMPVP,Negative,DRB1_1501,0,HLA-DRB1*15:01,QEFFIASGAAVDAIMWPRFDYFDIQAATYHVVFT,0.14982292
420,420,SYLQDSDPDSFQD,Positive,DRB1_0405,1,HLA-DRB1*04:05,QEFFIASGAAVDAIMEVHFDYYSLQRATYHVGFT,0.9356592
421,421,PPSGGRSLGEEGP,Negative,DRB1_0405,0,HLA-DRB1*04:05,QEFFIASGAAVDAIMEVHFDYYSLQRATYHVGFT,0.00015735626
422,422,DHEATLRCWALSF,Negative,DRB1_0405,0,HLA-DRB1*04:05,QEFFIASGAAVDAIMEVHFDYYSLQRATYHVGFT,0.0001745522
423,423,AAALTNRSVSLLE,Negative,DRB1_0405,0,HLA-DRB1*04:05,QEFFIASGAAVDAIMEVHFDYYSLQRATYHVGFT,0.53730506
424,424,RPGRGEPRFIAVG,Negative,DRB1_0405,0,HLA-DRB1*04:05,QEFFIASGAAVDAIMEVHFDYYSLQRATYHVGFT,0.007973611
425,425,INLLSQQMKPGMK,Negative,DRB1_0405,0,HLA-DRB1*04:05,QEFFIASGAAVDAIMEVHFDYYSLQRATYHVGFT,0.19532642
426,426,NFIRMVISNPAAT,Positive,DRB1_0404,1,HLA-DRB1*04:04,QEFFIASGAAVDAIMEVHFDYYDLQRATYHVVFT,0.9889225
427,427,VIVMLTPLVEDGV,Positive,DRB1_0404,1,HLA-DRB1*04:04,QEFFIASGAAVDAIMEVHFDYYDLQRATYHVVFT,0.9204426
428,428,IIVILSPLLNAQN,Positive,DRB1_0404,1,HLA-DRB1*04:04,QEFFIASGAAVDAIMEVHFDYYDLQRATYHVVFT,0.94377863
429,429,GIVKENIIDLTKIDRCFQ,Positive,DRB1_0404,1,HLA-DRB1*04:04,QEFFIASGAAVDAIMEVHFDYYDLQRATYHVVFT,0.30875942
430,430,AEDIATYEQNLQQ,Negative,DRB1_0404,0,HLA-DRB1*04:04,QEFFIASGAAVDAIMEVHFDYYDLQRATYHVVFT,0.0055114925
431,431,SQRSSHSSSSGNG,Negative,DRB1_0404,0,HLA-DRB1*04:04,QEFFIASGAAVDAIMEVHFDYYDLQRATYHVVFT,7.2601306e-06
432,432,MMFIPVALFVTWS,Negative,DRB1_0404,0,HLA-DRB1*04:04,QEFFIASGAAVDAIMEVHFDYYDLQRATYHVVFT,0.71588343
433,433,TFNTTVDIKLKQWTDKQL,Negative,DRB1_0404,0,HLA-DRB1*04:04,QEFFIASGAAVDAIMEVHFDYYDLQRATYHVVFT,0.20295104
434,434,FRPLSQSLYWLLA,Negative,DRB1_0404,0,HLA-DRB1*04:04,QEFFIASGAAVDAIMEVHFDYYDLQRATYHVVFT,0.0023618639
435,435,GTERVRFLDRYFH,Negative,DRB1_0404,0,HLA-DRB1*04:04,QEFFIASGAAVDAIMEVHFDYYDLQRATYHVVFT,6.163788e-05
436,436,HCFDVYGDPKQWA,Negative,DRB1_0404,0,HLA-DRB1*04:04,QEFFIASGAAVDAIMEVHFDYYDLQRATYHVVFT,0.25881767
437,437,ESEVKCNFRQEASRLTLE,Negative,DRB1_0404,0,HLA-DRB1*04:04,QEFFIASGAAVDAIMEVHFDYYDLQRATYHVVFT,0.0015942454
438,438,QLTQVYIRSTDVD,Negative,DRB1_0404,0,HLA-DRB1*04:04,QEFFIASGAAVDAIMEVHFDYYDLQRATYHVVFT,0.3326827
439,439,VAVGLGSCLAILI,Negative,DRB1_0404,0,HLA-DRB1*04:04,QEFFIASGAAVDAIMEVHFDYYDLQRATYHVVFT,0.023990542
440,440,VTLQGVTGGNTYA,Negative,DRB1_0404,0,HLA-DRB1*04:04,QEFFIASGAAVDAIMEVHFDYYDLQRATYHVVFT,0.005135894
441,441,TEGPHVLLYFDSVPTSRE,Negative,DRB1_0404,0,HLA-DRB1*04:04,QEFFIASGAAVDAIMEVHFDYYDLQRATYHVVFT,0.05109465
442,442,VQAEAGASATLSC,Negative,DRB1_0404,0,HLA-DRB1*04:04,QEFFIASGAAVDAIMEVHFDYYDLQRATYHVVFT,0.0026135445
443,443,AKPERGKMRVHKI,Negative,DRB1_0404,0,HLA-DRB1*04:04,QEFFIASGAAVDAIMEVHFDYYDLQRATYHVVFT,0.032725573
444,444,GTCVEWLRRYLEN,Negative,DRB1_0404,0,HLA-DRB1*04:04,QEFFIASGAAVDAIMEVHFDYYDLQRATYHVVFT,0.0124231875
445,445,LTVAPGHSSHHSPGLQGQ,Negative,DRB1_0404,0,HLA-DRB1*04:04,QEFFIASGAAVDAIMEVHFDYYDLQRATYHVVFT,1.451579e-06
446,446,LLIFLITMLILVT,Negative,DRB1_0404,0,HLA-DRB1*04:04,QEFFIASGAAVDAIMEVHFDYYDLQRATYHVVFT,0.30119556
447,447,QQLLESLGNGTDF,Negative,DRB1_0404,0,HLA-DRB1*04:04,QEFFIASGAAVDAIMEVHFDYYDLQRATYHVVFT,0.01273492
448,448,PALPPEGTLARSP,Negative,DRB1_0404,0,HLA-DRB1*04:04,QEFFIASGAAVDAIMEVHFDYYDLQRATYHVVFT,0.0012544096
449,449,FHYNQSYPPTYNVKDMLV,Negative,DRB1_0404,0,HLA-DRB1*04:04,QEFFIASGAAVDAIMEVHFDYYDLQRATYHVVFT,0.06254774
450,450,LNSKIAFKIVSQEPA,Positive,DRB1_0402,1,HLA-DRB1*04:02,QEFFIASGAAVDAIMEVHFDYYDIDEATYHVVFT,0.86938876
451,451,EDESRRYQQTMGSLQ,Negative,DRB1_0402,0,HLA-DRB1*04:02,QEFFIASGAAVDAIMEVHFDYYDIDEATYHVVFT,0.12836
452,452,LKEKGPQNATDSYVH,Negative,DRB1_0402,0,HLA-DRB1*04:02,QEFFIASGAAVDAIMEVHFDYYDIDEATYHVVFT,5.6727513e-05
453,453,FYLNKMKTFEEPPFE,Negative,DRB1_0402,0,HLA-DRB1*04:02,QEFFIASGAAVDAIMEVHFDYYDIDEATYHVVFT,0.013699651
454,454,VNGGKQFRSIAFKNQ,Negative,DRB1_0402,0,HLA-DRB1*04:02,QEFFIASGAAVDAIMEVHFDYYDIDEATYHVVFT,0.16105223
455,455,PEDNKIKELTLEIER,Negative,DRB1_0402,0,HLA-DRB1*04:02,QEFFIASGAAVDAIMEVHFDYYDIDEATYHVVFT,0.10176787
456,456,ENPVVHFFKNIVTPR,Positive,DRB1_1502,1,HLA-DRB1*15:02,QEFFIASGAAVDAIMWPRFDYFDIQAATYHVGFT,0.8793425
457,457,TRFQTLLALHRSYLT,Positive,DRB1_1502,1,HLA-DRB1*15:02,QEFFIASGAAVDAIMWPRFDYFDIQAATYHVGFT,0.74416167
458,458,EDKSLAKPETDKEQD,Negative,DRB1_1502,0,HLA-DRB1*15:02,QEFFIASGAAVDAIMWPRFDYFDIQAATYHVGFT,6.511984e-05
459,459,ESAQSKMLSGIGGFV,Negative,DRB1_1502,0,HLA-DRB1*15:02,QEFFIASGAAVDAIMWPRFDYFDIQAATYHVGFT,0.31058866
460,460,NAEEVRQLLETMARN,Negative,DRB1_1502,0,HLA-DRB1*15:02,QEFFIASGAAVDAIMWPRFDYFDIQAATYHVGFT,0.0057395697
461,461,IDEHGHTVVKKVTRK,Negative,DRB1_1502,0,HLA-DRB1*15:02,QEFFIASGAAVDAIMWPRFDYFDIQAATYHVGFT,0.16344407
462,462,RPTIESHHVAISDAE,Negative,DRB1_1502,0,HLA-DRB1*15:02,QEFFIASGAAVDAIMWPRFDYFDIQAATYHVGFT,0.007044345
463,463,ENVLNINCGNKGFTT,Negative,DRB1_1502,0,HLA-DRB1*15:02,QEFFIASGAAVDAIMWPRFDYFDIQAATYHVGFT,0.6344655
464,464,TPLHNAVQMSREDIV,Negative,DRB1_1502,0,HLA-DRB1*15:02,QEFFIASGAAVDAIMWPRFDYFDIQAATYHVGFT,0.015340984
465,465,LNEDLRSWTAADTVA,Negative,DRB1_1502,0,HLA-DRB1*15:02,QEFFIASGAAVDAIMWPRFDYFDIQAATYHVGFT,0.0012053549
466,466,WYQQTPGQAPRTLIY,Negative,DRB1_1502,0,HLA-DRB1*15:02,QEFFIASGAAVDAIMWPRFDYFDIQAATYHVGFT,0.00019204617
467,467,FLFLGLGGVECLLLA,Negative,DRB1_1502,0,HLA-DRB1*15:02,QEFFIASGAAVDAIMWPRFDYFDIQAATYHVGFT,0.009470284
468,468,ENPVVHFFKNIVTPR,Positive,DRB1_1602,1,HLA-DRB1*16:02,QEFFIASGAAVDAIMWPRFDYYDLDRATYHVGFT,0.7294779
469,469,NQATAKARANLAA,Positive,DRB1_1602,1,HLA-DRB1*16:02,QEFFIASGAAVDAIMWPRFDYYDLDRATYHVGFT,0.9267881
470,470,RRSGQGFHGNSEVNA,Negative,DRB1_1602,0,HLA-DRB1*16:02,QEFFIASGAAVDAIMWPRFDYYDLDRATYHVGFT,0.0041010976
471,471,LVNPNKKNSYPHY,Negative,DRB1_1602,0,HLA-DRB1*16:02,QEFFIASGAAVDAIMWPRFDYYDLDRATYHVGFT,0.0011821985
472,472,NSHGPCDSIQPHKNI,Negative,DRB1_1602,0,HLA-DRB1*16:02,QEFFIASGAAVDAIMWPRFDYYDLDRATYHVGFT,9.257982e-05
473,473,TGEKPYKCEECGK,Negative,DRB1_1602,0,HLA-DRB1*16:02,QEFFIASGAAVDAIMWPRFDYYDLDRATYHVGFT,0.0004377067
474,474,KKQKRSHKATVVNNK,Negative,DRB1_1602,0,HLA-DRB1*16:02,QEFFIASGAAVDAIMWPRFDYYDLDRATYHVGFT,0.3417176
475,475,GGKLMMSHTLKSD,Negative,DRB1_1602,0,HLA-DRB1*16:02,QEFFIASGAAVDAIMWPRFDYYDLDRATYHVGFT,0.64006436
476,476,VTLTCETQLSLERSD,Negative,DRB1_1602,0,HLA-DRB1*16:02,QEFFIASGAAVDAIMWPRFDYYDLDRATYHVGFT,7.098714e-05
477,477,AIFNPDTPFGDIV,Negative,DRB1_1602,0,HLA-DRB1*16:02,QEFFIASGAAVDAIMWPRFDYYDLDRATYHVGFT,0.010912806
478,478,YTIKDALGLLLFLLS,Negative,DRB1_1602,0,HLA-DRB1*16:02,QEFFIASGAAVDAIMWPRFDYYDLDRATYHVGFT,0.021844506
479,479,LHWLVLGTHTSDE,Negative,DRB1_1602,0,HLA-DRB1*16:02,QEFFIASGAAVDAIMWPRFDYYDLDRATYHVGFT,0.00014382601
480,480,ENGEWAIDFCPGVIRRHHG,Positive,DRB3_0101,1,HLA-DRB3*01:01,QEFFIASGAAVDAIMERSYDYYVLQKRNYHVGFT,0.7455255
481,481,VRKLKARVDELERIR,Positive,DRB3_0101,1,HLA-DRB3*01:01,QEFFIASGAAVDAIMERSYDYYVLQKRNYHVGFT,0.15291703
482,482,RYFFTSVSRPGRGEPRFIA,Negative,DRB3_0101,0,HLA-DRB3*01:01,QEFFIASGAAVDAIMERSYDYYVLQKRNYHVGFT,7.780413e-05
483,483,GNCGKDKDTWIQCNK,Negative,DRB3_0101,0,HLA-DRB3*01:01,QEFFIASGAAVDAIMERSYDYYVLQKRNYHVGFT,0.14987203
484,484,PWIEQEGPEYWDEETGKVK,Negative,DRB3_0101,0,HLA-DRB3*01:01,QEFFIASGAAVDAIMERSYDYYVLQKRNYHVGFT,0.10932857
485,485,QIPYVFFASEGLLNT,Negative,DRB3_0101,0,HLA-DRB3*01:01,QEFFIASGAAVDAIMERSYDYYVLQKRNYHVGFT,0.045059502
486,486,ASSQIPALEESCEAVEARE,Negative,DRB3_0101,0,HLA-DRB3*01:01,QEFFIASGAAVDAIMERSYDYYVLQKRNYHVGFT,0.0037544668
487,487,SARSKTLTGAGGFVL,Negative,DRB3_0101,0,HLA-DRB3*01:01,QEFFIASGAAVDAIMERSYDYYVLQKRNYHVGFT,0.0038101077
488,488,CQCEGKDNRIPLLKEVFEA,Negative,DRB3_0101,0,HLA-DRB3*01:01,QEFFIASGAAVDAIMERSYDYYVLQKRNYHVGFT,0.24186489
489,489,SMKDRATELQEQLSS,Negative,DRB3_0101,0,HLA-DRB3*01:01,QEFFIASGAAVDAIMERSYDYYVLQKRNYHVGFT,0.0017158389
490,490,SIPDTQLEQVIESQKANQC,Negative,DRB3_0101,0,HLA-DRB3*01:01,QEFFIASGAAVDAIMERSYDYYVLQKRNYHVGFT,0.008829176
491,491,FFGNVDSSGIKHNIF,Negative,DRB3_0101,0,HLA-DRB3*01:01,QEFFIASGAAVDAIMERSYDYYVLQKRNYHVGFT,0.30462927
492,492,PIVQLQGDSNCLKCFR,Positive,DRB1_0301,1,HLA-DRB1*03:01,QEFFIASGAAVDAIMESSYDYFDLQKRNYHVVFT,0.97287035
493,493,AKRLDACQDQLLE,Positive,DRB1_0301,1,HLA-DRB1*03:01,QEFFIASGAAVDAIMESSYDYFDLQKRNYHVVFT,0.79696196
494,494,PVVSEWAGGGGLRQRE,Negative,DRB1_0301,0,HLA-DRB1*03:01,QEFFIASGAAVDAIMESSYDYFDLQKRNYHVVFT,0.000101673424
495,495,CQQEGHLPDSSIS,Negative,DRB1_0301,0,HLA-DRB1*03:01,QEFFIASGAAVDAIMESSYDYFDLQKRNYHVVFT,0.00011270365
496,496,TSGLVKPTTSPLIPTT,Negative,DRB1_0301,0,HLA-DRB1*03:01,QEFFIASGAAVDAIMESSYDYFDLQKRNYHVVFT,0.0018392205
497,497,QFVRFDSDAASPR,Negative,DRB1_0301,0,HLA-DRB1*03:01,QEFFIASGAAVDAIMESSYDYFDLQKRNYHVVFT,0.0025202334
498,498,GKMSFSEKNLKALLKH,Negative,DRB1_0301,0,HLA-DRB1*03:01,QEFFIASGAAVDAIMESSYDYFDLQKRNYHVVFT,0.9594198
499,499,EYDHTTWFKFSVA,Negative,DRB1_0301,0,HLA-DRB1*03:01,QEFFIASGAAVDAIMESSYDYFDLQKRNYHVVFT,0.022027522
500,500,RKGRVVIDSDTEDSGS,Negative,DRB1_0301,0,HLA-DRB1*03:01,QEFFIASGAAVDAIMESSYDYFDLQKRNYHVVFT,0.15811649
501,501,TKEADIHFLIDGS,Negative,DRB1_0301,0,HLA-DRB1*03:01,QEFFIASGAAVDAIMESSYDYFDLQKRNYHVVFT,0.003360808
502,502,KRGLGYHGEKLQPFGQ,Negative,DRB1_0301,0,HLA-DRB1*03:01,QEFFIASGAAVDAIMESSYDYFDLQKRNYHVVFT,0.00012457371
503,503,ATSLTLIWKVSDN,Negative,DRB1_0301,0,HLA-DRB1*03:01,QEFFIASGAAVDAIMESSYDYFDLQKRNYHVVFT,0.0016721189
504,504,PIVQLQGDSNCLKCFR,Positive,DRB1_0102,1,HLA-DRB1*01:02,QEFFIASGAAVDAIMWLFLECYDLQRATYHAVFT,0.29121524
505,505,EKLKHILGKARFIKLN,Positive,DRB1_0102,1,HLA-DRB1*01:02,QEFFIASGAAVDAIMWLFLECYDLQRATYHAVFT,0.49500614
506,506,RSVPNKLGGVLALLLS,Negative,DRB1_0102,0,HLA-DRB1*01:02,QEFFIASGAAVDAIMWLFLECYDLQRATYHAVFT,0.2127397
507,507,LWKCGIENQAFYKLEK,Negative,DRB1_0102,0,HLA-DRB1*01:02,QEFFIASGAAVDAIMWLFLECYDLQRATYHAVFT,0.08670044
508,508,ANNVTSVVGHLSTSLF,Negative,DRB1_0102,0,HLA-DRB1*01:02,QEFFIASGAAVDAIMWLFLECYDLQRATYHAVFT,0.24631572
509,509,QPAAPAMAKPLTDQEK,Negative,DRB1_0102,0,HLA-DRB1*01:02,QEFFIASGAAVDAIMWLFLECYDLQRATYHAVFT,3.4870536e-05
510,510,TMVATTWFPKQMVLEL,Negative,DRB1_0102,0,HLA-DRB1*01:02,QEFFIASGAAVDAIMWLFLECYDLQRATYHAVFT,0.073964566
511,511,RQENHLNSGGRGCSEP,Negative,DRB1_0102,0,HLA-DRB1*01:02,QEFFIASGAAVDAIMWLFLECYDLQRATYHAVFT,0.00017887354
512,512,LYLGALDHTADRLQAI,Negative,DRB1_0102,0,HLA-DRB1*01:02,QEFFIASGAAVDAIMWLFLECYDLQRATYHAVFT,0.057241768
513,513,DEAADENPESQEMLEE,Negative,DRB1_0102,0,HLA-DRB1*01:02,QEFFIASGAAVDAIMWLFLECYDLQRATYHAVFT,0.00035911798
514,514,DSAGKNGYTPLHIAAK,Negative,DRB1_0102,0,HLA-DRB1*01:02,QEFFIASGAAVDAIMWLFLECYDLQRATYHAVFT,0.74183667
515,515,GSGSGTDFTLTISRLE,Negative,DRB1_0102,0,HLA-DRB1*01:02,QEFFIASGAAVDAIMWLFLECYDLQRATYHAVFT,0.03361383
516,516,GIVKENIIDLTKIDRCFQ,Positive,DRB4_0101,1,HLA-DRB4*01:01,QEFFIASGAAVDAIMEACNIYYDLRRETYYVVFT,0.26910245
517,517,IVKTGERQHGIHIQGSDP,Positive,DRB4_0101,1,HLA-DRB4*01:01,QEFFIASGAAVDAIMEACNIYYDLRRETYYVVFT,0.49629447
518,518,SISKSDLMLQCKMPTEEK,Negative,DRB4_0101,0,HLA-DRB4*01:01,QEFFIASGAAVDAIMEACNIYYDLRRETYYVVFT,0.007586837
519,519,SMRYFSTSVSRPGRGEPR,Negative,DRB4_0101,0,HLA-DRB4*01:01,QEFFIASGAAVDAIMEACNIYYDLRRETYYVVFT,1.2111076e-05
520,520,AKTSDDGSSPDEKYPDPF,Negative,DRB4_0101,0,HLA-DRB4*01:01,QEFFIASGAAVDAIMEACNIYYDLRRETYYVVFT,3.119628e-05
521,521,VAQEKGTADAANVTSTLE,Negative,DRB4_0101,0,HLA-DRB4*01:01,QEFFIASGAAVDAIMEACNIYYDLRRETYYVVFT,0.004456967
522,522,HIIETANMSYTNAWALSI,Negative,DRB4_0101,0,HLA-DRB4*01:01,QEFFIASGAAVDAIMEACNIYYDLRRETYYVVFT,0.59726644
523,523,GLWWAEGTAVATRGFFFG,Negative,DRB4_0101,0,HLA-DRB4*01:01,QEFFIASGAAVDAIMEACNIYYDLRRETYYVVFT,0.047391027
524,524,VPESVTPVEGDWLVWTST,Negative,DRB4_0101,0,HLA-DRB4*01:01,QEFFIASGAAVDAIMEACNIYYDLRRETYYVVFT,0.0091842115
525,525,MPMANLLLLIVPILIAMA,Negative,DRB4_0101,0,HLA-DRB4*01:01,QEFFIASGAAVDAIMEACNIYYDLRRETYYVVFT,0.22421122
526,526,AEQRRAYLEGTCVEWLHR,Negative,DRB4_0101,0,HLA-DRB4*01:01,QEFFIASGAAVDAIMEACNIYYDLRRETYYVVFT,0.002600789
527,527,ALLHSSTMVVAGIFLLIR,Negative,DRB4_0101,0,HLA-DRB4*01:01,QEFFIASGAAVDAIMEACNIYYDLRRETYYVVFT,0.010269344
528,528,ELERIRRSILPYGDS,Positive,DRB1_0802,1,HLA-DRB1*08:02,QEFFIASGAAVDAIMESGFDYYDFDRLTYHVGFT,0.2565453
529,529,RAFAKWRRNHNHIWQ,Negative,DRB1_0802,0,HLA-DRB1*08:02,QEFFIASGAAVDAIMESGFDYYDFDRLTYHVGFT,1.3969947e-05
530,530,CDVGPDGRFLRGYRQ,Negative,DRB1_0802,0,HLA-DRB1*08:02,QEFFIASGAAVDAIMESGFDYYDFDRLTYHVGFT,0.00015836954
531,531,LQRADPPKTHVTHHP,Negative,DRB1_0802,0,HLA-DRB1*08:02,QEFFIASGAAVDAIMESGFDYYDFDRLTYHVGFT,7.5063817e-06
532,532,PDGSWSCGSCPVGFL,Negative,DRB1_0802,0,HLA-DRB1*08:02,QEFFIASGAAVDAIMESGFDYYDFDRLTYHVGFT,0.00018835068
533,533,RAFVALYVASHRGHF,Negative,DRB1_0802,0,HLA-DRB1*08:02,QEFFIASGAAVDAIMESGFDYYDFDRLTYHVGFT,0.00060138106
534,534,MALWMRLLPLLALLA,Positive,HLA-DQA10301-DQB10302,1,HLA-DQA1*03:01/DQB1*03:02,YNYHERRFATVLHIVYFGLTYYAVRTETVHLETT,0.2749623
535,535,LPLLALLALWGPDPAA,Positive,HLA-DQA10301-DQB10302,1,HLA-DQA1*03:01/DQB1*03:02,YNYHERRFATVLHIVYFGLTYYAVRTETVHLETT,0.913838
536,536,LWGPDPAAAFVNQHL,Positive,HLA-DQA10301-DQB10302,1,HLA-DQA1*03:01/DQB1*03:02,YNYHERRFATVLHIVYFGLTYYAVRTETVHLETT,0.49130186
537,537,GPDPAAAFVNQHL,Positive,HLA-DQA10301-DQB10302,1,HLA-DQA1*03:01/DQB1*03:02,YNYHERRFATVLHIVYFGLTYYAVRTETVHLETT,0.8031335
538,538,DPAAAFVNQHLCGSHL,Positive,HLA-DQA10301-DQB10302,1,HLA-DQA1*03:01/DQB1*03:02,YNYHERRFATVLHIVYFGLTYYAVRTETVHLETT,0.054338783
539,539,FVNQHLCGSHLVEALY,Positive,HLA-DQA10301-DQB10302,1,HLA-DQA1*03:01/DQB1*03:02,YNYHERRFATVLHIVYFGLTYYAVRTETVHLETT,0.81802845
540,540,SHLVEALYLVCGERG,Positive,HLA-DQA10301-DQB10302,1,HLA-DQA1*03:01/DQB1*03:02,YNYHERRFATVLHIVYFGLTYYAVRTETVHLETT,0.91366506
541,541,YLVCGERGFFYTPKTR,Positive,HLA-DQA10301-DQB10302,1,HLA-DQA1*03:01/DQB1*03:02,YNYHERRFATVLHIVYFGLTYYAVRTETVHLETT,0.93085754
542,542,RGFFYTPKTRREAEDL,Positive,HLA-DQA10301-DQB10302,1,HLA-DQA1*03:01/DQB1*03:02,YNYHERRFATVLHIVYFGLTYYAVRTETVHLETT,0.57469803
543,543,RREAEDLQVGQVELGG,Positive,HLA-DQA10301-DQB10302,1,HLA-DQA1*03:01/DQB1*03:02,YNYHERRFATVLHIVYFGLTYYAVRTETVHLETT,0.9437574
544,544,LQVGQVELGGGPGAGS,Positive,HLA-DQA10301-DQB10302,1,HLA-DQA1*03:01/DQB1*03:02,YNYHERRFATVLHIVYFGLTYYAVRTETVHLETT,0.9378783
545,545,GGPGAGSLQPLALEGSL,Positive,HLA-DQA10301-DQB10302,1,HLA-DQA1*03:01/DQB1*03:02,YNYHERRFATVLHIVYFGLTYYAVRTETVHLETT,0.9459721
546,546,LALEGSLQKRGIVEQCCT,Positive,HLA-DQA10301-DQB10302,1,HLA-DQA1*03:01/DQB1*03:02,YNYHERRFATVLHIVYFGLTYYAVRTETVHLETT,0.810898
547,547,VEQCCTSICSLYQLENYCN,Positive,HLA-DQA10301-DQB10302,1,HLA-DQA1*03:01/DQB1*03:02,YNYHERRFATVLHIVYFGLTYYAVRTETVHLETT,0.034003735
548,548,RPENPKPQDGKETKAA,Negative,HLA-DQA10301-DQB10302,0,HLA-DQA1*03:01/DQB1*03:02,YNYHERRFATVLHIVYFGLTYYAVRTETVHLETT,3.826942e-07
549,549,QDLYPSESTAEDDIQP,Negative,HLA-DQA10301-DQB10302,0,HLA-DQA1*03:01/DQB1*03:02,YNYHERRFATVLHIVYFGLTYYAVRTETVHLETT,0.00019955635
550,550,ASPSAVASTDSSAATS,Negative,HLA-DQA10301-DQB10302,0,HLA-DQA1*03:01/DQB1*03:02,YNYHERRFATVLHIVYFGLTYYAVRTETVHLETT,0.0007981062
551,551,EVYFIDHNTKTTSWLD,Negative,HLA-DQA10301-DQB10302,0,HLA-DQA1*03:01/DQB1*03:02,YNYHERRFATVLHIVYFGLTYYAVRTETVHLETT,0.14964423
552,552,QLASQGTVLLLLRVLL,Negative,HLA-DQA10301-DQB10302,0,HLA-DQA1*03:01/DQB1*03:02,YNYHERRFATVLHIVYFGLTYYAVRTETVHLETT,0.04629785
553,553,ALPSECQMLLFSATFE,Negative,HLA-DQA10301-DQB10302,0,HLA-DQA1*03:01/DQB1*03:02,YNYHERRFATVLHIVYFGLTYYAVRTETVHLETT,0.0106833875
554,554,TYRENLRIALRYYNQS,Negative,HLA-DQA10301-DQB10302,0,HLA-DQA1*03:01/DQB1*03:02,YNYHERRFATVLHIVYFGLTYYAVRTETVHLETT,0.0009969473
555,555,VDDTQFVRFDSDAAS,Negative,HLA-DQA10301-DQB10302,0,HLA-DQA1*03:01/DQB1*03:02,YNYHERRFATVLHIVYFGLTYYAVRTETVHLETT,0.00055262446
556,556,PEAPGEHGLAPWEQG,Negative,HLA-DQA10301-DQB10302,0,HLA-DQA1*03:01/DQB1*03:02,YNYHERRFATVLHIVYFGLTYYAVRTETVHLETT,0.00052818656
557,557,GPYACEVWNWGSRAR,Negative,HLA-DQA10301-DQB10302,0,HLA-DQA1*03:01/DQB1*03:02,YNYHERRFATVLHIVYFGLTYYAVRTETVHLETT,0.0001680851
558,558,TAKALADVATVLG,Negative,HLA-DQA10301-DQB10302,0,HLA-DQA1*03:01/DQB1*03:02,YNYHERRFATVLHIVYFGLTYYAVRTETVHLETT,0.022374392
559,559,QALIAEGIALVWESYKL,Negative,HLA-DQA10301-DQB10302,0,HLA-DQA1*03:01/DQB1*03:02,YNYHERRFATVLHIVYFGLTYYAVRTETVHLETT,0.036272407
560,560,SGEEQRYTCHVQHEGLPK,Negative,HLA-DQA10301-DQB10302,0,HLA-DQA1*03:01/DQB1*03:02,YNYHERRFATVLHIVYFGLTYYAVRTETVHLETT,3.2958105e-05
561,561,KWAAVVVPSGEEQRYTCHV,Negative,HLA-DQA10301-DQB10302,0,HLA-DQA1*03:01/DQB1*03:02,YNYHERRFATVLHIVYFGLTYYAVRTETVHLETT,0.0010908842
562,562,NVDLQEELPSLWNSRV,Negative,HLA-DQA10301-DQB10302,0,HLA-DQA1*03:01/DQB1*03:02,YNYHERRFATVLHIVYFGLTYYAVRTETVHLETT,0.007502109
563,563,RDLKPPNLLLVAGGTV,Negative,HLA-DQA10301-DQB10302,0,HLA-DQA1*03:01/DQB1*03:02,YNYHERRFATVLHIVYFGLTYYAVRTETVHLETT,0.022719651
564,564,RYYVPEGECCPVCEDP,Negative,HLA-DQA10301-DQB10302,0,HLA-DQA1*03:01/DQB1*03:02,YNYHERRFATVLHIVYFGLTYYAVRTETVHLETT,0.022536576
565,565,SLRSPKARRGKARRRA,Negative,HLA-DQA10301-DQB10302,0,HLA-DQA1*03:01/DQB1*03:02,YNYHERRFATVLHIVYFGLTYYAVRTETVHLETT,0.0002220869
566,566,LYLYGTHSHGLFKKLG,Negative,HLA-DQA10301-DQB10302,0,HLA-DQA1*03:01/DQB1*03:02,YNYHERRFATVLHIVYFGLTYYAVRTETVHLETT,0.17076516
567,567,PTSRGGASVEETDQSH,Negative,HLA-DQA10301-DQB10302,0,HLA-DQA1*03:01/DQB1*03:02,YNYHERRFATVLHIVYFGLTYYAVRTETVHLETT,0.00015854836
568,568,LALETIDINKDPYFMK,Negative,HLA-DQA10301-DQB10302,0,HLA-DQA1*03:01/DQB1*03:02,YNYHERRFATVLHIVYFGLTYYAVRTETVHLETT,0.0062403083
569,569,LPFIITALATLHLLF,Negative,HLA-DQA10301-DQB10302,0,HLA-DQA1*03:01/DQB1*03:02,YNYHERRFATVLHIVYFGLTYYAVRTETVHLETT,0.072734684
570,570,GLLTSQNLPLLLLDL,Negative,HLA-DQA10301-DQB10302,0,HLA-DQA1*03:01/DQB1*03:02,YNYHERRFATVLHIVYFGLTYYAVRTETVHLETT,0.14333391
571,571,PNEREERVMDGLLVI,Negative,HLA-DQA10301-DQB10302,0,HLA-DQA1*03:01/DQB1*03:02,YNYHERRFATVLHIVYFGLTYYAVRTETVHLETT,0.008693159
572,572,EWSNSSDPLLVSV,Negative,HLA-DQA10301-DQB10302,0,HLA-DQA1*03:01/DQB1*03:02,YNYHERRFATVLHIVYFGLTYYAVRTETVHLETT,0.0022999346
573,573,VEHLKVKQEPTDIQLQP,Negative,HLA-DQA10301-DQB10302,0,HLA-DQA1*03:01/DQB1*03:02,YNYHERRFATVLHIVYFGLTYYAVRTETVHLETT,0.0005721748
574,574,ISPSLNVSLLLTLSILSI,Negative,HLA-DQA10301-DQB10302,0,HLA-DQA1*03:01/DQB1*03:02,YNYHERRFATVLHIVYFGLTYYAVRTETVHLETT,0.022102058
575,575,EVCAGDSGPGAAPEAGGAG,Negative,HLA-DQA10301-DQB10302,0,HLA-DQA1*03:01/DQB1*03:02,YNYHERRFATVLHIVYFGLTYYAVRTETVHLETT,0.0061692894
576,576,EDSEVIEPPSLPQLQT,Negative,HLA-DQA10301-DQB10302,0,HLA-DQA1*03:01/DQB1*03:02,YNYHERRFATVLHIVYFGLTYYAVRTETVHLETT,0.0019977689
577,577,RDSESWDHSGGAGDSS,Negative,HLA-DQA10301-DQB10302,0,HLA-DQA1*03:01/DQB1*03:02,YNYHERRFATVLHIVYFGLTYYAVRTETVHLETT,1.8188075e-05
578,578,IFENLWFSCATDSLGV,Negative,HLA-DQA10301-DQB10302,0,HLA-DQA1*03:01/DQB1*03:02,YNYHERRFATVLHIVYFGLTYYAVRTETVHLETT,0.028963983
579,579,RVTITADESTGTAYLE,Negative,HLA-DQA10301-DQB10302,0,HLA-DQA1*03:01/DQB1*03:02,YNYHERRFATVLHIVYFGLTYYAVRTETVHLETT,0.041653663
580,580,LSYFDRRSFENKPPAH,Negative,HLA-DQA10301-DQB10302,0,HLA-DQA1*03:01/DQB1*03:02,YNYHERRFATVLHIVYFGLTYYAVRTETVHLETT,0.005115062
581,581,VFNYGVETHEAYKQRS,Negative,HLA-DQA10301-DQB10302,0,HLA-DQA1*03:01/DQB1*03:02,YNYHERRFATVLHIVYFGLTYYAVRTETVHLETT,0.037383527
582,582,ISSHYWTWIRQPPGKG,Negative,HLA-DQA10301-DQB10302,0,HLA-DQA1*03:01/DQB1*03:02,YNYHERRFATVLHIVYFGLTYYAVRTETVHLETT,0.0054195523
583,583,ANGGQAFLAEVPDSE,Negative,HLA-DQA10301-DQB10302,0,HLA-DQA1*03:01/DQB1*03:02,YNYHERRFATVLHIVYFGLTYYAVRTETVHLETT,0.12108272
584,584,ADFAGRPEPLTYKLV,Negative,HLA-DQA10301-DQB10302,0,HLA-DQA1*03:01/DQB1*03:02,YNYHERRFATVLHIVYFGLTYYAVRTETVHLETT,0.045351803
585,585,GIFVEGVEPGSKAAD,Negative,HLA-DQA10301-DQB10302,0,HLA-DQA1*03:01/DQB1*03:02,YNYHERRFATVLHIVYFGLTYYAVRTETVHLETT,0.06962857
586,586,MPFSSSSLSCLNL,Negative,HLA-DQA10301-DQB10302,0,HLA-DQA1*03:01/DQB1*03:02,YNYHERRFATVLHIVYFGLTYYAVRTETVHLETT,0.040386826
587,587,SVNASPKTALTGPTEGA,Negative,HLA-DQA10301-DQB10302,0,HLA-DQA1*03:01/DQB1*03:02,YNYHERRFATVLHIVYFGLTYYAVRTETVHLETT,0.04230553
588,588,HPQPSATPTGQQQSQHGG,Negative,HLA-DQA10301-DQB10302,0,HLA-DQA1*03:01/DQB1*03:02,YNYHERRFATVLHIVYFGLTYYAVRTETVHLETT,1.5281273e-07
589,589,AAVCRECLQALEFLHSNQV,Negative,HLA-DQA10301-DQB10302,0,HLA-DQA1*03:01/DQB1*03:02,YNYHERRFATVLHIVYFGLTYYAVRTETVHLETT,0.30304626
590,590,DREVGIPPEQSLETAK,Negative,HLA-DQA10301-DQB10302,0,HLA-DQA1*03:01/DQB1*03:02,YNYHERRFATVLHIVYFGLTYYAVRTETVHLETT,0.00026983023
591,591,SATITVTNTAIATATV,Negative,HLA-DQA10301-DQB10302,0,HLA-DQA1*03:01/DQB1*03:02,YNYHERRFATVLHIVYFGLTYYAVRTETVHLETT,0.028713763
592,592,PFPTSRDPLPSVPPTT,Negative,HLA-DQA10301-DQB10302,0,HLA-DQA1*03:01/DQB1*03:02,YNYHERRFATVLHIVYFGLTYYAVRTETVHLETT,0.00010184645
593,593,RAEYVRLAINYRLHEF,Negative,HLA-DQA10301-DQB10302,0,HLA-DQA1*03:01/DQB1*03:02,YNYHERRFATVLHIVYFGLTYYAVRTETVHLETT,0.006578654
594,594,PATLAATTAAAATSFS,Negative,HLA-DQA10301-DQB10302,0,HLA-DQA1*03:01/DQB1*03:02,YNYHERRFATVLHIVYFGLTYYAVRTETVHLETT,0.0011042655
595,595,QRVTISCSGSSSNIGS,Negative,HLA-DQA10301-DQB10302,0,HLA-DQA1*03:01/DQB1*03:02,YNYHERRFATVLHIVYFGLTYYAVRTETVHLETT,0.0006098449
596,596,DEGWVPLEIMIKFNRL,Negative,HLA-DQA10301-DQB10302,0,HLA-DQA1*03:01/DQB1*03:02,YNYHERRFATVLHIVYFGLTYYAVRTETVHLETT,0.00138098
597,597,LEPLGTLGYCGAVGL,Negative,HLA-DQA10301-DQB10302,0,HLA-DQA1*03:01/DQB1*03:02,YNYHERRFATVLHIVYFGLTYYAVRTETVHLETT,0.088781
598,598,ETLIISKSSSMFHIM,Negative,HLA-DQA10301-DQB10302,0,HLA-DQA1*03:01/DQB1*03:02,YNYHERRFATVLHIVYFGLTYYAVRTETVHLETT,0.040242404
599,599,RAAVDTYCRHNYGVV,Negative,HLA-DQA10301-DQB10302,0,HLA-DQA1*03:01/DQB1*03:02,YNYHERRFATVLHIVYFGLTYYAVRTETVHLETT,0.0014024675
600,600,EQKTSEFSRRVAE,Negative,HLA-DQA10301-DQB10302,0,HLA-DQA1*03:01/DQB1*03:02,YNYHERRFATVLHIVYFGLTYYAVRTETVHLETT,4.648303e-05
601,601,VEELFKLLKEGHRMDKP,Negative,HLA-DQA10301-DQB10302,0,HLA-DQA1*03:01/DQB1*03:02,YNYHERRFATVLHIVYFGLTYYAVRTETVHLETT,0.0012134016
602,602,RAYLEGTCVEWLRRYLEN,Negative,HLA-DQA10301-DQB10302,0,HLA-DQA1*03:01/DQB1*03:02,YNYHERRFATVLHIVYFGLTYYAVRTETVHLETT,0.0023789406
603,603,DRVDLGTLRGYYNQSEAGS,Negative,HLA-DQA10301-DQB10302,0,HLA-DQA1*03:01/DQB1*03:02,YNYHERRFATVLHIVYFGLTYYAVRTETVHLETT,0.00070118904
604,604,VGPDGRLLRGHNQYAY,Negative,HLA-DQA10301-DQB10302,0,HLA-DQA1*03:01/DQB1*03:02,YNYHERRFATVLHIVYFGLTYYAVRTETVHLETT,0.0011391044
605,605,VHLNCALWSTEVYETQ,Negative,HLA-DQA10301-DQB10302,0,HLA-DQA1*03:01/DQB1*03:02,YNYHERRFATVLHIVYFGLTYYAVRTETVHLETT,0.06194374
606,606,WTAADTAAQITQRKWE,Negative,HLA-DQA10301-DQB10302,0,HLA-DQA1*03:01/DQB1*03:02,YNYHERRFATVLHIVYFGLTYYAVRTETVHLETT,4.5190296e-05
607,607,TIPIVGIVAGLAVLAV,Negative,HLA-DQA10301-DQB10302,0,HLA-DQA1*03:01/DQB1*03:02,YNYHERRFATVLHIVYFGLTYYAVRTETVHLETT,0.003430009
608,608,QTLSTGEPLELPELGC,Negative,HLA-DQA10301-DQB10302,0,HLA-DQA1*03:01/DQB1*03:02,YNYHERRFATVLHIVYFGLTYYAVRTETVHLETT,0.023080021
609,609,PILPPHLLQVILNKDT,Negative,HLA-DQA10301-DQB10302,0,HLA-DQA1*03:01/DQB1*03:02,YNYHERRFATVLHIVYFGLTYYAVRTETVHLETT,0.0017450154
610,610,STPLQQWRQGEYKCVV,Negative,HLA-DQA10301-DQB10302,0,HLA-DQA1*03:01/DQB1*03:02,YNYHERRFATVLHIVYFGLTYYAVRTETVHLETT,4.0852476e-05
611,611,GDPKGAMITHQNIVS,Negative,HLA-DQA10301-DQB10302,0,HLA-DQA1*03:01/DQB1*03:02,YNYHERRFATVLHIVYFGLTYYAVRTETVHLETT,0.29507554
612,612,GGYSVDSPTLTRFFT,Negative,HLA-DQA10301-DQB10302,0,HLA-DQA1*03:01/DQB1*03:02,YNYHERRFATVLHIVYFGLTYYAVRTETVHLETT,0.023021579
613,613,LPILPNADDYFLLRW,Negative,HLA-DQA10301-DQB10302,0,HLA-DQA1*03:01/DQB1*03:02,YNYHERRFATVLHIVYFGLTYYAVRTETVHLETT,0.0018514097
614,614,YAFNGTQRFLERY,Negative,HLA-DQA10301-DQB10302,0,HLA-DQA1*03:01/DQB1*03:02,YNYHERRFATVLHIVYFGLTYYAVRTETVHLETT,0.00031676888
615,615,PSGNLARNSSFSQQQFA,Negative,HLA-DQA10301-DQB10302,0,HLA-DQA1*03:01/DQB1*03:02,YNYHERRFATVLHIVYFGLTYYAVRTETVHLETT,0.00021123886
616,616,LLCTECYSNECSSKCFHC,Negative,HLA-DQA10301-DQB10302,0,HLA-DQA1*03:01/DQB1*03:02,YNYHERRFATVLHIVYFGLTYYAVRTETVHLETT,0.00229007
617,617,YLEGECVDGLRRYLENGKD,Negative,HLA-DQA10301-DQB10302,0,HLA-DQA1*03:01/DQB1*03:02,YNYHERRFATVLHIVYFGLTYYAVRTETVHLETT,0.049332052
618,618,LPNFSSLNLRETNLDSLPL,Positive,HLA-DPA10103-DPB10401,1,HLA-DPA1*01:03/DPB1*04:01,YAFFMFSGGAILNTLFGQFEYFAIEKVRMHLGMT,0.1608856
619,619,RSQPHTKPSVFVMKNGTNV,Negative,HLA-DPA10103-DPB10401,0,HLA-DPA1*01:03/DPB1*04:01,YAFFMFSGGAILNTLFGQFEYFAIEKVRMHLGMT,0.48388398
620,620,ASLGTQPDLGSALYQENYK,Negative,HLA-DPA10103-DPB10401,0,HLA-DPA1*01:03/DPB1*04:01,YAFFMFSGGAILNTLFGQFEYFAIEKVRMHLGMT,0.00028383732
621,621,VTLSCSSRSSYDMYHLSRE,Negative,HLA-DPA10103-DPB10401,0,HLA-DPA1*01:03/DPB1*04:01,YAFFMFSGGAILNTLFGQFEYFAIEKVRMHLGMT,0.00011221716
622,622,RFSCDVAEGKYKEKGIPAL,Negative,HLA-DPA10103-DPB10401,0,HLA-DPA1*01:03/DPB1*04:01,YAFFMFSGGAILNTLFGQFEYFAIEKVRMHLGMT,0.0013858378
623,623,QRRVEPTVTISPSRTEALN,Negative,HLA-DPA10103-DPB10401,0,HLA-DPA1*01:03/DPB1*04:01,YAFFMFSGGAILNTLFGQFEYFAIEKVRMHLGMT,0.00020363927
624,624,GNIPLMKAAFKRSCLKHHPD,Negative,DRB5_0101,0,HLA-DRB5*01:01,QEFFIASGAAVDAIMQDYFHDYDFDRATYHVGFT,0.78470206
625,625,INGKVCGQCENKAALLVCLE,Negative,DRB5_0101,0,HLA-DRB5*01:01,QEFFIASGAAVDAIMQDYFHDYDFDRATYHVGFT,0.063824475
626,626,KIYTEEKPYKCEEYNKSPKQ,Negative,DRB5_0101,0,HLA-DRB5*01:01,QEFFIASGAAVDAIMQDYFHDYDFDRATYHVGFT,0.026467383
627,627,TAEQLLREAKERELELLPPP,Negative,DRB5_0101,0,HLA-DRB5*01:01,QEFFIASGAAVDAIMQDYFHDYDFDRATYHVGFT,0.002824396
628,628,HRVDLGTLRGYYNQSEAGSH,Negative,DRB5_0101,0,HLA-DRB5*01:01,QEFFIASGAAVDAIMQDYFHDYDFDRATYHVGFT,0.00021886826
629,629,GLRRDVLLGECETPLIALLP,Negative,DRB5_0101,0,HLA-DRB5*01:01,QEFFIASGAAVDAIMQDYFHDYDFDRATYHVGFT,0.012937278
630,630,ATRAGLQVRKNKRRRGCPIL,Positive,DRB1_1302,1,HLA-DRB1*13:02,QEFFIASGAAVDAIMESSFDYFDIDEATYHVGFT,0.98274887
631,631,ATRAGLQVRKNKRRR,Positive,DRB1_1302,1,HLA-DRB1*13:02,QEFFIASGAAVDAIMESSFDYFDIDEATYHVGFT,0.9323462
632,632,AGLQVRKNKRRRGCP,Positive,DRB1_1302,1,HLA-DRB1*13:02,QEFFIASGAAVDAIMESSFDYFDIDEATYHVGFT,0.89199734
633,633,LQVRKNKRRRGCPIL,Positive,DRB1_1302,1,HLA-DRB1*13:02,QEFFIASGAAVDAIMESSFDYFDIDEATYHVGFT,0.04546389
634,634,QADRVSLRNLRGYYN,Negative,DRB1_1302,0,HLA-DRB1*13:02,QEFFIASGAAVDAIMESSFDYFDIDEATYHVGFT,0.0013414621
635,635,GRFLRGYRQDAYDGK,Negative,DRB1_1302,0,HLA-DRB1*13:02,QEFFIASGAAVDAIMESSFDYFDIDEATYHVGFT,0.0010938644
636,636,SAGSSSSYGQHGSGS,Negative,DRB1_1302,0,HLA-DRB1*13:02,QEFFIASGAAVDAIMESSFDYFDIDEATYHVGFT,0.00023391843
637,637,RRSPPPSLAKQKQKQVTDMM,Negative,DRB1_1302,0,HLA-DRB1*13:02,QEFFIASGAAVDAIMESSFDYFDIDEATYHVGFT,0.020746708
638,638,MEELQAQLEKELEGG,Negative,DRB1_1302,0,HLA-DRB1*13:02,QEFFIASGAAVDAIMESSFDYFDIDEATYHVGFT,0.2155025
639,639,SVTAADTAVYFCARG,Negative,DRB1_1302,0,HLA-DRB1*13:02,QEFFIASGAAVDAIMESSFDYFDIDEATYHVGFT,7.4908174e-05
640,640,FAGLFSQLPSQVVKP,Negative,DRB1_1302,0,HLA-DRB1*13:02,QEFFIASGAAVDAIMESSFDYFDIDEATYHVGFT,0.0033302307
641,641,GSNQEIRRQKERITEQPLKE,Negative,DRB1_1302,0,HLA-DRB1*13:02,QEFFIASGAAVDAIMESSFDYFDIDEATYHVGFT,0.028991848
642,642,EDLRSWTAADTAAQI,Negative,DRB1_1302,0,HLA-DRB1*13:02,QEFFIASGAAVDAIMESSFDYFDIDEATYHVGFT,0.0010402799
643,643,LNLHTDVGSVRMRRP,Negative,DRB1_1302,0,HLA-DRB1*13:02,QEFFIASGAAVDAIMESSFDYFDIDEATYHVGFT,0.90939295
644,644,LNEITESGRIGFGSF,Negative,DRB1_1302,0,HLA-DRB1*13:02,QEFFIASGAAVDAIMESSFDYFDIDEATYHVGFT,0.00036212802
645,645,TVTISPSRTEALNHHNLLIC,Negative,DRB1_1302,0,HLA-DRB1*13:02,QEFFIASGAAVDAIMESSFDYFDIDEATYHVGFT,0.03777474
646,646,EELRSHHILERLDAH,Negative,DRB1_1302,0,HLA-DRB1*13:02,QEFFIASGAAVDAIMESSFDYFDIDEATYHVGFT,0.02409184
647,647,QIKELEEKFLFLFLF,Negative,DRB1_1302,0,HLA-DRB1*13:02,QEFFIASGAAVDAIMESSFDYFDIDEATYHVGFT,0.0882324
648,648,DLNFGDWKCIWHCKT,Negative,DRB1_1302,0,HLA-DRB1*13:02,QEFFIASGAAVDAIMESSFDYFDIDEATYHVGFT,0.0027381778
649,649,SGQEQRYTCHMQHEGLQEPL,Negative,DRB1_1302,0,HLA-DRB1*13:02,QEFFIASGAAVDAIMESSFDYFDIDEATYHVGFT,0.060584724
650,650,AHLSAVLLFYIPMIL,Negative,DRB1_1302,0,HLA-DRB1*13:02,QEFFIASGAAVDAIMESSFDYFDIDEATYHVGFT,0.05083841
651,651,QLTKELQQHVKSVTC,Negative,DRB1_1302,0,HLA-DRB1*13:02,QEFFIASGAAVDAIMESSFDYFDIDEATYHVGFT,8.172884e-05
652,652,YGCDVGPDGRLLRGH,Negative,DRB1_1302,0,HLA-DRB1*13:02,QEFFIASGAAVDAIMESSFDYFDIDEATYHVGFT,0.0056093633
653,653,IRNLEDSLFTLQSQLQLLQS,Negative,DRB1_1302,0,HLA-DRB1*13:02,QEFFIASGAAVDAIMESSFDYFDIDEATYHVGFT,0.07516053
