Description,Method/Technique,Qualitative Measure,Allele Name,Number of Subjects Tested,Number of Subjects Responded,Response Frequency,length,Allele Name1,sequence
VLKNFTLEGKVANDK,3H-thymidine,Negative,HLA-DRB1*04:01,1,1,100,15,DRB1_0401,QEFFIASGAAVDAIMEVHFDYYDLQKATYHVGFT
VLKDFTLEGTLAADG,3H-thymidine,Negative,HLA-DRB1*04:01,1,1,100,15,DRB1_0401,QEFFIASGAAVDAIMEVHFDYYDLQKATYHVGFT
DRLEQLAGNLRENIELG,3H-thymidine,Positive,HLA-DRB1*08:01,1,1,100,17,DRB1_0801,QEFFIASGAAVDAIMESGFDYYSFDRLTYHVGFT
HQSLVIKLMPNITLL,3H-thymidine,Positive,HLA-DRB1*01:01,13,8,61.5,15,DRB1_0101,QEFFIASGAAVDAIMWLFLECYDLQRATYHVGFT
CPKYVKQNTLKLATGMRNV,3H-thymidine,Positive,HLA-DRB1*01:01,8,8,100,19,DRB1_0101,QEFFIASGAAVDAIMWLFLECYDLQRATYHVGFT
YDVPDYASLRSLVASS,3H-thymidine,Positive,HLA-DRB1*01:01,2,2,100,16,DRB1_0101,QEFFIASGAAVDAIMWLFLECYDLQRATYHVGFT
SPVFTDNSSPPVVPQSFQVA,3H-thymidine,Positive,HLA-DRB1*11:01,1,1,100,20,DRB1_1101,QEFFIASGAAVDAIMESSFDYFDFDRATYHVGFT
GFATQRLTSLFALGPSQK,3H-thymidine,Positive,HLA-DRB1*11:01,1,1,100,18,DRB1_1101,QEFFIASGAAVDAIMESSFDYFDFDRATYHVGFT
GFATQRLTSLFALGPSQK,3H-thymidine,Positive,HLA-DRB1*01:01,1,1,100,18,DRB1_0101,QEFFIASGAAVDAIMWLFLECYDLQRATYHVGFT
VVLSGKPAIIPDREVLYREF,3H-thymidine,Positive,HLA-DRB1*03:01,1,1,100,20,DRB1_0301,QEFFIASGAAVDAIMESSYDYFDLQKRNYHVVFT
IAPAVQTNWQKLETFWAKHM,3H-thymidine,Positive,HLA-DRB3*02:02,1,1,100,20,DRB3_0202,QEFFIASGAAVDAIMELSFEHYDLQKQNYHVGFT
IELGGKPALVPDKEVLYQQY,3H-thymidine,Positive,HLA-DRB1*03:01,1,1,100,20,DRB1_0301,QEFFIASGAAVDAIMESSYDYFDLQKRNYHVVFT
IEPIVATNWQKLEAFWHKHM,3H-thymidine,Positive,HLA-DRB3*02:02,1,1,100,20,DRB3_0202,QEFFIASGAAVDAIMELSFEHYDLQKQNYHVGFT
LQVPSPSMGRDIKVQFQSGG,3H-thymidine,Positive,HLA-DRB1*03:01,3,3,100,20,DRB1_0301,QEFFIASGAAVDAIMESSYDYFDLQKRNYHVVFT
GRHLIFCHSKKKCDELATKL,3H-thymidine,Positive,HLA-DRB1*15:01,20,9,45,20,DRB1_1501,QEFFIASGAAVDAIMWPRFDYFDIQAATYHVVFT
KLVAMGINAVAYYRGLDVSV,3H-thymidine,Positive,HLA-DRB1*15:01,20,8,40,20,DRB1_1501,QEFFIASGAAVDAIMWPRFDYFDIQAATYHVVFT
TTVRLRAYMNTPGLPVCQDH,3H-thymidine,Positive,HLA-DRB1*07:01,20,8,40,20,DRB1_0701,QEFFIASGAAVDAIMWGYFELYVIDRQTVHVGFT
MWNFISGIQYLAGLSTLPGN,3H-thymidine,Positive,HLA-DRB1*11:01,20,6,30,20,DRB1_1101,QEFFIASGAAVDAIMESSFDYFDFDRATYHVGFT
YLVAYQATVCARAQAPPPSW,3H-thymidine,Positive,HLA-DRB1*15:01,20,10,50,20,DRB1_1501,QEFFIASGAAVDAIMWPRFDYFDIQAATYHVVFT
DHAREVKEKKRIMNDKKLIR,3H-thymidine,Positive,HLA-DRB1*13:01,2,2,100,20,DRB1_1301,QEFFIASGAAVDAIMESSFDYFDIDEATYHVVFT
RIMNDKKLIRMLFDTYEYVK,3H-thymidine,Positive,HLA-DRB1*13:01,3,2,66.7,20,DRB1_1301,QEFFIASGAAVDAIMESSFDYFDIDEATYHVVFT
PSGLVIPENAKEKPQ,3H-thymidine,Positive,HLA-DRB5*01:01,12,5,41.7,15,DRB5_0101,QEFFIASGAAVDAIMQDYFHDYDFDRATYHVGFT
LVIPENAKEKPQEGT,3H-thymidine,Positive,HLA-DRB5*01:01,12,6,50,15,DRB5_0101,QEFFIASGAAVDAIMQDYFHDYDFDRATYHVGFT
EGTVVAVGPGRWDED,3H-thymidine,Positive,HLA-DRB5*01:01,12,1,8.3,15,DRB5_0101,QEFFIASGAAVDAIMQDYFHDYDFDRATYHVGFT
AYRPPNAPILSTLPE,3H-thymidine,Negative,HLA-DRB1*01:01,1,0,0,15,DRB1_0101,QEFFIASGAAVDAIMWLFLECYDLQRATYHVGFT
PAPQAPYQGYQEPPAPQAPY,3H-thymidine,Positive,HLA-DRB1*04:01,2,2,100,20,DRB1_0401,QEFFIASGAAVDAIMEVHFDYYDLQKATYHVGFT
PAPQAPYQGYQEPPAPQAPY,3H-thymidine,Positive,HLA-DRB1*01:01,3,3,100,20,DRB1_0101,QEFFIASGAAVDAIMWLFLECYDLQRATYHVGFT
SYLKDSDFLDAAL,3H-thymidine,Positive,HLA-DRB1*04:05,1,1,100,13,DRB1_0405,QEFFIASGAAVDAIMEVHFDYYSLQRATYHVGFT
LRPVGAAAVPLLSAGGLVSP,3H-thymidine,Positive,HLA-DRB1*07:01,1,1,100,20,DRB1_0701,QEFFIASGAAVDAIMWGYFELYVIDRQTVHVGFT
KENIIDLTKIDRCFQL,3H-thymidine,Positive,HLA-DRB1*03:01,10,1,10,16,DRB1_0301,QEFFIASGAAVDAIMESSYDYFDLQKRNYHVVFT
FMAVLLTLQTPTGQI,3H-thymidine,Positive,HLA-DRB1*01:01,13,1,7.7,15,DRB1_0101,QEFFIASGAAVDAIMWLFLECYDLQRATYHVGFT
IKLMPNITLLNNCTR,3H-thymidine,Positive,HLA-DRB1*01:01,13,5,38.5,15,DRB1_0101,QEFFIASGAAVDAIMWLFLECYDLQRATYHVGFT
NNCTRVEIAEYRRLL,3H-thymidine,Negative,HLA-DRB1*01:01,13,0,0,15,DRB1_0101,QEFFIASGAAVDAIMWLFLECYDLQRATYHVGFT
VEIAEYRRLLRTVLE,3H-thymidine,Positive,HLA-DRB1*01:01,13,2,15.4,15,DRB1_0101,QEFFIASGAAVDAIMWLFLECYDLQRATYHVGFT
YRRLLRTVLEPIRDA,3H-thymidine,Positive,HLA-DRB1*01:01,13,2,15.4,15,DRB1_0101,QEFFIASGAAVDAIMWLFLECYDLQRATYHVGFT
ATAAQITAGIALHQS,3H-thymidine,Negative,HLA-DRB1*01:01,13,0,0,15,DRB1_0101,QEFFIASGAAVDAIMWLFLECYDLQRATYHVGFT
MILAVQGVQDYINNE,3H-thymidine,Positive,HLA-DRB1*01:01,13,2,15.4,15,DRB1_0101,QEFFIASGAAVDAIMWLFLECYDLQRATYHVGFT
YINNELIPSMNQLSC,3H-thymidine,Positive,HLA-DRB1*01:01,13,3,23.1,15,DRB1_0101,QEFFIASGAAVDAIMWLFLECYDLQRATYHVGFT
TEILSLFGPSLRDPI,3H-thymidine,Positive,HLA-DRB1*01:01,13,6,46.2,15,DRB1_0101,QEFFIASGAAVDAIMWLFLECYDLQRATYHVGFT
LRDPISAEISIQALS,3H-thymidine,Positive,HLA-DRB1*01:01,13,1,7.7,15,DRB1_0101,QEFFIASGAAVDAIMWLFLECYDLQRATYHVGFT
SAEISIQALSYALGG,3H-thymidine,Positive,HLA-DRB1*01:01,13,2,15.4,15,DRB1_0101,QEFFIASGAAVDAIMWLFLECYDLQRATYHVGFT
LLGILESRGIKARIT,3H-thymidine,Positive,HLA-DRB1*01:01,13,1,7.7,15,DRB1_0101,QEFFIASGAAVDAIMWLFLECYDLQRATYHVGFT
HVDTESYFIVLSIAY,3H-thymidine,Negative,HLA-DRB1*01:01,13,0,0,15,DRB1_0101,QEFFIASGAAVDAIMWLFLECYDLQRATYHVGFT
SYFIVLSIAYPTLSE,3H-thymidine,Negative,HLA-DRB1*01:01,13,0,0,15,DRB1_0101,QEFFIASGAAVDAIMWLFLECYDLQRATYHVGFT
LSIAYPTLSEIKGVI,3H-thymidine,Negative,HLA-DRB1*01:01,13,0,0,15,DRB1_0101,QEFFIASGAAVDAIMWLFLECYDLQRATYHVGFT
PTLSEIKGVIVHRLE,3H-thymidine,Positive,HLA-DRB1*01:01,13,1,7.7,15,DRB1_0101,QEFFIASGAAVDAIMWLFLECYDLQRATYHVGFT
IKGVIVHRLEGVSYN,3H-thymidine,Positive,HLA-DRB1*01:01,13,2,15.4,15,DRB1_0101,QEFFIASGAAVDAIMWLFLECYDLQRATYHVGFT
PKYVATQGYLISNFD,3H-thymidine,Negative,HLA-DRB1*01:01,13,0,0,15,DRB1_0101,QEFFIASGAAVDAIMWLFLECYDLQRATYHVGFT
ESSCTFMPEGTVCSQ,3H-thymidine,Negative,HLA-DRB1*01:01,13,0,0,15,DRB1_0101,QEFFIASGAAVDAIMWLFLECYDLQRATYHVGFT
"NALYPMSPLLQECLR",3H-thymidine,Negative,HLA-DRB1*01:01,13,0,0,15,DRB1_0101,QEFFIASGAAVDAIMWLFLECYDLQRATYHVGFT
GNRFILSQGNLIANC,3H-thymidine,Negative,HLA-DRB1*01:01,13,0,0,15,DRB1_0101,QEFFIASGAAVDAIMWLFLECYDLQRATYHVGFT
LSQGNLIANCASILC,3H-thymidine,Positive,HLA-DRB1*01:01,13,2,15.4,15,DRB1_0101,QEFFIASGAAVDAIMWLFLECYDLQRATYHVGFT
GTIINQDPDKILTYI,3H-thymidine,Positive,HLA-DRB1*01:01,13,2,15.4,15,DRB1_0101,QEFFIASGAAVDAIMWLFLECYDLQRATYHVGFT
AIAKLEDAKELLESS,3H-thymidine,Negative,HLA-DRB1*01:01,13,0,0,15,DRB1_0101,QEFFIASGAAVDAIMWLFLECYDLQRATYHVGFT
DQILRSMKGLSSTSI,3H-thymidine,Negative,HLA-DRB1*01:01,13,0,0,15,DRB1_0101,QEFFIASGAAVDAIMWLFLECYDLQRATYHVGFT
VYILIAVCLGGLIGI,3H-thymidine,Positive,HLA-DRB1*01:01,13,1,7.7,15,DRB1_0101,QEFFIASGAAVDAIMWLFLECYDLQRATYHVGFT
AVCLGGLIGIPALIC,3H-thymidine,Negative,HLA-DRB1*01:01,13,0,0,15,DRB1_0101,QEFFIASGAAVDAIMWLFLECYDLQRATYHVGFT
DKFKTFEAAFTSSSKAAAA,3H-thymidine,Positive,HLA-DRB1*01:01,3,2,66.7,19,DRB1_0101,QEFFIASGAAVDAIMWLFLECYDLQRATYHVGFT
LKAMTADQEVPEKPDS,3H-thymidine,Negative,HLA-DRB1*03:01,4,0,0,16,DRB1_0301,QEFFIASGAAVDAIMESSYDYFDLQKRNYHVVFT
DSVTPMILKAQKGGNL,3H-thymidine,Positive,HLA-DRB1*01:01,4,2,50,16,DRB1_0101,QEFFIASGAAVDAIMWLFLECYDLQRATYHVGFT
QNITVVLHKTSEPGKY,3H-thymidine,Negative,HLA-DRB1*04:01,4,0,0,16,DRB1_0401,QEFFIASGAAVDAIMEVHFDYYDLQKATYHVGFT
ITVVLHKTSEPGKYTA,3H-thymidine,Negative,HLA-DRB1*04:01,4,0,0,16,DRB1_0401,QEFFIASGAAVDAIMEVHFDYYDLQKATYHVGFT
NQEILELAQSETCSPG,3H-thymidine,Negative,HLA-DRB1*04:01,4,0,0,16,DRB1_0401,QEFFIASGAAVDAIMEVHFDYYDLQKATYHVGFT
EILELAQSETCSPGGQ,3H-thymidine,Negative,HLA-DRB1*04:01,4,0,0,16,DRB1_0401,QEFFIASGAAVDAIMEVHFDYYDLQKATYHVGFT
TDYKKYLLFCMENSAEPEQSL,3H-thymidine,Positive,HLA-DRB1*04:05,5,4,80,21,DRB1_0405,QEFFIASGAAVDAIMEVHFDYYSLQRATYHVGFT
SLLDAQSAPLRVYVEELK,3H-thymidine,Positive,HLA-DRB1*04:05,5,1,20,18,DRB1_0405,QEFFIASGAAVDAIMEVHFDYYSLQRATYHVGFT
ALPMHIRLSFNPTQLEEQCHI,3H-thymidine,Positive,HLA-DRB1*14:01,5,1,20,21,DRB1_1401,QEFFIASGAAVDAIMESSFDYYALRRETYHVVFT
EPIAPYHFDLSGHAFGSMAK,3H-thymidine,Positive,HLA-DRB1*04:01,5,5,100,20,DRB1_0401,QEFFIASGAAVDAIMEVHFDYYDLQKATYHVGFT
VTYTNDCLLCAYSIEFGTN,3H-thymidine,Positive,HLA-DRB1*09:01,4,1,25,19,DRB1_0901,QEFFIASGAAVDAIMKDFYHGYVFRRETVHVGFT
DCLLCAYSIEFGTNISKEHD,3H-thymidine,Positive,HLA-DRB1*09:01,4,2,50,20,DRB1_0901,QEFFIASGAAVDAIMKDFYHGYVFRRETVHVGFT
NFCNAVVESNGTLTLSHFGKC,3H-thymidine,Positive,HLA-DRB1*09:01,4,2,50,21,DRB1_0901,QEFFIASGAAVDAIMKDFYHGYVFRRETVHVGFT
TWQGGSGMASHIIYE,3H-thymidine,Positive,HLA-DRB1*04:05,5,1,20,15,DRB1_0405,QEFFIASGAAVDAIMEVHFDYYSLQRATYHVGFT
SELDLRSLRTVTPIRMQGG,3H-thymidine,Positive,HLA-DQA1*01:02/DQB1*06:02,6,1,16.7,19,HLA-DQA10102-DQB10602,CNYHQGGGARVAHIMFFGLTYYDVGTETVHVAGI
RSLRTVTPIRMQGGCGSCWAF,3H-thymidine,Positive,HLA-DQA1*01:02/DQB1*06:02,6,2,33.3,21,HLA-DQA10102-DQB10602,CNYHQGGGARVAHIMFFGLTYYDVGTETVHVAGI
DTIPRGIEYIQQNGVVEERS,3H-thymidine,Positive,HLA-DRB1*14:01,6,3,50,20,DRB1_1401,QEFFIASGAAVDAIMESSFDYYALRRETYHVVFT
QAGNNLMMIEQYPYVVIM,3H-thymidine,Positive,HLA-DRB1*04:05,6,4,66.7,18,DRB1_0405,QEFFIASGAAVDAIMEVHFDYYSLQRATYHVGFT
QAGNNLMMIEQYPYVVIM,3H-thymidine,Positive,HLA-DQA1*01:02/DQB1*06:02,6,4,66.7,18,HLA-DQA10102-DQB10602,CNYHQGGGARVAHIMFFGLTYYDVGTETVHVAGI
NRRGLDLLFWEQGGLCKALQE,3H-thymidine,Positive,HLA-DRB1*01:01,4,3,75,21,DRB1_0101,QEFFIASGAAVDAIMWLFLECYDLQRATYHVGFT
LAGEFGTLRAGRVANQ,3H-thymidine,Positive,HLA-DRB1*01:01,3,3,100,16,DRB1_0101,QEFFIASGAAVDAIMWLFLECYDLQRATYHVGFT
YTQINAASVGLRHKF,3H-thymidine,Positive,HLA-DRB1*01:01,3,3,100,15,DRB1_0101,QEFFIASGAAVDAIMWLFLECYDLQRATYHVGFT
DVSLYGEIKAGVEGRNIQ,3H-thymidine,Positive,HLA-DRB1*01:01,3,2,66.7,18,DRB1_0101,QEFFIASGAAVDAIMWLFLECYDLQRATYHVGFT
MQVDPSGQVQWPQQQPFPQP,3H-thymidine,Negative,HLA-DQA1*05:01/DQB1*02:01,3,0,0,20,HLA-DQA10501-DQB10201,YNYHQRXFATVLHSLYFGLSSFAIRKARVHLETT
WPQQQPFPQPQQPFCQQPQR,3H-thymidine,Positive,HLA-DQA1*05:01/DQB1*02:01,3,2,66.7,20,HLA-DQA10501-DQB10201,YNYHQRXFATVLHSLYFGLSSFAIRKARVHLETT
QQPFCQQPQRTIPQPHQTFH,3H-thymidine,Negative,HLA-DQA1*05:01/DQB1*02:01,3,0,0,20,HLA-DQA10501-DQB10201,YNYHQRXFATVLHSLYFGLSSFAIRKARVHLETT
TIPQPHQTFHHQPQQTFPQP,3H-thymidine,Negative,HLA-DQA1*05:01/DQB1*02:01,3,0,0,20,HLA-DQA10501-DQB10201,YNYHQRXFATVLHSLYFGLSSFAIRKARVHLETT
HQPQQTFPQPQQTYPHQPQQ,3H-thymidine,Negative,HLA-DQA1*05:01/DQB1*02:01,3,0,0,20,HLA-DQA10501-DQB10201,YNYHQRXFATVLHSLYFGLSSFAIRKARVHLETT
QQTYPHQPQQQFPQTQQPQQ,3H-thymidine,Negative,HLA-DQA1*05:01/DQB1*02:01,3,0,0,20,HLA-DQA10501-DQB10201,YNYHQRXFATVLHSLYFGLSSFAIRKARVHLETT
QFPQTQQPQQPFPQPQQTFP,3H-thymidine,Positive,HLA-DQA1*05:01/DQB1*02:01,3,2,66.7,20,HLA-DQA10501-DQB10201,YNYHQRXFATVLHSLYFGLSSFAIRKARVHLETT
PFPQPQQTFPQQPQLPFPQQ,3H-thymidine,Positive,HLA-DQA1*05:01/DQB1*02:01,3,1,33.3,20,HLA-DQA10501-DQB10201,YNYHQRXFATVLHSLYFGLSSFAIRKARVHLETT
QQPQLPFPQQPQQPFPQPQQ,3H-thymidine,Negative,HLA-DQA1*05:01/DQB1*02:01,3,0,0,20,HLA-DQA10501-DQB10201,YNYHQRXFATVLHSLYFGLSSFAIRKARVHLETT
PQQPFPQPQQPQQPFPQSQQ,3H-thymidine,Positive,HLA-DQA1*05:01/DQB1*02:01,3,1,33.3,20,HLA-DQA10501-DQB10201,YNYHQRXFATVLHSLYFGLSSFAIRKARVHLETT
PQQPFPQSQQPQQPFPQPQQ,3H-thymidine,Negative,HLA-DQA1*05:01/DQB1*02:01,3,0,0,20,HLA-DQA10501-DQB10201,YNYHQRXFATVLHSLYFGLSSFAIRKARVHLETT
PQQPFPQPQQQFPQPQQPQQ,3H-thymidine,Positive,HLA-DQA1*05:01/DQB1*02:01,3,2,66.7,20,HLA-DQA10501-DQB10201,YNYHQRXFATVLHSLYFGLSSFAIRKARVHLETT
QFPQPQQPQQSFPQQQQPAI,3H-thymidine,Positive,HLA-DQA1*05:01/DQB1*02:01,3,1,33.3,20,HLA-DQA10501-DQB10201,YNYHQRXFATVLHSLYFGLSSFAIRKARVHLETT
SFPQQQQPAIQSFLQQQMNP,3H-thymidine,Negative,HLA-DQA1*05:01/DQB1*02:01,3,0,0,20,HLA-DQA10501-DQB10201,YNYHQRXFATVLHSLYFGLSSFAIRKARVHLETT
QSFLQQQMNPCKNFLLQQCN,3H-thymidine,Negative,HLA-DQA1*05:01/DQB1*02:01,3,0,0,20,HLA-DQA10501-DQB10201,YNYHQRXFATVLHSLYFGLSSFAIRKARVHLETT
CKNFLLQQCNHVSLVSSLVS,3H-thymidine,Negative,HLA-DQA1*05:01/DQB1*02:01,3,0,0,20,HLA-DQA10501-DQB10201,YNYHQRXFATVLHSLYFGLSSFAIRKARVHLETT
IILPRSDCQVMQQQCCQQLA,3H-thymidine,Negative,HLA-DQA1*05:01/DQB1*02:01,3,0,0,20,HLA-DQA10501-DQB10201,YNYHQRXFATVLHSLYFGLSSFAIRKARVHLETT
MQQQCCQQLAQIPQQLQCAA,3H-thymidine,Negative,HLA-DQA1*05:01/DQB1*02:01,3,0,0,20,HLA-DQA10501-DQB10201,YNYHQRXFATVLHSLYFGLSSFAIRKARVHLETT
QIPQQLQCAAIHSVAHSIIM,3H-thymidine,Negative,HLA-DQA1*05:01/DQB1*02:01,3,0,0,20,HLA-DQA10501-DQB10201,YNYHQRXFATVLHSLYFGLSSFAIRKARVHLETT
IHSVAHSIIMQQEQQQGVPI,3H-thymidine,Negative,HLA-DQA1*05:01/DQB1*02:01,3,0,0,20,HLA-DQA10501-DQB10201,YNYHQRXFATVLHSLYFGLSSFAIRKARVHLETT
QQEQQQGVPILRPLFQLAQG,3H-thymidine,Negative,HLA-DQA1*05:01/DQB1*02:01,3,0,0,20,HLA-DQA10501-DQB10201,YNYHQRXFATVLHSLYFGLSSFAIRKARVHLETT
LRPLFQLAQGLGIIQPQQPA,3H-thymidine,Positive,HLA-DQA1*05:01/DQB1*02:01,3,1,33.3,20,HLA-DQA10501-DQB10201,YNYHQRXFATVLHSLYFGLSSFAIRKARVHLETT
LGIIQPQQPAQLEGIRSLVL,3H-thymidine,Positive,HLA-DQA1*05:01/DQB1*02:01,3,1,33.3,20,HLA-DQA10501-DQB10201,YNYHQRXFATVLHSLYFGLSSFAIRKARVHLETT
PQPQLPYPQPQLPY,3H-thymidine,Positive,HLA-DQA1*05:01/DQB1*02:01,3,2,66.7,14,HLA-DQA10501-DQB10201,YNYHQRXFATVLHSLYFGLSSFAIRKARVHLETT
VRVPVPQLQPQNPSQQQPQ,3H-thymidine,Positive,HLA-DQA1*05:01/DQB1*02:01,1,1,100,19,HLA-DQA10501-DQB10201,YNYHQRXFATVLHSLYFGLSSFAIRKARVHLETT
QNPSQQQPQEQVPLVQQQ,3H-thymidine,Positive,HLA-DQA1*05:01/DQB1*02:01,1,1,100,18,HLA-DQA10501-DQB10201,YNYHQRXFATVLHSLYFGLSSFAIRKARVHLETT
QVPLVQQQQFLGQQQPFPPQ,3H-thymidine,Positive,HLA-DQA1*05:01/DQB1*02:01,1,1,100,20,HLA-DQA10501-DQB10201,YNYHQRXFATVLHSLYFGLSSFAIRKARVHLETT
LGQQQPFPPQQPYPQPQPF,3H-thymidine,Positive,HLA-DQA1*05:01/DQB1*02:01,1,1,100,19,HLA-DQA10501-DQB10201,YNYHQRXFATVLHSLYFGLSSFAIRKARVHLETT
QPYPQPQPFPSQQPYLQL,3H-thymidine,Negative,HLA-DQA1*05:01/DQB1*02:01,1,1,100,18,HLA-DQA10501-DQB10201,YNYHQRXFATVLHSLYFGLSSFAIRKARVHLETT
KNLLKIAQYAAQNRR,3H-thymidine,Positive,HLA-DRB1*09:01,4,1,25,15,DRB1_0901,QEFFIASGAAVDAIMKDFYHGYVFRRETVHVGFT
YHATYSLYLFPHWTK,3H-thymidine,Positive,HLA-DRB1*09:01,4,1,25,15,DRB1_0901,QEFFIASGAAVDAIMKDFYHGYVFRRETVHVGFT
SRLNINLHFSKCGFP,3H-thymidine,Positive,HLA-DRB1*09:01,4,1,25,15,DRB1_0901,QEFFIASGAAVDAIMKDFYHGYVFRRETVHVGFT
DPIWFLNTEPSQLPP,3H-thymidine,Positive,HLA-DRB1*09:01,4,1,25,15,DRB1_0901,QEFFIASGAAVDAIMKDFYHGYVFRRETVHVGFT
QHDVNFTQEVSRLNI,3H-thymidine,Positive,HLA-DRB1*09:01,4,1,25,15,DRB1_0901,QEFFIASGAAVDAIMKDFYHGYVFRRETVHVGFT
LDHILEPSIPWKSKL,3H-thymidine,Positive,HLA-DRB1*09:01,4,1,25,15,DRB1_0901,QEFFIASGAAVDAIMKDFYHGYVFRRETVHVGFT
GLDLLFWEQGGLCKA,3H-thymidine,Positive,HLA-DRB1*15:02,4,1,25,15,DRB1_1502,QEFFIASGAAVDAIMWPRFDYFDIQAATYHVGFT
FWEQGGLCKALQEQC,3H-thymidine,Positive,HLA-DQA1*03:02/DQB1*03:03,4,1,25,15,HLA-DQA10302-DQB10303,YNYHERRFATVLHIVYFGLTYYDVRTETVHLETT
ALLLLVILAGPCILR,3H-thymidine,Positive,HLA-DRB1*01:01,4,1,25,15,DRB1_0101,QEFFIASGAAVDAIMWLFLECYDLQRATYHVGFT
VILAGPCILRQLRHL,3H-thymidine,Positive,HLA-DRB1*01:01,4,1,25,15,DRB1_0101,QEFFIASGAAVDAIMWLFLECYDLQRATYHVGFT
QLRHLPSRVRYPHYS,3H-thymidine,Positive,HLA-DRB1*15:02,4,1,25,15,DRB1_1502,QEFFIASGAAVDAIMWPRFDYFDIQAATYHVGFT
SQWAREALQTGITLV,3H-thymidine,Positive,HLA-DRB1*01:01,4,1,25,15,DRB1_0101,QEFFIASGAAVDAIMWLFLECYDLQRATYHVGFT
YHATYSLYLFPHWTK,3H-thymidine,Positive,HLA-DRB1*08:03,4,1,25,15,DRB1_0803,QEFFIASGAAVDAIMESGFDYYSIDRLTYHVGFT
DPIWFLNTEPSQLPP,3H-thymidine,Positive,HLA-DRB1*08:03,4,1,25,15,DRB1_0803,QEFFIASGAAVDAIMESGFDYYSIDRLTYHVGFT
GAGSLQPLALEGSLQKRG,biological activity,Positive,HLA-DRB1*04:01,1,1,100,18,DRB1_0401,QEFFIASGAAVDAIMEVHFDYYDLQKATYHVGFT
IKLKVESSPSRSDYINASPI,3H-thymidine,Positive,HLA-DRB1*04:01,11,1,9.1,20,DRB1_0401,QEFFIASGAAVDAIMEVHFDYYDLQKATYHVGFT
VSSQFSDAAQASPSSHSS,3H-thymidine,Positive,HLA-DRB1*04:01,13,4,30.8,18,DRB1_0401,QEFFIASGAAVDAIMEVHFDYYDLQKATYHVGFT
MVWESGCTVIVMLTPLVEDGV,3H-thymidine,Positive,HLA-DRB1*04:01,13,4,30.8,21,DRB1_0401,QEFFIASGAAVDAIMEVHFDYYDLQKATYHVGFT
FYLKNVQTQETRTLTQFHF,3H-thymidine,Positive,HLA-DRB1*04:01,13,2,15.4,19,DRB1_0401,QEFFIASGAAVDAIMEVHFDYYDLQKATYHVGFT
SKDQFEFALTAVAEEVNAILK,3H-thymidine,Positive,HLA-DRB1*04:01,13,1,7.7,21,DRB1_0401,QEFFIASGAAVDAIMEVHFDYYDLQKATYHVGFT
LKVESSPSRSDYINASPII,3H-thymidine,Negative,HLA-DRB1*04:01,8,0,0,19,DRB1_0401,QEFFIASGAAVDAIMEVHFDYYDLQKATYHVGFT
MHCQTTLKYAIKTGH,3H-thymidine,Negative,HLA-DQA1*03:01/DQB1*03:02,2,0,0,15,HLA-DQA10301-DQB10302,YNYHERRFATVLHIVYFGLTYYAVRTETVHLETT
CFWYIPPSLRTLEDN,3H-thymidine,Positive,HLA-DQA1*03:01/DQB1*03:02,7,2,28.6,15,HLA-DQA10301-DQB10302,YNYHERRFATVLHIVYFGLTYYAVRTETVHLETT
ERMSRLSKVAPVIKA,3H-thymidine,Negative,HLA-DQA1*03:01/DQB1*03:02,7,0,0,15,HLA-DQA10301-DQB10302,YNYHERRFATVLHIVYFGLTYYAVRTETVHLETT
GEPGIAGNKGAQGPKGEPGPA,in vivo assay,Positive,HLA-DRB1*04:01,10,10,100,21,DRB1_0401,QEFFIASGAAVDAIMEVHFDYYDLQKATYHVGFT
GEPGIAGFKGDQGPKGEPGPA,in vivo assay,Positive,HLA-DRB1*04:01,16,16,100,21,DRB1_0401,QEFFIASGAAVDAIMEVHFDYYDLQKATYHVGFT
PNYPAIPSDATLE,3H-thymidine,Negative,HLA-DRB1*04:01,4,0,0,13,DRB1_0401,QEFFIASGAAVDAIMEVHFDYYDLQKATYHVGFT
AGWLADQTVRYPI,3H-thymidine,Positive,HLA-DRB1*04:01,8,2,25,13,DRB1_0401,QEFFIASGAAVDAIMEVHFDYYDLQKATYHVGFT
AGWLADRSVRYPI,3H-thymidine,Positive,HLA-DRB1*04:01,5,2,40,13,DRB1_0401,QEFFIASGAAVDAIMEVHFDYYDLQKATYHVGFT
AGWLADGSLRYPI,3H-thymidine,Positive,HLA-DRB1*04:01,5,1,20,13,DRB1_0401,QEFFIASGAAVDAIMEVHFDYYDLQKATYHVGFT
TEWEPAYTPVGTS,3H-thymidine,Negative,HLA-DRB1*04:01,8,0,0,13,DRB1_0401,QEFFIASGAAVDAIMEVHFDYYDLQKATYHVGFT
PAYTPVGTSPLPGI,3H-thymidine,Negative,HLA-DRB1*04:01,10,0,0,14,DRB1_0401,QEFFIASGAAVDAIMEVHFDYYDLQKATYHVGFT
PEFSGLPSGIAEV,3H-thymidine,Positive,HLA-DRB1*04:01,11,1,9.1,13,DRB1_0401,QEFFIASGAAVDAIMEVHFDYYDLQKATYHVGFT
GAYYGSGTPSSFPTV,3H-thymidine,Negative,HLA-DRB1*04:01,5,0,0,15,DRB1_0401,QEFFIASGAAVDAIMEVHFDYYDLQKATYHVGFT
SGLPSGEVLETSA,3H-thymidine,Negative,HLA-DRB1*04:01,1,0,0,13,DRB1_0401,QEFFIASGAAVDAIMEVHFDYYDLQKATYHVGFT
DAGWLRDQTVRYPIVSPRT,3H-thymidine,Negative,HLA-DRB1*04:01,2,0,0,19,DRB1_0401,QEFFIASGAAVDAIMEVHFDYYDLQKATYHVGFT
KDLLEQKRAAVDTYC,3H-thymidine,Negative,HLA-DQA1*01:02/DQB1*06:02,10,0,0,15,HLA-DQA10102-DQB10602,CNYHQGGGARVAHIMFFGLTYYDVGTETVHVAGI
TPMFLLSRNTGEVRT,3H-thymidine,Positive,HLA-DRB1*04:02,4,2,50,15,DRB1_0402,QEFFIASGAAVDAIMEVHFDYYDIDEATYHVVFT
CECNIKVKDVNDNFP,3H-thymidine,Positive,HLA-DRB1*04:02,4,1,25,15,DRB1_0402,QEFFIASGAAVDAIMEVHFDYYDIDEATYHVVFT
QSGTMRTRHSTGGTN,3H-thymidine,Positive,HLA-DRB1*04:02,4,1,25,15,DRB1_0402,QEFFIASGAAVDAIMEVHFDYYDIDEATYHVVFT
RFLDRYFYHQEEYVR,3H-thymidine,Positive,HLA-DRB1*04:01,1,1,100,15,DRB1_0401,QEFFIASGAAVDAIMEVHFDYYDLQKATYHVGFT
ASGGTFSSFAINWVRQAPGQ,3H-thymidine,Positive,HLA-DRB1*13:02,1,1,100,20,DRB1_1302,QEFFIASGAAVDAIMESSFDYFDIDEATYHVGFT
DENPVVHFFKNIVTPRTPP,in vivo assay,Positive,HLA-DRB1*15:01,7,6,85.7,19,DRB1_1501,QEFFIASGAAVDAIMWPRFDYFDIQAATYHVVFT
DENPVVHFFKNIVTPRTPP,in vivo assay,Positive,HLA-DRB5*01:01,9,9,100,19,DRB5_0101,QEFFIASGAAVDAIMQDYFHDYDFDRATYHVGFT
DENPVVHFFKNIVTPRTPP,in vivo assay,Positive,HLA-DRB1*04:01,8,8,100,19,DRB1_0401,QEFFIASGAAVDAIMEVHFDYYDLQKATYHVGFT
PRSPPRSERQPRSPPRSERQ,in vivo assay,Negative,HLA-DRB1*15:01,4,0,0,20,DRB1_1501,QEFFIASGAAVDAIMWPRFDYFDIQAATYHVVFT
MEVGWYRSPFSRVVHLYRNGK,in vivo assay,Positive,HLA-DRB1*15:02,7,7,100,21,DRB1_1502,QEFFIASGAAVDAIMWPRFDYFDIQAATYHVGFT
LVALIICYNWLHRRL,3H-thymidine,Positive,HLA-DRB1*15:02,4,3,75,15,DRB1_1502,QEFFIASGAAVDAIMWPRFDYFDIQAATYHVGFT
HRRLAGQFLEELRNP,3H-thymidine,Positive,HLA-DRB1*15:02,4,1,25,15,DRB1_1502,QEFFIASGAAVDAIMWPRFDYFDIQAATYHVGFT
WTTCQSIAFPSKTSASIGSL,3H-thymidine,Positive,HLA-DRB1*15:02,4,3,75,20,DRB1_1502,QEFFIASGAAVDAIMWPRFDYFDIQAATYHVGFT
TTICGKGLSATVTGGQKGR,3H-thymidine,Positive,HLA-DRB1*15:02,4,4,100,19,DRB1_1502,QEFFIASGAAVDAIMWPRFDYFDIQAATYHVGFT
LFCGCGHEALTGTEKLIETY,3H-thymidine,Positive,HLA-DRB1*15:02,4,2,50,20,DRB1_1502,QEFFIASGAAVDAIMWPRFDYFDIQAATYHVGFT
MEVGWYRSPFSRVVHLYRNGK,3H-thymidine,Positive,HLA-DRB1*15:01,6,5,83.3,21,DRB1_1501,QEFFIASGAAVDAIMWPRFDYFDIQAATYHVVFT
LVALIICYNWLHRRL,3H-thymidine,Positive,HLA-DRB1*15:01,6,3,50,15,DRB1_1501,QEFFIASGAAVDAIMWPRFDYFDIQAATYHVVFT
HRRLAGQFLEELRNP,3H-thymidine,Positive,HLA-DRB1*15:01,6,3,50,15,DRB1_1501,QEFFIASGAAVDAIMWPRFDYFDIQAATYHVVFT
WTTCQSIAFPSKTSASIGSL,3H-thymidine,Positive,HLA-DRB1*15:01,6,6,100,20,DRB1_1501,QEFFIASGAAVDAIMWPRFDYFDIQAATYHVVFT
TTICGKGLSATVTGGQKGR,3H-thymidine,Positive,HLA-DRB1*15:01,6,4,66.7,19,DRB1_1501,QEFFIASGAAVDAIMWPRFDYFDIQAATYHVVFT
LFCGCGHEALTGTEKLIETY,3H-thymidine,Positive,HLA-DRB1*15:01,6,4,66.7,20,DRB1_1501,QEFFIASGAAVDAIMWPRFDYFDIQAATYHVVFT
PKSGHDTVSWYQQALGQG,3H-thymidine,Positive,HLA-DRB1*15:01,25,1,4,18,DRB1_1501,QEFFIASGAAVDAIMWPRFDYFDIQAATYHVVFT
QYYEEEERQRGNFPDRFSG,3H-thymidine,Negative,HLA-DRB1*15:01,25,0,0,19,DRB1_1501,QEFFIASGAAVDAIMWPRFDYFDIQAATYHVVFT
GNFPDRFSGHQFPNYSSELN,3H-thymidine,Negative,HLA-DRB5*01:01,25,0,0,20,DRB5_0101,QEFFIASGAAVDAIMQDYFHDYDFDRATYHVGFT
"NALLLGDSALYLCASS",3H-thymidine,Negative,HLA-DRB5*01:01,25,0,0,16,DRB5_0101,QEFFIASGAAVDAIMQDYFHDYDFDRATYHVGFT
DFARVHFISALHGSG,3H-thymidine,Positive,HLA-DRB1*15:01,1,1,100,15,DRB1_1501,QEFFIASGAAVDAIMWPRFDYFDIQAATYHVVFT
QRCRVHFLRNVLAQV,3H-thymidine,Positive,HLA-DRB1*15:01,1,1,100,15,DRB1_1501,QEFFIASGAAVDAIMWPRFDYFDIQAATYHVVFT
VLARLHFYRNDVHKE,3H-thymidine,Positive,HLA-DRB1*15:01,1,1,100,15,DRB1_1501,QEFFIASGAAVDAIMWPRFDYFDIQAATYHVVFT
QRCRVHFMRNLYTAV,3H-thymidine,Positive,HLA-DRB1*15:01,1,1,100,15,DRB1_1501,QEFFIASGAAVDAIMWPRFDYFDIQAATYHVVFT
ALAVLHFYPDKGAKN,3H-thymidine,Positive,HLA-DRB1*15:01,1,1,100,15,DRB1_1501,QEFFIASGAAVDAIMWPRFDYFDIQAATYHVVFT
SHGRTQDENPVVHFFK,3H-thymidine,Positive,HLA-DRB5*01:01,1,1,100,16,DRB5_0101,QEFFIASGAAVDAIMQDYFHDYDFDRATYHVGFT
TQDENPVVHFFKNIVTPRTP,3H-thymidine,Positive,HLA-DRB5*01:01,9,6,66.7,20,DRB5_0101,QEFFIASGAAVDAIMQDYFHDYDFDRATYHVGFT
VVHFFKNIVTPRTPPPSQGK,3H-thymidine,Positive,HLA-DRB5*01:01,9,6,66.7,20,DRB5_0101,QEFFIASGAAVDAIMQDYFHDYDFDRATYHVGFT
TQDENPVVHFFKNIVTPRTP,3H-thymidine,Positive,HLA-DRB1*15:01,9,3,33.3,20,DRB1_1501,QEFFIASGAAVDAIMWPRFDYFDIQAATYHVVFT
VVHFFKNIVTPRTPPPSQGK,3H-thymidine,Positive,HLA-DRB1*15:01,9,3,33.3,20,DRB1_1501,QEFFIASGAAVDAIMWPRFDYFDIQAATYHVVFT
HHPARTAHYGSLPQKSHGR,3H-thymidine,Positive,HLA-DRB1*15:01,16,13,81.3,19,DRB1_1501,QEFFIASGAAVDAIMWPRFDYFDIQAATYHVVFT
SLPQKSHGRTQDENPVVHF,3H-thymidine,Positive,HLA-DRB1*15:01,16,2,12.5,19,DRB1_1501,QEFFIASGAAVDAIMWPRFDYFDIQAATYHVVFT
ENPVVHFFKNIVTPRTP,3H-thymidine,Positive,HLA-DRB1*15:01,16,9,56.3,17,DRB1_1501,QEFFIASGAAVDAIMWPRFDYFDIQAATYHVVFT
KNIVTPRTPPPSQGKGRGL,3H-thymidine,Positive,HLA-DRB1*15:01,16,2,12.5,19,DRB1_1501,QEFFIASGAAVDAIMWPRFDYFDIQAATYHVVFT
PSQGKGRGLSLSRFSWGAE,3H-thymidine,Positive,HLA-DRB1*15:01,16,2,12.5,19,DRB1_1501,QEFFIASGAAVDAIMWPRFDYFDIQAATYHVVFT
QRPGFGYGGRASDYKSAHK,3H-thymidine,Positive,HLA-DRB1*15:01,16,6,37.5,19,DRB1_1501,QEFFIASGAAVDAIMWPRFDYFDIQAATYHVVFT
ASDYKSAHKGFKGVDAQGT,3H-thymidine,Positive,HLA-DRB1*15:01,16,9,56.3,19,DRB1_1501,QEFFIASGAAVDAIMWPRFDYFDIQAATYHVVFT
FKGVDAQGTLSKIFKLGGR,3H-thymidine,Positive,HLA-DRB1*15:01,16,6,37.5,19,DRB1_1501,QEFFIASGAAVDAIMWPRFDYFDIQAATYHVVFT
SKIFKLGGRDSRSGSPMARR,3H-thymidine,Positive,HLA-DRB1*15:01,16,6,37.5,20,DRB1_1501,QEFFIASGAAVDAIMWPRFDYFDIQAATYHVVFT
MIAATYNFAVLKLMGRGTKF,3H-thymidine,Positive,HLA-DRB1*15:01,15,5,33.3,20,DRB1_1501,QEFFIASGAAVDAIMWPRFDYFDIQAATYHVVFT
ENPVVHFFRNIVTPR,3H-thymidine,Positive,HLA-DRB1*15:01,1,1,100,15,DRB1_1501,QEFFIASGAAVDAIMWPRFDYFDIQAATYHVVFT
ENPVVHYFRNIVTPR,3H-thymidine,Positive,HLA-DRB1*16:02,1,1,100,15,DRB1_1602,QEFFIASGAAVDAIMWPRFDYYDLDRATYHVGFT
YEHERDMHSAYKHAD,3H-thymidine,Positive,HLA-DRB1*04:01,3,1,33.3,15,DRB1_0401,QEFFIASGAAVDAIMEVHFDYYDLQKATYHVGFT
GDLLAEIETDKATI,3H-thymidine,Positive,HLA-DRB4*01:01,4,4,100,14,DRB4_0101,QEFFIASGAAVDAIMEACNIYYDLRRETYYVVFT
PFGIFVVDKNTGDINIT,3H-thymidine,Positive,HLA-DRB1*04:02,16,7,43.8,17,DRB1_0402,QEFFIASGAAVDAIMEVHFDYYDIDEATYHVVFT
PFGIFVVDKNTGDINIT,3H-thymidine,Positive,HLA-DQA1*01:01/DQB1*05:03,12,5,41.7,17,HLA-DQA10101-DQB10503,CNYHEGGGARVAHIMYFGGTHYDVGASRVHVAGI
MNILLQYVVKSFD,3H-thymidine,Positive,HLA-DRB1*04:04,25,15,60,13,DRB1_0404,QEFFIASGAAVDAIMEVHFDYYDLQRATYHVVFT
MNILLQYVVKSFD,3H-thymidine,Positive,HLA-DRB1*15:01,25,15,60,13,DRB1_1501,QEFFIASGAAVDAIMWPRFDYFDIQAATYHVVFT
MNILLQYVVKSFD,3H-thymidine,Positive,HLA-DRB4*01:01,25,15,60,13,DRB4_0101,QEFFIASGAAVDAIMEACNIYYDLRRETYYVVFT
VILLNYVLKSLTR,3H-thymidine,Positive,HLA-DRB1*04:04,50,25,50,13,DRB1_0404,QEFFIASGAAVDAIMEVHFDYYDLQRATYHVVFT
VILLNYVLKSLTR,3H-thymidine,Positive,HLA-DRB1*15:01,50,25,50,13,DRB1_1501,QEFFIASGAAVDAIMWPRFDYFDIQAATYHVVFT
ERVRLLERCIYNQE,3H-thymidine,Positive,HLA-DRB1*11:01,3,2,66.7,14,DRB1_1101,QEFFIASGAAVDAIMESSFDYFDFDRATYHVGFT
GAASYKIFKIEKGKVTK,cytometric bead array,Positive,HLA-DRB1*04:01,12,6,50,17,DRB1_0401,QEFFIASGAAVDAIMEVHFDYYDLQKATYHVGFT
NQRALYHTENAYVSVVS,cytometric bead array,Positive,HLA-DRB1*04:01,12,5,41.7,17,DRB1_0401,QEFFIASGAAVDAIMEVHFDYYDLQKATYHVGFT
LRMVTGLRNIPSIQSRG,cytometric bead array,Positive,HLA-DRB1*04:01,12,6,50,17,DRB1_0401,QEFFIASGAAVDAIMEVHFDYYDLQKATYHVGFT
LRNIPSIQSRGLFGAIA,cytometric bead array,Positive,HLA-DRB1*04:01,12,5,41.7,17,DRB1_0401,QEFFIASGAAVDAIMEVHFDYYDLQKATYHVGFT
TNKVNSVIEKMNTQFTA,cytometric bead array,Positive,HLA-DRB1*04:01,12,3,25,17,DRB1_0401,QEFFIASGAAVDAIMEVHFDYYDLQKATYHVGFT
VIEKMNTQFTAVGKEFN,cytometric bead array,Positive,HLA-DRB1*04:01,12,2,16.7,17,DRB1_0401,QEFFIASGAAVDAIMEVHFDYYDLQKATYHVGFT
ELLVLLENERTLDFHDS,cytometric bead array,Positive,HLA-DRB1*04:01,12,5,41.7,17,DRB1_0401,QEFFIASGAAVDAIMEVHFDYYDLQKATYHVGFT
GWAIYTKDNSIRIGSKG,cytometric bead array,Positive,HLA-DRB1*04:01,12,5,41.7,17,DRB1_0401,QEFFIASGAAVDAIMEVHFDYYDLQKATYHVGFT
CSHLECRTFFLTQGALL,cytometric bead array,Positive,HLA-DRB1*04:01,12,3,25,17,DRB1_0401,QEFFIASGAAVDAIMEVHFDYYDLQKATYHVGFT
WKKRILRTQESECVCVN,cytometric bead array,Positive,HLA-DRB1*04:01,12,3,25,17,DRB1_0401,QEFFIASGAAVDAIMEVHFDYYDLQKATYHVGFT
KGFEMIWDPNGWTDTDS,cytometric bead array,Positive,HLA-DRB1*04:01,12,5,41.7,17,DRB1_0401,QEFFIASGAAVDAIMEVHFDYYDLQKATYHVGFT
DCIRPCFWVELVRGLPR,cytometric bead array,Positive,HLA-DRB1*04:01,12,7,58.3,17,DRB1_0401,QEFFIASGAAVDAIMEVHFDYYDLQKATYHVGFT
HHAVSNGTLVKTITNDQIEV,cytometric bead array,Positive,HLA-DRB1*04:01,12,8,66.7,20,DRB1_0401,QEFFIASGAAVDAIMEVHFDYYDLQKATYHVGFT
VNRITYGACPRYVKQNTLKL,cytometric bead array,Positive,HLA-DRB1*04:01,12,8,66.7,20,DRB1_0401,QEFFIASGAAVDAIMEVHFDYYDLQKATYHVGFT
CPRYVKQNTLKLATGMRNVP,cytometric bead array,Positive,HLA-DRB1*04:01,12,7,58.3,20,DRB1_0401,QEFFIASGAAVDAIMEVHFDYYDLQKATYHVGFT
NQVMLCEPTIIERNITE,cytometric bead array,Positive,HLA-DRB1*04:01,12,4,33.3,17,DRB1_0401,QEFFIASGAAVDAIMEVHFDYYDLQKATYHVGFT
GFAPFSKDNSIRLSAGG,cytometric bead array,Positive,HLA-DRB1*04:01,12,6,50,17,DRB1_0401,QEFFIASGAAVDAIMEVHFDYYDLQKATYHVGFT
IYNGRLVDSIVSWSKEI,cytometric bead array,Positive,HLA-DRB1*04:01,12,2,16.7,17,DRB1_0401,QEFFIASGAAVDAIMEVHFDYYDLQKATYHVGFT
TCTVVMTDGSASGKADT,cytometric bead array,Positive,HLA-DRB1*04:01,12,2,16.7,17,DRB1_0401,QEFFIASGAAVDAIMEVHFDYYDLQKATYHVGFT
GKIVHTSTLSGSAQHVE,cytometric bead array,Positive,HLA-DRB1*04:01,12,1,8.3,17,DRB1_0401,QEFFIASGAAVDAIMEVHFDYYDLQKATYHVGFT
LQINRQVIVDRGNRSGY,cytometric bead array,Positive,HLA-DRB1*04:01,12,2,16.7,17,DRB1_0401,QEFFIASGAAVDAIMEVHFDYYDLQKATYHVGFT
NRSGYSGIFSVEGKSCI,cytometric bead array,Positive,HLA-DRB1*04:01,12,2,16.7,17,DRB1_0401,QEFFIASGAAVDAIMEVHFDYYDLQKATYHVGFT
ERRNKYLEEHPSAGKDPKKT,cytometric bead array,Positive,HLA-DRB1*04:01,12,4,33.3,20,DRB1_0401,QEFFIASGAAVDAIMEVHFDYYDLQKATYHVGFT
NPAHKSQLVWMACHSAAFED,cytometric bead array,Positive,HLA-DRB1*04:01,12,3,25,20,DRB1_0401,QEFFIASGAAVDAIMEVHFDYYDLQKATYHVGFT
ASAGQISIQPTFSVQRNLPF,cytometric bead array,Positive,HLA-DRB1*04:01,12,3,25,20,DRB1_0401,QEFFIASGAAVDAIMEVHFDYYDLQKATYHVGFT
TEGRTSDMRTEIIRMMESAR,cytometric bead array,Positive,HLA-DRB1*04:01,12,2,16.7,20,DRB1_0401,QEFFIASGAAVDAIMEVHFDYYDLQKATYHVGFT
RTEIIRMMESARPEDVSFQG,cytometric bead array,Positive,HLA-DRB1*04:01,12,1,8.3,20,DRB1_0401,QEFFIASGAAVDAIMEVHFDYYDLQKATYHVGFT
TGTGYTMDTVNRTHQ,cytometric bead array,Positive,HLA-DRB1*04:01,12,8,66.7,15,DRB1_0401,QEFFIASGAAVDAIMEVHFDYYDLQKATYHVGFT
KLANVVRKMMTNSQDTE,cytometric bead array,Positive,HLA-DRB1*04:01,12,4,33.3,17,DRB1_0401,QEFFIASGAAVDAIMEVHFDYYDLQKATYHVGFT
GMFNMLSTVLGVSILNLGQ,cytometric bead array,Positive,HLA-DRB1*04:01,12,6,50,19,DRB1_0401,QEFFIASGAAVDAIMEVHFDYYDLQKATYHVGFT
TYVLSIVPSGPLKAEIAQRL,cytometric bead array,Positive,HLA-DRB1*04:01,12,8,66.7,20,DRB1_0401,QEFFIASGAAVDAIMEVHFDYYDLQKATYHVGFT
KGILGFVFTLTVPSERGLQR,cytometric bead array,Positive,HLA-DRB1*04:01,12,10,83.3,20,DRB1_0401,QEFFIASGAAVDAIMEVHFDYYDLQKATYHVGFT
VKLYRKLKREITFHGAKEIA,cytometric bead array,Positive,HLA-DRB1*04:01,12,6,50,20,DRB1_0401,QEFFIASGAAVDAIMEVHFDYYDLQKATYHVGFT
NRMVLASTTAKAMEQMAGSS,cytometric bead array,Positive,HLA-DRB1*04:01,12,7,58.3,20,DRB1_0401,QEFFIASGAAVDAIMEVHFDYYDLQKATYHVGFT
SILLMEGVPKSLN,cytometric bead array,Negative,HLA-DRB1*04:01,11,0,0,13,DRB1_0401,QEFFIASGAAVDAIMEVHFDYYDLQKATYHVGFT
GAGSLQPLALEGSLQKRGIV,cytometric bead array,Positive,HLA-DRB1*04:01,11,2,18.2,20,DRB1_0401,QEFFIASGAAVDAIMEVHFDYYDLQKATYHVGFT
KDYRAYYTFLNFMSNVGDPR,cytometric bead array,Positive,HLA-DRB1*04:01,11,1,9.1,20,DRB1_0401,QEFFIASGAAVDAIMEVHFDYYDLQKATYHVGFT
KWCANPDWIHIDTTPFAGLV,cytometric bead array,Negative,HLA-DRB1*04:01,11,0,0,20,DRB1_0401,QEFFIASGAAVDAIMEVHFDYYDLQKATYHVGFT
RLQQLVLDPGFLGLEPLLDL,cytometric bead array,Positive,HLA-DRB1*04:01,11,1,9.1,20,DRB1_0401,QEFFIASGAAVDAIMEVHFDYYDLQKATYHVGFT
AEIVMAIDSVHRLGYVHRDI,cytometric bead array,Negative,HLA-DRB1*04:01,11,0,0,20,DRB1_0401,QEFFIASGAAVDAIMEVHFDYYDLQKATYHVGFT
VRSKDQFEFALTAVAEEVNA,cytometric bead array,Negative,HLA-DRB1*04:01,11,0,0,20,DRB1_0401,QEFFIASGAAVDAIMEVHFDYYDLQKATYHVGFT
GDTRPRFLWQLKFECHFFNG,3H-thymidine,Positive,HLA-DRB1*01:01,3,3,100,20,DRB1_0101,QEFFIASGAAVDAIMWLFLECYDLQRATYHVGFT
GDTRPRFLWQLKFECHFFNG,3H-thymidine,Positive,HLA-DRB1*11:01,5,5,100,20,DRB1_1101,QEFFIASGAAVDAIMESSFDYFDFDRATYHVGFT
DVGEYRAVTELGRPDAEYWN,3H-thymidine,Positive,HLA-DRB1*01:01,3,3,100,20,DRB1_0101,QEFFIASGAAVDAIMWLFLECYDLQRATYHVGFT
DVGEYRAVTELGRPDAEYWN,3H-thymidine,Positive,HLA-DRB1*11:01,5,5,100,20,DRB1_1101,QEFFIASGAAVDAIMESSFDYFDFDRATYHVGFT
INSSLPYQNIHPVTIGECPK,3H-thymidine,Positive,HLA-DRB1*01:01,5,2,40,20,DRB1_0101,QEFFIASGAAVDAIMWLFLECYDLQRATYHVGFT
VSPMCAWCSDEALPL,3H-thymidine,Positive,HLA-DRB3*01:01,21,7,33.3,15,DRB3_0101,QEFFIASGAAVDAIMERSYDYYVLQKRNYHVGFT
SPMCAWCSDEALPLG,3H-thymidine,Positive,HLA-DRB3*01:01,21,4,19,15,DRB3_0101,QEFFIASGAAVDAIMERSYDYYVLQKRNYHVGFT
PMCAWCSDEALPLGS,3H-thymidine,Positive,HLA-DRB3*01:01,21,6,28.6,15,DRB3_0101,QEFFIASGAAVDAIMERSYDYYVLQKRNYHVGFT
MCAWCSDEALPLGSP,3H-thymidine,Positive,HLA-DRB3*01:01,21,3,14.3,15,DRB3_0101,QEFFIASGAAVDAIMERSYDYYVLQKRNYHVGFT
CAWCSDEALPLGSPR,3H-thymidine,Positive,HLA-DRB3*01:01,21,4,19,15,DRB3_0101,QEFFIASGAAVDAIMERSYDYYVLQKRNYHVGFT
NTTDMMIFDLIHNYNRFPD,in vivo assay,Positive,HLA-DRB1*03:01,6,4,66.7,19,DRB1_0301,QEFFIASGAAVDAIMESSYDYFDLQKRNYHVVFT
GTEKLIETYFSKNYQDYEYL,in vivo assay,Negative,HLA-DRB1*15:01,8,0,0,20,DRB1_1501,QEFFIASGAAVDAIMWPRFDYFDIQAATYHVVFT
HCLGKWLGHPDKF,in vivo assay,Negative,HLA-DRB1*15:01,3,0,0,13,DRB1_1501,QEFFIASGAAVDAIMWPRFDYFDIQAATYHVVFT
IYFNTWTTCQSIAFPSKTSA,in vivo assay,Negative,HLA-DRB1*15:01,7,0,0,20,DRB1_1501,QEFFIASGAAVDAIMWPRFDYFDIQAATYHVVFT
YGVLPWNAFPGKVCGSNLLSI,in vivo assay,Negative,HLA-DRB1*15:01,6,0,0,21,DRB1_1501,QEFFIASGAAVDAIMWPRFDYFDIQAATYHVVFT
LLLAEGFYTTGAVRQIFGD,in vivo assay,Negative,HLA-DQA1*01:02/DQB1*06:02,2,0,0,19,HLA-DQA10102-DQB10602,CNYHQGGGARVAHIMFFGLTYYDVGTETVHVAGI
HCLGKWLGHPDKF,in vivo assay,Positive,HLA-DQA1*01:02/DQB1*06:02,15,6,40,13,HLA-DQA10102-DQB10602,CNYHQGGGARVAHIMFFGLTYYDVGTETVHVAGI
IYFNTWTTCQSIAFPSKTSA,in vivo assay,Positive,HLA-DQA1*01:02/DQB1*06:02,9,5,55.6,20,HLA-DQA10102-DQB10602,CNYHQGGGARVAHIMFFGLTYYDVGTETVHVAGI
IYFNTWTTSQSIAFPSKTSA,in vivo assay,Negative,HLA-DQA1*01:02/DQB1*06:02,5,0,0,20,HLA-DQA10102-DQB10602,CNYHQGGGARVAHIMFFGLTYYDVGTETVHVAGI
YGVLPWNAFPGKVCGSNLLSI,in vivo assay,Negative,HLA-DQA1*01:02/DQB1*06:02,7,0,0,21,HLA-DQA10102-DQB10602,CNYHQGGGARVAHIMFFGLTYYDVGTETVHVAGI
MIAATYNFAVLKLMGRGTKF,in vivo assay,Negative,HLA-DQA1*01:02/DQB1*06:02,12,0,0,20,HLA-DQA10102-DQB10602,CNYHQGGGARVAHIMFFGLTYYDVGTETVHVAGI
PGKVCGSNLLSICKTAEFQMT,in vivo assay,Negative,HLA-DQA1*01:02/DQB1*06:02,8,0,0,21,HLA-DQA10102-DQB10602,CNYHQGGGARVAHIMFFGLTYYDVGTETVHVAGI
PRWNGEKLYQEARKIVGAMV,3H-thymidine,Positive,HLA-DRB1*15:01,4,4,100,20,DRB1_1501,QEFFIASGAAVDAIMWPRFDYFDIQAATYHVVFT
YQEARKIVGAMVQIITYRDY,3H-thymidine,Positive,HLA-DRB1*15:01,4,1,25,20,DRB1_1501,QEFFIASGAAVDAIMWPRFDYFDIQAATYHVVFT
ENPVVHFFKNIVTPRTP,in vivo assay,Positive,HLA-DRB5*01:01,42,24,57.1,17,DRB5_0101,QEFFIASGAAVDAIMQDYFHDYDFDRATYHVGFT
CPQDWVSLWKGFSFIMFTSA,in vivo assay,Positive,HLA-DRB1*15:01,4,4,100,20,DRB1_1501,QEFFIASGAAVDAIMWPRFDYFDIQAATYHVVFT
EPGIAGFKGEQGPKGEPG,in vivo assay,Negative,HLA-DRB1*01:01,10,0,0,18,DRB1_0101,QEFFIASGAAVDAIMWLFLECYDLQRATYHVGFT
KMQAMKLEKDNAMDR,3H-thymidine,Positive,HLA-DRB1*04:01,3,1,33.3,15,DRB1_0401,QEFFIASGAAVDAIMEVHFDYYDLQKATYHVGFT
AMKLEKDNAMDRADT,3H-thymidine,Positive,HLA-DRB1*03:01,4,3,75,15,DRB1_0301,QEFFIASGAAVDAIMESSYDYFDLQKRNYHVVFT
LEKDNAMDRADTLEQ,3H-thymidine,Positive,HLA-DRB1*03:01,4,3,75,15,DRB1_0301,QEFFIASGAAVDAIMESSYDYFDLQKRNYHVVFT
MDRADTLEQQNKEAN,3H-thymidine,Negative,HLA-DRB1*04:01,3,0,0,15,DRB1_0401,QEFFIASGAAVDAIMEVHFDYYDLQKATYHVGFT
EKSEEEVHNLQKRMQ,3H-thymidine,Negative,HLA-DRB1*07:01,1,0,0,15,DRB1_0701,QEFFIASGAAVDAIMWGYFELYVIDRQTVHVGFT
QLENDLDQVQESLLK,3H-thymidine,Positive,HLA-DRB1*04:01,6,1,16.7,15,DRB1_0401,QEFFIASGAAVDAIMEVHFDYYDLQKATYHVGFT
QESLLKANIQLVEKD,3H-thymidine,Positive,HLA-DRB1*09:01,5,1,20,15,DRB1_0901,QEFFIASGAAVDAIMKDFYHGYVFRRETVHVGFT
QLVEKDKALSNAEGE,3H-thymidine,Positive,HLA-DRB1*04:01,6,3,50,15,DRB1_0401,QEFFIASGAAVDAIMEVHFDYYDLQKATYHVGFT
VAALNRRIQLLEEDL,3H-thymidine,Positive,HLA-DRB1*01:01,5,1,20,15,DRB1_0101,QEFFIASGAAVDAIMWLFLECYDLQRATYHVGFT
LNTATTKLAEASQAA,3H-thymidine,Positive,HLA-DRB1*04:01,3,2,66.7,15,DRB1_0401,QEFFIASGAAVDAIMEVHFDYYDLQKATYHVGFT
ERMRKVLENRSLSDE,3H-thymidine,Negative,HLA-DRB1*01:01,3,0,0,15,DRB1_0101,QEFFIASGAAVDAIMWLFLECYDLQRATYHVGFT
LKEARFLAEEADRKY,3H-thymidine,Negative,HLA-DRB1*01:01,4,0,0,15,DRB1_0101,QEFFIASGAAVDAIMWLFLECYDLQRATYHVGFT
ARFLAEEADRKYDEV,3H-thymidine,Positive,HLA-DRB1*04:01,5,1,20,15,DRB1_0401,QEFFIASGAAVDAIMEVHFDYYDLQKATYHVGFT
RKYDEVARKLAMVEA,3H-thymidine,Positive,HLA-DRB1*01:01,5,2,40,15,DRB1_0101,QEFFIASGAAVDAIMWLFLECYDLQRATYHVGFT
LAMVEADLERAEERA,3H-thymidine,Negative,HLA-DRB1*03:01,4,0,0,15,DRB1_0301,QEFFIASGAAVDAIMESSYDYFDLQKRNYHVVFT
ESKIVELEEELRVVG,3H-thymidine,Negative,HLA-DRB1*03:01,3,0,0,15,DRB1_0301,QEFFIASGAAVDAIMESSYDYFDLQKRNYHVVFT
ELRVVGNNLKSLEVS,3H-thymidine,Positive,HLA-DRB1*04:01,3,2,66.7,15,DRB1_0401,QEFFIASGAAVDAIMEVHFDYYDLQKATYHVGFT
AYKEQIKTLTNKLKA,3H-thymidine,Positive,HLA-DRB1*04:01,3,2,66.7,15,DRB1_0401,QEFFIASGAAVDAIMEVHFDYYDLQKATYHVGFT
KTLTNKLKAAEARAE,3H-thymidine,Positive,HLA-DRB1*01:01,6,1,16.7,15,DRB1_0101,QEFFIASGAAVDAIMWLFLECYDLQRATYHVGFT
FAERSVQKLQKEVDR,3H-thymidine,Positive,HLA-DRB1*01:01,3,1,33.3,15,DRB1_0101,QEFFIASGAAVDAIMWLFLECYDLQRATYHVGFT
AYKEQIKTLTNKLKA,3H-thymidine,Positive,HLA-DRB1*01:01,3,2,66.7,15,DRB1_0101,QEFFIASGAAVDAIMWLFLECYDLQRATYHVGFT
ERSEERLNTATTKLA,biological activity,Negative,HLA-DRB1*09:01,1,0,0,15,DRB1_0901,QEFFIASGAAVDAIMKDFYHGYVFRRETVHVGFT
SVIEKMNTQFTAV,CFSE,Positive,HLA-DRB1*04:01,2,2,100,13,DRB1_0401,QEFFIASGAAVDAIMEVHFDYYDLQKATYHVGFT
SGQGSFQPSQQNP,biological activity,Positive,HLA-DQA1*03:01/DQB1*03:02,10,1,10,13,HLA-DQA10301-DQB10302,YNYHERRFATVLHIVYFGLTYYAVRTETVHLETT
FPQQPQQPYPQQPQQ,biological activity,Negative,HLA-DQA1*03:01/DQB1*03:02,10,0,0,15,HLA-DQA10301-DQB10302,YNYHERRFATVLHIVYFGLTYYAVRTETVHLETT
GIRGLKGTKGEKGED,in vivo skin test,Positive,HLA-DRB1*01:01,2,2,100,15,DRB1_0101,QEFFIASGAAVDAIMWLFLECYDLQRATYHVGFT
GIRGLKGTKGEKGED,in vivo skin test,Positive,HLA-DRB1*15:01,3,3,100,15,DRB1_1501,QEFFIASGAAVDAIMWPRFDYFDIQAATYHVVFT
AVFDSKLISEKET,3H-thymidine,Positive,HLA-DRB1*15:01,1,1,100,13,DRB1_1501,QEFFIASGAAVDAIMWPRFDYFDIQAATYHVVFT
DLKYTYAFTKKVK,3H-thymidine,Positive,HLA-DRB1*15:01,1,1,100,13,DRB1_1501,QEFFIASGAAVDAIMWPRFDYFDIQAATYHVVFT
LKIIAVFDSKLIS,3H-thymidine,Positive,HLA-DRB1*15:01,1,1,100,13,DRB1_1501,QEFFIASGAAVDAIMWPRFDYFDIQAATYHVVFT
QDEKDYIDAYVSR,3H-thymidine,Positive,HLA-DRB1*15:01,1,1,100,13,DRB1_1501,QEFFIASGAAVDAIMWPRFDYFDIQAATYHVVFT
RKLTELNAELSDK,3H-thymidine,Positive,HLA-DRB1*15:01,1,1,100,13,DRB1_1501,QEFFIASGAAVDAIMWPRFDYFDIQAATYHVVFT
YTTGAVRQIFGDYKTTICGK,in vivo assay,Positive,HLA-DRB1*03:01,25,24,96,20,DRB1_0301,QEFFIASGAAVDAIMESSYDYFDLQKRNYHVVFT
PVCAHRETTIVSFGYSLYAG,in vivo assay,Negative,HLA-DRB1*15:01,13,0,0,20,DRB1_1501,QEFFIASGAAVDAIMWPRFDYFDIQAATYHVVFT
PVCAHRETTIVSFGYSLYAG,in vivo assay,Negative,HLA-DRB1*15:02,4,0,0,20,DRB1_1502,QEFFIASGAAVDAIMWPRFDYFDIQAATYHVGFT
TGLYHCKPLVDILILP,in vivo assay,Negative,HLA-DRB1*15:02,4,0,0,16,DRB1_1502,QEFFIASGAAVDAIMWPRFDYFDIQAATYHVGFT
GGAYDTYKCIPSLEAAVKQA,3H-thymidine,Positive,HLA-DRB1*01:01,6,6,100,20,DRB1_0101,QEFFIASGAAVDAIMWLFLECYDLQRATYHVGFT
IIDKIDAAFKVAATAAATAP,3H-thymidine,Positive,HLA-DRB1*01:01,6,6,100,20,DRB1_0101,QEFFIASGAAVDAIMWLFLECYDLQRATYHVGFT
VLASVSATHAKSSPY,cytometric bead array,Negative,HLA-DRB1*15:01,14,0,0,15,DRB1_1501,QEFFIASGAAVDAIMWPRFDYFDIQAATYHVVFT
SYLQGFSRNTLEAAF,cytometric bead array,Negative,HLA-DRB1*11:01,14,0,0,15,DRB1_1101,QEFFIASGAAVDAIMESSFDYFDFDRATYHVGFT
LEAAFNAEFNEIRRV,cytometric bead array,Negative,HLA-DRB1*11:01,14,0,0,15,DRB1_1101,QEFFIASGAAVDAIMESSFDYFDFDRATYHVGFT
"NAEFNEIRRVLLEEN",cytometric bead array,Negative,HLA-DRB1*11:01,14,0,0,15,DRB1_1101,QEFFIASGAAVDAIMESSFDYFDFDRATYHVGFT
QGGKGPLLSILKAFN,cytometric bead array,Negative,HLA-DRB1*11:01,14,0,0,15,DRB1_1101,QEFFIASGAAVDAIMESSFDYFDFDRATYHVGFT
GSLQPLALEGSLQKRGIV,in vivo assay,Positive,HLA-DRB1*04:01,19,19,100,18,DRB1_0401,QEFFIASGAAVDAIMEVHFDYYDLQKATYHVGFT
LYPDYQIQAGIMIT,BrdU,Positive,HLA-DQA1*03:01/DQB1*03:02,6,6,100,14,HLA-DQA10301-DQB10302,YNYHERRFATVLHIVYFGLTYYAVRTETVHLETT
CDGERPTLAFLQDVM,BrdU,Positive,HLA-DQA1*03:01/DQB1*03:02,15,15,100,15,HLA-DQA10301-DQB10302,YNYHERRFATVLHIVYFGLTYYAVRTETVHLETT
FDRSTKVIDFHYPNE,BrdU,Positive,HLA-DQA1*03:01/DQB1*03:02,15,15,100,15,HLA-DQA10301-DQB10302,YNYHERRFATVLHIVYFGLTYYAVRTETVHLETT
YEIAPVFVLLEYVT,BrdU,Positive,HLA-DQA1*03:01/DQB1*03:02,15,15,100,14,HLA-DQA10301-DQB10302,YNYHERRFATVLHIVYFGLTYYAVRTETVHLETT
RMMEYGTTMVSYQPL,BrdU,Positive,HLA-DQA1*03:01/DQB1*03:02,15,15,100,15,HLA-DQA10301-DQB10302,YNYHERRFATVLHIVYFGLTYYAVRTETVHLETT
YNKIFYARVPQRIYQ,CFSE,Positive,HLA-DRB1*11:04,29,16,55.2,15,DRB1_1104,QEFFIASGAAVDAIMESSFDYFDFDRATYHVVFT
EECFLQGFNLSGKKE,CFSE,Positive,HLA-DRB1*04:01,15,7,46.7,15,DRB1_0401,QEFFIASGAAVDAIMEVHFDYYDLQKATYHVGFT
LGIIEVLIPSLPKKI,CFSE,Positive,HLA-DRB1*13:02,14,8,57.1,15,DRB1_1302,QEFFIASGAAVDAIMESSFDYFDIDEATYHVGFT
LSWHDDLTQYVIS,3H-thymidine,Negative,HLA-DRB1*04:01,12,0,0,13,DRB1_0401,QEFFIASGAAVDAIMEVHFDYYDLQKATYHVGFT
GLQILQTGVGQREE,3H-thymidine,Negative,HLA-DRB1*04:01,12,0,0,14,DRB1_0401,QEFFIASGAAVDAIMEVHFDYYDLQKATYHVGFT
KEWQALCAYQAEPNT,3H-thymidine,Negative,HLA-DRB1*04:01,12,0,0,15,DRB1_0401,QEFFIASGAAVDAIMEVHFDYYDLQKATYHVGFT
MVWESGCTVIVML,3H-thymidine,Positive,HLA-DRB1*04:01,12,4,33.3,13,DRB1_0401,QEFFIASGAAVDAIMEVHFDYYDLQKATYHVGFT
FYLKNVQTQETRT,3H-thymidine,Positive,HLA-DRB1*04:01,12,2,16.7,13,DRB1_0401,QEFFIASGAAVDAIMEVHFDYYDLQKATYHVGFT
LSWPAEGTPASTR,3H-thymidine,Negative,HLA-DRB1*04:01,12,0,0,13,DRB1_0401,QEFFIASGAAVDAIMEVHFDYYDLQKATYHVGFT
VKEIDIAATLEHV,3H-thymidine,Positive,HLA-DRB1*04:01,12,9,75,13,DRB1_0401,QEFFIASGAAVDAIMEVHFDYYDLQKATYHVGFT
PGAGSLQPLALEGSL,CFSE,Positive,HLA-DQA1*03:01/DQB1*03:02,8,3,37.5,15,HLA-DQA10301-DQB10302,YNYHERRFATVLHIVYFGLTYYAVRTETVHLETT
ERNAGSGIIISDT,3H-thymidine,Positive,HLA-DQA1*01:02/DQB1*06:02,81,23,28.4,13,HLA-DQA10102-DQB10602,CNYHQGGGARVAHIMFFGLTYYDVGTETVHVAGI
VIGMDVAASEFFRSGKYDLD,CFSE,Positive,HLA-DPA1*01:03/DPB1*04:01,1,1,100,20,HLA-DPA10103-DPB10401,YAFFMFSGGAILNTLFGQFEYFAIEKVRMHLGMT
LPTFSSLNLRETNLESLPL,in vivo assay,Negative,HLA-DPA1*01:03/DPB1*04:01,10,0,0,19,HLA-DPA10103-DPB10401,YAFFMFSGGAILNTLFGQFEYFAIEKVRMHLGMT
VIGMDVAASEFYRSGKYDLD,in vivo assay,Negative,HLA-DPA1*01:03/DPB1*04:01,10,0,0,20,HLA-DPA10103-DPB10401,YAFFMFSGGAILNTLFGQFEYFAIEKVRMHLGMT
VSSVSSQFSDAAQASPSSHSS,3H-thymidine,Positive,HLA-DRB1*04:01,13,4,30.8,21,DRB1_0401,QEFFIASGAAVDAIMEVHFDYYDLQKATYHVGFT
GQVELGGGPGAGS,CFSE,Positive,HLA-DQA1*03:01/DQB1*03:02,8,2,25,13,HLA-DQA10301-DQB10302,YNYHERRFATVLHIVYFGLTYYAVRTETVHLETT
LLQTGIHVRVSQPSL,biological activity,Positive,HLA-DRB1*15:01,2,2,100,15,DRB1_1501,QEFFIASGAAVDAIMWPRFDYFDIQAATYHVVFT
PEQPTHAVCVLGTLTQLDIC,BrdU,Negative,HLA-DRB1*04:01,22,0,0,20,DRB1_0401,QEFFIASGAAVDAIMEVHFDYYDLQKATYHVGFT
TGVEISLCADITRTGKVKPT,BrdU,Negative,HLA-DRB1*04:01,22,0,0,20,DRB1_0401,QEFFIASGAAVDAIMEVHFDYYDLQKATYHVGFT
LHVARSEMDKVRVFQATRGK,BrdU,Negative,HLA-DRB1*04:04,22,0,0,20,DRB1_0404,QEFFIASGAAVDAIMEVHFDYYDLQRATYHVVFT
VRVFQATRGKLSSKCSVVLG,BrdU,Positive,HLA-DRB1*04:01,22,2,9.1,20,DRB1_0401,QEFFIASGAAVDAIMEVHFDYYDLQKATYHVGFT
LSSKCSVVLGPKWPSHYLMV,BrdU,Negative,HLA-DRB1*04:01,22,0,0,20,DRB1_0401,QEFFIASGAAVDAIMEVHFDYYDLQKATYHVGFT
APDRKGFRLLLASPRSCYKL,BrdU,Negative,HLA-DRB1*04:01,22,0,0,20,DRB1_0401,QEFFIASGAAVDAIMEVHFDYYDLQKATYHVGFT
VPPKEDIKPLKRPRDEDDA,biological activity,Positive,HLA-DRB1*11:04,22,3,13.6,19,DRB1_1104,QEFFIASGAAVDAIMESSFDYFDFDRATYHVVFT
KDWRKEMTNEEKN,biological activity,Positive,HLA-DRB1*11:04,22,3,13.6,13,DRB1_1104,QEFFIASGAAVDAIMESSFDYFDFDRATYHVVFT
TQMSQYFKAQTEARKQ,biological activity,Positive,HLA-DRB1*11:04,22,4,18.2,16,DRB1_1104,QEFFIASGAAVDAIMESSFDYFDFDRATYHVVFT
GSIKYIMLNPSSRIKGEK,biological activity,Positive,HLA-DRB1*11:04,22,5,22.7,18,DRB1_1104,QEFFIASGAAVDAIMESSFDYFDFDRATYHVVFT
DGQEYVVEFDFLGKDSIRY,biological activity,Positive,HLA-DRB1*11:04,22,6,27.3,19,DRB1_1104,QEFFIASGAAVDAIMESSFDYFDFDRATYHVVFT
DARRDLKSAKADAKVMK,biological activity,Positive,HLA-DRB1*11:04,22,3,13.6,17,DRB1_1104,QEFFIASGAAVDAIMESSFDYFDFDRATYHVVFT
KDAKTKKVVESKKKAVQRLEE,biological activity,Positive,HLA-DRB1*11:04,22,4,18.2,21,DRB1_1104,QEFFIASGAAVDAIMESSFDYFDFDRATYHVVFT
EQLMKLEVQATDREENKQ,biological activity,Positive,HLA-DRB1*04:01,22,5,22.7,18,DRB1_0401,QEFFIASGAAVDAIMEVHFDYYDLQKATYHVGFT
VPPKEDIKPLKRPRDEDDA,biological activity,Positive,HLA-DRB1*04:01,22,3,13.6,19,DRB1_0401,QEFFIASGAAVDAIMEVHFDYYDLQKATYHVGFT
VPPKEDIKPLKRPRDEDDA,biological activity,Positive,HLA-DRB1*15:02,22,3,13.6,19,DRB1_1502,QEFFIASGAAVDAIMWPRFDYFDIQAATYHVGFT
KDWRKEMTNEEKN,biological activity,Positive,HLA-DRB1*04:01,22,3,13.6,13,DRB1_0401,QEFFIASGAAVDAIMEVHFDYYDLQKATYHVGFT
TQMSQYFKAQTEARKQ,biological activity,Positive,HLA-DRB1*15:01,22,4,18.2,16,DRB1_1501,QEFFIASGAAVDAIMWPRFDYFDIQAATYHVVFT
TQMSQYFKAQTEARKQ,biological activity,Positive,HLA-DRB1*04:01,22,4,18.2,16,DRB1_0401,QEFFIASGAAVDAIMEVHFDYYDLQKATYHVGFT
TQMSQYFKAQTEARKQ,biological activity,Positive,HLA-DRB1*15:02,22,4,18.2,16,DRB1_1502,QEFFIASGAAVDAIMWPRFDYFDIQAATYHVGFT
GSIKYIMLNPSSRIKGEK,biological activity,Positive,HLA-DRB1*04:01,22,5,22.7,18,DRB1_0401,QEFFIASGAAVDAIMEVHFDYYDLQKATYHVGFT
GSIKYIMLNPSSRIKGEK,biological activity,Positive,HLA-DRB1*15:02,22,5,22.7,18,DRB1_1502,QEFFIASGAAVDAIMWPRFDYFDIQAATYHVGFT
GSIKYIMLNPSSRIKGEK,biological activity,Positive,HLA-DRB1*15:01,22,5,22.7,18,DRB1_1501,QEFFIASGAAVDAIMWPRFDYFDIQAATYHVVFT
DGQEYVVEFDFLGKDSIRY,biological activity,Positive,HLA-DRB1*15:01,22,6,27.3,19,DRB1_1501,QEFFIASGAAVDAIMWPRFDYFDIQAATYHVVFT
DGQEYVVEFDFLGKDSIRY,biological activity,Positive,HLA-DRB1*04:01,22,6,27.3,19,DRB1_0401,QEFFIASGAAVDAIMEVHFDYYDLQKATYHVGFT
DARRDLKSAKADAKVMK,biological activity,Positive,HLA-DRB1*15:01,22,3,13.6,17,DRB1_1501,QEFFIASGAAVDAIMWPRFDYFDIQAATYHVVFT
KDAKTKKVVESKKKAVQRLEE,biological activity,Positive,HLA-DRB1*15:02,22,4,18.2,21,DRB1_1502,QEFFIASGAAVDAIMWPRFDYFDIQAATYHVGFT
EQLMKLEVQATDREENKQ,biological activity,Positive,HLA-DRB1*15:02,22,5,22.7,18,DRB1_1502,QEFFIASGAAVDAIMWPRFDYFDIQAATYHVGFT
EQLMKLEVQATDREENKQ,biological activity,Positive,HLA-DRB1*11:04,22,5,22.7,18,DRB1_1104,QEFFIASGAAVDAIMESSFDYFDFDRATYHVVFT
EQLMKLEVQATDREENKQ,biological activity,Positive,HLA-DRB1*09:01,22,5,22.7,18,DRB1_0901,QEFFIASGAAVDAIMKDFYHGYVFRRETVHVGFT
EQLMKLEVQATDREENKQ,biological activity,Positive,HLA-DRB1*04:02,22,5,22.7,18,DRB1_0402,QEFFIASGAAVDAIMEVHFDYYDIDEATYHVVFT
