,Description,Qualitative Measure,Allele Name1,label,Allele Name,sequence
0,VLKSYVLEGTLTAEK,Positive,DRB1_0401,1,HLA-DRB1*04:01,QEFFIASGAAVDAIMEVHFDYYDLQKATYHVGFT
1,EYLNKIQNSLSTEWSPCSVT,Positive,DRB1_0401,1,HLA-DRB1*04:01,QEFFIASGAAVDAIMEVHFDYYDLQKATYHVGFT
2,LSFLPSDFFPSVRDL,Positive,DRB1_0401,1,HLA-DRB1*04:01,QEFFIASGAAVDAIMEVHFDYYDLQKATYHVGFT
3,DEEFNKKMQEQNAKFFADKP,Positive,DRB1_0401,1,HLA-DRB1*04:01,QEFFIASGAAVDAIMEVHFDYYDLQKATYHVGFT
4,ELEKYQQLNSERGVPN,Positive,DRB1_0401,1,HLA-DRB1*04:01,QEFFIASGAAVDAIMEVHFDYYDLQKATYHVGFT
5,TVYRICVTNRGSA,Positive,DRB1_0401,1,HLA-DRB1*04:01,QEFFIASGAAVDAIMEVHFDYYDLQKATYHVGFT
6,QPLALEGSLQSRG,Positive,DRB1_0401,1,HLA-DRB1*04:01,QEFFIASGAAVDAIMEVHFDYYDLQKATYHVGFT
7,SLQPLALEGSLQKRG,Positive,DRB1_0401,1,HLA-DRB1*04:01,QEFFIASGAAVDAIMEVHFDYYDLQKATYHVGFT
8,NFFRMVISNPAAT,Positive,DRB1_0401,1,HLA-DRB1*04:01,QEFFIASGAAVDAIMEVHFDYYDLQKATYHVGFT
9,RSFTLASSETGVG,Positive,DRB1_0401,1,HLA-DRB1*04:01,QEFFIASGAAVDAIMEVHFDYYDLQKATYHVGFT
10,LSRFSWGAEGQRPGFGYGG,Positive,DRB1_0401,1,HLA-DRB1*04:01,QEFFIASGAAVDAIMEVHFDYYDLQKATYHVGFT
11,GIVEQCCTSICSLYQ,Positive,DRB1_0401,1,HLA-DRB1*04:01,QEFFIASGAAVDAIMEVHFDYYDLQKATYHVGFT
12,RDYFEEYGKIDTIEIIT,Positive,DRB1_0401,1,HLA-DRB1*04:01,QEFFIASGAAVDAIMEVHFDYYDLQKATYHVGFT
13,FEEYGKIDTIEIIT,Positive,DRB1_0401,1,HLA-DRB1*04:01,QEFFIASGAAVDAIMEVHFDYYDLQKATYHVGFT
14,CYPYDVPDYASLRSLVASSG,Positive,DRB1_0401,1,HLA-DRB1*04:01,QEFFIASGAAVDAIMEVHFDYYDLQKATYHVGFT
15,GLQRRRFVQNALNGNGDPNN,Positive,DRB1_0401,1,HLA-DRB1*04:01,QEFFIASGAAVDAIMEVHFDYYDLQKATYHVGFT
16,DVMNILLQYVVKSFDRSTKV,Positive,DRB1_0401,1,HLA-DRB1*04:01,QEFFIASGAAVDAIMEVHFDYYDLQKATYHVGFT
17,LIAFTSEHSHFSLKKGAAAL,Positive,DRB1_0401,1,HLA-DRB1*04:01,QEFFIASGAAVDAIMEVHFDYYDLQKATYHVGFT
18,KVNFFRMVISNPAATHQDID,Positive,DRB1_0401,1,HLA-DRB1*04:01,QEFFIASGAAVDAIMEVHFDYYDLQKATYHVGFT
19,EITNKVNSVIEKMNTQFTAV,Positive,DRB1_0401,1,HLA-DRB1*04:01,QEFFIASGAAVDAIMEVHFDYYDLQKATYHVGFT
20,QDFTNRINKLKNS,Negative,DRB1_0401,0,HLA-DRB1*04:01,QEFFIASGAAVDAIMEVHFDYYDLQKATYHVGFT
21,EKVEKMNTQYTAT,Positive,DRB1_0401,1,HLA-DRB1*04:01,QEFFIASGAAVDAIMEVHFDYYDLQKATYHVGFT
22,KMIEKMNTQTEVR,Positive,DRB1_0401,1,HLA-DRB1*04:01,QEFFIASGAAVDAIMEVHFDYYDLQKATYHVGFT
23,GTYRLIPNARANLTA,Positive,DRB1_0401,1,HLA-DRB1*04:01,QEFFIASGAAVDAIMEVHFDYYDLQKATYHVGFT
24,WEDLFCDESLSSPEPPSSSE,Negative,DRB1_0401,0,HLA-DRB1*04:01,QEFFIASGAAVDAIMEVHFDYYDLQKATYHVGFT
25,CISCKLSRQHCSLKTLKQKN,Positive,DRB1_0401,1,HLA-DRB1*04:01,QEFFIASGAAVDAIMEVHFDYYDLQKATYHVGFT
26,DRTIPDYTSFNTVDEWLEAI,Negative,DRB1_0401,0,HLA-DRB1*04:01,QEFFIASGAAVDAIMEVHFDYYDLQKATYHVGFT
27,IGERTGFRPVRPQIRLEREQ,Negative,DRB1_0401,0,HLA-DRB1*04:01,QEFFIASGAAVDAIMEVHFDYYDLQKATYHVGFT
28,DRTVLGILVSYQIKVKLTVS,Negative,DRB1_0401,0,HLA-DRB1*04:01,QEFFIASGAAVDAIMEVHFDYYDLQKATYHVGFT
29,VVAAAAAAAVAAQGVPQHLL,Negative,DRB1_0401,0,HLA-DRB1*04:01,QEFFIASGAAVDAIMEVHFDYYDLQKATYHVGFT
30,ESRPSMGRKLSSPTTPRDML,Negative,DRB1_0401,0,HLA-DRB1*04:01,QEFFIASGAAVDAIMEVHFDYYDLQKATYHVGFT
31,VAFSTSSQLGLMMVTIGINQ,Negative,DRB1_0401,0,HLA-DRB1*04:01,QEFFIASGAAVDAIMEVHFDYYDLQKATYHVGFT
32,VLVVLAVLGAVVTAMMCRRK,Negative,DRB1_0401,0,HLA-DRB1*04:01,QEFFIASGAAVDAIMEVHFDYYDLQKATYHVGFT
33,ETLQRAEHPKTHVTHHPVSD,Negative,DRB1_0401,0,HLA-DRB1*04:01,QEFFIASGAAVDAIMEVHFDYYDLQKATYHVGFT
34,RCHQHFLRTEAKVKEEIPDP,Negative,DRB1_0401,0,HLA-DRB1*04:01,QEFFIASGAAVDAIMEVHFDYYDLQKATYHVGFT
35,HEQTLASPSVFKSTKLPTPG,Negative,DRB1_0401,0,HLA-DRB1*04:01,QEFFIASGAAVDAIMEVHFDYYDLQKATYHVGFT
36,FSSGLAIAMYHLD,Negative,DRB1_0401,0,HLA-DRB1*04:01,QEFFIASGAAVDAIMEVHFDYYDLQKATYHVGFT
37,QGILRQNEQRWRW,Negative,DRB1_0401,0,HLA-DRB1*04:01,QEFFIASGAAVDAIMEVHFDYYDLQKATYHVGFT
38,VWPMTEREDDLNV,Negative,DRB1_0401,0,HLA-DRB1*04:01,QEFFIASGAAVDAIMEVHFDYYDLQKATYHVGFT
39,HKDFNSQLAPGVD,Negative,DRB1_0401,0,HLA-DRB1*04:01,QEFFIASGAAVDAIMEVHFDYYDLQKATYHVGFT
40,PQVLPYPCWSGAP,Negative,DRB1_0401,0,HLA-DRB1*04:01,QEFFIASGAAVDAIMEVHFDYYDLQKATYHVGFT
41,LVVWLGLNVFLFV,Negative,DRB1_0401,0,HLA-DRB1*04:01,QEFFIASGAAVDAIMEVHFDYYDLQKATYHVGFT
42,SDPPNIAGLSHFC,Negative,DRB1_0401,0,HLA-DRB1*04:01,QEFFIASGAAVDAIMEVHFDYYDLQKATYHVGFT
43,RLWTLTEHQKIHTGE,Negative,DRB1_0401,0,HLA-DRB1*04:01,QEFFIASGAAVDAIMEVHFDYYDLQKATYHVGFT
44,EEYVRFDSDVGEYRA,Negative,DRB1_0401,0,HLA-DRB1*04:01,QEFFIASGAAVDAIMEVHFDYYDLQKATYHVGFT
45,KLRGPSYIWTFRLKS,Negative,DRB1_0401,0,HLA-DRB1*04:01,QEFFIASGAAVDAIMEVHFDYYDLQKATYHVGFT
46,EEERQKREAEEKEAQ,Negative,DRB1_0401,0,HLA-DRB1*04:01,QEFFIASGAAVDAIMEVHFDYYDLQKATYHVGFT
47,LGWPAVLRKLRFTAV,Negative,DRB1_0401,0,HLA-DRB1*04:01,QEFFIASGAAVDAIMEVHFDYYDLQKATYHVGFT
48,GRTRGCVSHGAGVLTC,Negative,DRB1_0401,0,HLA-DRB1*04:01,QEFFIASGAAVDAIMEVHFDYYDLQKATYHVGFT
49,QQLQQELLALKQQQQLQKQ,Negative,DRB1_0401,0,HLA-DRB1*04:01,QEFFIASGAAVDAIMEVHFDYYDLQKATYHVGFT
50,DQFLLMYTAGFLQIQEI,Negative,DRB1_0401,0,HLA-DRB1*04:01,QEFFIASGAAVDAIMEVHFDYYDLQKATYHVGFT
51,SDECGSPRSHTAAC,Negative,DRB1_0401,0,HLA-DRB1*04:01,QEFFIASGAAVDAIMEVHFDYYDLQKATYHVGFT
52,PAAPTCEVKSCDDFMGQLLN,Negative,DRB1_0401,0,HLA-DRB1*04:01,QEFFIASGAAVDAIMEVHFDYYDLQKATYHVGFT
53,QNFFWGGSPRRGTRWDCGYC,Negative,DRB1_0401,0,HLA-DRB1*04:01,QEFFIASGAAVDAIMEVHFDYYDLQKATYHVGFT
54,LDALEKIKAIGNEVTVDKWE,Negative,DRB1_0401,0,HLA-DRB1*04:01,QEFFIASGAAVDAIMEVHFDYYDLQKATYHVGFT
55,GAVVTAMMCRRKSSGGKGGS,Negative,DRB1_0401,0,HLA-DRB1*04:01,QEFFIASGAAVDAIMEVHFDYYDLQKATYHVGFT
56,PPELYGSKGETQIKENHGWI,Negative,DRB1_0401,0,HLA-DRB1*04:01,QEFFIASGAAVDAIMEVHFDYYDLQKATYHVGFT
57,DSDAASPRMAPRAPWIEQEG,Negative,DRB1_0401,0,HLA-DRB1*04:01,QEFFIASGAAVDAIMEVHFDYYDLQKATYHVGFT
58,HSMRYFDTAVSRPGRGEPRF,Negative,DRB1_0401,0,HLA-DRB1*04:01,QEFFIASGAAVDAIMEVHFDYYDLQKATYHVGFT
59,QLKMLNTNYHLSPLPKPMKM,Negative,DRB1_0401,0,HLA-DRB1*04:01,QEFFIASGAAVDAIMEVHFDYYDLQKATYHVGFT
60,ATLAGRLYSGRPNSGSREDS,Negative,DRB1_0401,0,HLA-DRB1*04:01,QEFFIASGAAVDAIMEVHFDYYDLQKATYHVGFT
61,PNPGNWPPIYCKSDDRTRVN,Negative,DRB1_0401,0,HLA-DRB1*04:01,QEFFIASGAAVDAIMEVHFDYYDLQKATYHVGFT
62,SISISGSSRPCLD,Negative,DRB1_0401,0,HLA-DRB1*04:01,QEFFIASGAAVDAIMEVHFDYYDLQKATYHVGFT
63,RIVCAERTVLLLQ,Negative,DRB1_0401,0,HLA-DRB1*04:01,QEFFIASGAAVDAIMEVHFDYYDLQKATYHVGFT
64,HWATTQTTQLSLS,Negative,DRB1_0401,0,HLA-DRB1*04:01,QEFFIASGAAVDAIMEVHFDYYDLQKATYHVGFT
65,GKSNVASLRQAPG,Negative,DRB1_0401,0,HLA-DRB1*04:01,QEFFIASGAAVDAIMEVHFDYYDLQKATYHVGFT
66,NGDTPNLSFYRNE,Negative,DRB1_0401,0,HLA-DRB1*04:01,QEFFIASGAAVDAIMEVHFDYYDLQKATYHVGFT
67,LLLSVLEFCIAVS,Negative,DRB1_0401,0,HLA-DRB1*04:01,QEFFIASGAAVDAIMEVHFDYYDLQKATYHVGFT
68,SPLSSPASSGSCA,Negative,DRB1_0401,0,HLA-DRB1*04:01,QEFFIASGAAVDAIMEVHFDYYDLQKATYHVGFT
69,TTASTAGSETTTTST,Negative,DRB1_0401,0,HLA-DRB1*04:01,QEFFIASGAAVDAIMEVHFDYYDLQKATYHVGFT
70,THQRTHTGEKPYVCR,Negative,DRB1_0401,0,HLA-DRB1*04:01,QEFFIASGAAVDAIMEVHFDYYDLQKATYHVGFT
71,VNGSITPTDKKIGFL,Negative,DRB1_0401,0,HLA-DRB1*04:01,QEFFIASGAAVDAIMEVHFDYYDLQKATYHVGFT
72,YPASSLVVVRSKTED,Negative,DRB1_0401,0,HLA-DRB1*04:01,QEFFIASGAAVDAIMEVHFDYYDLQKATYHVGFT
73,EVQRLTRACHQAMMV,Negative,DRB1_0401,0,HLA-DRB1*04:01,QEFFIASGAAVDAIMEVHFDYYDLQKATYHVGFT
74,VTSIIAESLQGWNLVQ,Negative,DRB1_0401,0,HLA-DRB1*04:01,QEFFIASGAAVDAIMEVHFDYYDLQKATYHVGFT
75,SSFDPCMYRELLLVHRFAP,Negative,DRB1_0401,0,HLA-DRB1*04:01,QEFFIASGAAVDAIMEVHFDYYDLQKATYHVGFT
76,WVSGRNEAEAREKAAKE,Negative,DRB1_0401,0,HLA-DRB1*04:01,QEFFIASGAAVDAIMEVHFDYYDLQKATYHVGFT
77,PFYIPRQDCNTSLV,Negative,DRB1_0401,0,HLA-DRB1*04:01,QEFFIASGAAVDAIMEVHFDYYDLQKATYHVGFT
78,AAPTGNTSLIPVLVFPEGSF,Negative,DRB1_0401,0,HLA-DRB1*04:01,QEFFIASGAAVDAIMEVHFDYYDLQKATYHVGFT
79,SGGEKQRVAIARAILKDPPV,Negative,DRB1_0401,0,HLA-DRB1*04:01,QEFFIASGAAVDAIMEVHFDYYDLQKATYHVGFT
80,RYSATRIAEHIAKEMKMKIF,Negative,DRB1_0401,0,HLA-DRB1*04:01,QEFFIASGAAVDAIMEVHFDYYDLQKATYHVGFT
81,CNGEAGGLPGLTEAPQLLPP,Negative,DRB1_0401,0,HLA-DRB1*04:01,QEFFIASGAAVDAIMEVHFDYYDLQKATYHVGFT
82,KGVDDLDFFIGDEAIEKPTY,Negative,DRB1_0401,0,HLA-DRB1*04:01,QEFFIASGAAVDAIMEVHFDYYDLQKATYHVGFT
83,LRGHPTPLEREPCKISFSRI,Negative,DRB1_0401,0,HLA-DRB1*04:01,QEFFIASGAAVDAIMEVHFDYYDLQKATYHVGFT
84,QNQKAIASSLKSWNETLTSR,Negative,DRB1_0401,0,HLA-DRB1*04:01,QEFFIASGAAVDAIMEVHFDYYDLQKATYHVGFT
85,AQLNHCVFTQRKITRPSQRP,Negative,DRB1_0401,0,HLA-DRB1*04:01,QEFFIASGAAVDAIMEVHFDYYDLQKATYHVGFT
86,AVLAVLAVLAILAVLGAVVA,Negative,DRB1_0401,0,HLA-DRB1*04:01,QEFFIASGAAVDAIMEVHFDYYDLQKATYHVGFT
87,HLTKHQRTHTGERPYKCLVC,Negative,DRB1_0401,0,HLA-DRB1*04:01,QEFFIASGAAVDAIMEVHFDYYDLQKATYHVGFT
88,HTHASVESASSHQ,Negative,DRB1_0401,0,HLA-DRB1*04:01,QEFFIASGAAVDAIMEVHFDYYDLQKATYHVGFT
89,CLLVTLAAHLPAE,Negative,DRB1_0401,0,HLA-DRB1*04:01,QEFFIASGAAVDAIMEVHFDYYDLQKATYHVGFT
90,GDVEFVCKVYSDA,Negative,DRB1_0401,0,HLA-DRB1*04:01,QEFFIASGAAVDAIMEVHFDYYDLQKATYHVGFT
91,SLNSQVTGLPLGT,Negative,DRB1_0401,0,HLA-DRB1*04:01,QEFFIASGAAVDAIMEVHFDYYDLQKATYHVGFT
92,GHTTPLPVTDASS,Negative,DRB1_0401,0,HLA-DRB1*04:01,QEFFIASGAAVDAIMEVHFDYYDLQKATYHVGFT
93,GMCYFTNGTERVR,Negative,DRB1_0401,0,HLA-DRB1*04:01,QEFFIASGAAVDAIMEVHFDYYDLQKATYHVGFT
94,SPAEKSCSVWHAA,Negative,DRB1_0401,0,HLA-DRB1*04:01,QEFFIASGAAVDAIMEVHFDYYDLQKATYHVGFT
95,MVAVFYTVITAILNP,Negative,DRB1_0401,0,HLA-DRB1*04:01,QEFFIASGAAVDAIMEVHFDYYDLQKATYHVGFT
96,SVGELSVPEKYKSIH,Negative,DRB1_0401,0,HLA-DRB1*04:01,QEFFIASGAAVDAIMEVHFDYYDLQKATYHVGFT
97,QPVDQASLPDFQIQT,Negative,DRB1_0401,0,HLA-DRB1*04:01,QEFFIASGAAVDAIMEVHFDYYDLQKATYHVGFT
98,STLTKHKKIHTGEKP,Negative,DRB1_0401,0,HLA-DRB1*04:01,QEFFIASGAAVDAIMEVHFDYYDLQKATYHVGFT
99,GTFTRGYRAMVLDVE,Negative,DRB1_0401,0,HLA-DRB1*04:01,QEFFIASGAAVDAIMEVHFDYYDLQKATYHVGFT
100,RNVRNAQAPPRPGACL,Negative,DRB1_0401,0,HLA-DRB1*04:01,QEFFIASGAAVDAIMEVHFDYYDLQKATYHVGFT
101,SFFETEHLLMKFSRRMAIM,Negative,DRB1_0401,0,HLA-DRB1*04:01,QEFFIASGAAVDAIMEVHFDYYDLQKATYHVGFT
102,LLLTCGFAEAGKLLVVP,Negative,DRB1_0401,0,HLA-DRB1*04:01,QEFFIASGAAVDAIMEVHFDYYDLQKATYHVGFT
103,AARVAEQLRAYLEG,Negative,DRB1_0401,0,HLA-DRB1*04:01,QEFFIASGAAVDAIMEVHFDYYDLQKATYHVGFT
104,FTLTISSLEPEDFAIYYCQQ,Negative,DRB1_0401,0,HLA-DRB1*04:01,QEFFIASGAAVDAIMEVHFDYYDLQKATYHVGFT
105,SNAGNKSLKNQLGLTFQLHL,Negative,DRB1_0401,0,HLA-DRB1*04:01,QEFFIASGAAVDAIMEVHFDYYDLQKATYHVGFT
106,QGSAVAAEAEPGKEEPPARS,Negative,DRB1_0401,0,HLA-DRB1*04:01,QEFFIASGAAVDAIMEVHFDYYDLQKATYHVGFT
107,SQLHVHKRIHTGEKPYVCNK,Negative,DRB1_0401,0,HLA-DRB1*04:01,QEFFIASGAAVDAIMEVHFDYYDLQKATYHVGFT
108,QELCHGWLRPEMRTKEQILE,Negative,DRB1_0401,0,HLA-DRB1*04:01,QEFFIASGAAVDAIMEVHFDYYDLQKATYHVGFT
109,LPAGQEPLPHQDPLLTKDLP,Negative,DRB1_0401,0,HLA-DRB1*04:01,QEFFIASGAAVDAIMEVHFDYYDLQKATYHVGFT
110,YCAKEGGDSSGYYYWWYFDY,Negative,DRB1_0401,0,HLA-DRB1*04:01,QEFFIASGAAVDAIMEVHFDYYDLQKATYHVGFT
111,LPHQDPLLTKDLPAIQESPT,Negative,DRB1_0401,0,HLA-DRB1*04:01,QEFFIASGAAVDAIMEVHFDYYDLQKATYHVGFT
112,QGHGNLSGTSFQQSPVRPSF,Negative,DRB1_0401,0,HLA-DRB1*04:01,QEFFIASGAAVDAIMEVHFDYYDLQKATYHVGFT
113,VVVRRTKLQMQTTALEFRQR,Negative,DRB1_0401,0,HLA-DRB1*04:01,QEFFIASGAAVDAIMEVHFDYYDLQKATYHVGFT
114,SKNVKLTVSNVLK,Negative,DRB1_0401,0,HLA-DRB1*04:01,QEFFIASGAAVDAIMEVHFDYYDLQKATYHVGFT
115,LWYMNSDPNINQF,Negative,DRB1_0401,0,HLA-DRB1*04:01,QEFFIASGAAVDAIMEVHFDYYDLQKATYHVGFT
116,IIAVNGQSLEGVT,Negative,DRB1_0401,0,HLA-DRB1*04:01,QEFFIASGAAVDAIMEVHFDYYDLQKATYHVGFT
117,LDIIKYIVNRGEH,Negative,DRB1_0401,0,HLA-DRB1*04:01,QEFFIASGAAVDAIMEVHFDYYDLQKATYHVGFT
118,LFLLGVTKYTAGP,Negative,DRB1_0401,0,HLA-DRB1*04:01,QEFFIASGAAVDAIMEVHFDYYDLQKATYHVGFT
119,DKNHLFEKQDTYL,Negative,DRB1_0401,0,HLA-DRB1*04:01,QEFFIASGAAVDAIMEVHFDYYDLQKATYHVGFT
120,WEAARAAEQQRAY,Negative,DRB1_0401,0,HLA-DRB1*04:01,QEFFIASGAAVDAIMEVHFDYYDLQKATYHVGFT
121,KIQEENVIPREKTLR,Negative,DRB1_0401,0,HLA-DRB1*04:01,QEFFIASGAAVDAIMEVHFDYYDLQKATYHVGFT
122,AVEVPAGRVLSAREL,Negative,DRB1_0401,0,HLA-DRB1*04:01,QEFFIASGAAVDAIMEVHFDYYDLQKATYHVGFT
123,NLDLNSEKQSGGAST,Negative,DRB1_0401,0,HLA-DRB1*04:01,QEFFIASGAAVDAIMEVHFDYYDLQKATYHVGFT
124,FCSCCPGWSAMVRSR,Negative,DRB1_0401,0,HLA-DRB1*04:01,QEFFIASGAAVDAIMEVHFDYYDLQKATYHVGFT
125,TERVRFLDRYFYHQE,Negative,DRB1_0401,0,HLA-DRB1*04:01,QEFFIASGAAVDAIMEVHFDYYDLQKATYHVGFT
126,YTVNVTLLRSPKRHSV,Negative,DRB1_0401,0,HLA-DRB1*04:01,QEFFIASGAAVDAIMEVHFDYYDLQKATYHVGFT
127,SSDSDSKSDSSDSNSSDSS,Negative,DRB1_0401,0,HLA-DRB1*04:01,QEFFIASGAAVDAIMEVHFDYYDLQKATYHVGFT
128,ITAPTLALTIALLLWTP,Negative,DRB1_0401,0,HLA-DRB1*04:01,QEFFIASGAAVDAIMEVHFDYYDLQKATYHVGFT
129,AGGIPLLARLLKTS,Negative,DRB1_0401,0,HLA-DRB1*04:01,QEFFIASGAAVDAIMEVHFDYYDLQKATYHVGFT
130,SPCSRKKPRMGQQVLDNFFR,Negative,DRB1_0401,0,HLA-DRB1*04:01,QEFFIASGAAVDAIMEVHFDYYDLQKATYHVGFT
131,MELSSLRSEDTAVYYCAGGD,Negative,DRB1_0401,0,HLA-DRB1*04:01,QEFFIASGAAVDAIMEVHFDYYDLQKATYHVGFT
132,RVTAPRTVLLLLSGALALTE,Negative,DRB1_0401,0,HLA-DRB1*04:01,QEFFIASGAAVDAIMEVHFDYYDLQKATYHVGFT
133,SGMQIALNDHLKQRREVAKT,Negative,DRB1_0401,0,HLA-DRB1*04:01,QEFFIASGAAVDAIMEVHFDYYDLQKATYHVGFT
134,NSVQGTVAFEDVAVNFSQEE,Negative,DRB1_0401,0,HLA-DRB1*04:01,QEFFIASGAAVDAIMEVHFDYYDLQKATYHVGFT
135,GDSGGPLVCGDHLRGLVSWG,Negative,DRB1_0401,0,HLA-DRB1*04:01,QEFFIASGAAVDAIMEVHFDYYDLQKATYHVGFT
136,INPLMKLINRSFIDLPTPSN,Negative,DRB1_0401,0,HLA-DRB1*04:01,QEFFIASGAAVDAIMEVHFDYYDLQKATYHVGFT
137,LWLSFRSWASGALVSLVDTS,Negative,DRB1_0401,0,HLA-DRB1*04:01,QEFFIASGAAVDAIMEVHFDYYDLQKATYHVGFT
138,WAMMSIGFLGFIVWAHHMFT,Negative,DRB1_0401,0,HLA-DRB1*04:01,QEFFIASGAAVDAIMEVHFDYYDLQKATYHVGFT
139,DSKTTLYLQMNSLKTDDTAV,Negative,DRB1_0401,0,HLA-DRB1*04:01,QEFFIASGAAVDAIMEVHFDYYDLQKATYHVGFT
140,PEPAVPADLAEMA,Negative,DRB1_0401,0,HLA-DRB1*04:01,QEFFIASGAAVDAIMEVHFDYYDLQKATYHVGFT
141,PDGRLLRGHDQSA,Negative,DRB1_0401,0,HLA-DRB1*04:01,QEFFIASGAAVDAIMEVHFDYYDLQKATYHVGFT
142,KAPIQQLADRFSG,Negative,DRB1_0401,0,HLA-DRB1*04:01,QEFFIASGAAVDAIMEVHFDYYDLQKATYHVGFT
143,CLDLSSNKLKTVK,Negative,DRB1_0401,0,HLA-DRB1*04:01,QEFFIASGAAVDAIMEVHFDYYDLQKATYHVGFT
144,RAVTELGRPDAEY,Negative,DRB1_0401,0,HLA-DRB1*04:01,QEFFIASGAAVDAIMEVHFDYYDLQKATYHVGFT
145,MTSKLTQDSRMES,Negative,DRB1_0401,0,HLA-DRB1*04:01,QEFFIASGAAVDAIMEVHFDYYDLQKATYHVGFT
146,RCPVCTPREELSS,Negative,DRB1_0401,0,HLA-DRB1*04:01,QEFFIASGAAVDAIMEVHFDYYDLQKATYHVGFT
147,LPPVNSSIIAAPITD,Negative,DRB1_0401,0,HLA-DRB1*04:01,QEFFIASGAAVDAIMEVHFDYYDLQKATYHVGFT
148,DMSAKEKLLLWTQKV,Negative,DRB1_0401,0,HLA-DRB1*04:01,QEFFIASGAAVDAIMEVHFDYYDLQKATYHVGFT
149,SRPGRGEPRFISVGY,Negative,DRB1_0401,0,HLA-DRB1*04:01,QEFFIASGAAVDAIMEVHFDYYDLQKATYHVGFT
150,LNVSNNRLTGLEPLA,Negative,DRB1_0401,0,HLA-DRB1*04:01,QEFFIASGAAVDAIMEVHFDYYDLQKATYHVGFT
151,FQKWAAVVVPSGEEQ,Negative,DRB1_0401,0,HLA-DRB1*04:01,QEFFIASGAAVDAIMEVHFDYYDLQKATYHVGFT
152,VLLVLDTVGAGNGMIG,Negative,DRB1_0401,0,HLA-DRB1*04:01,QEFFIASGAAVDAIMEVHFDYYDLQKATYHVGFT
153,CGKGYKRRLDLDFHQRVHR,Negative,DRB1_0401,0,HLA-DRB1*04:01,QEFFIASGAAVDAIMEVHFDYYDLQKATYHVGFT
154,ELTRMESQLSASKPTGG,Negative,DRB1_0401,0,HLA-DRB1*04:01,QEFFIASGAAVDAIMEVHFDYYDLQKATYHVGFT
155,SGSSLGLSLGSNST,Negative,DRB1_0401,0,HLA-DRB1*04:01,QEFFIASGAAVDAIMEVHFDYYDLQKATYHVGFT
156,VLKSYVLEGTLTAEK,Negative,DRB1_0101,0,HLA-DRB1*01:01,QEFFIASGAAVDAIMWLFLECYDLQRATYHVGFT
157,PKYVKQNTLKLAT,Positive,DRB1_0101,1,HLA-DRB1*01:01,QEFFIASGAAVDAIMWLFLECYDLQRATYHVGFT
158,PPAYRPPNAPILSTL,Positive,DRB1_0101,1,HLA-DRB1*01:01,QEFFIASGAAVDAIMWLFLECYDLQRATYHVGFT
159,GLMQNCNQMHASYLFQQDK,Positive,DRB1_0101,1,HLA-DRB1*01:01,QEFFIASGAAVDAIMWLFLECYDLQRATYHVGFT
160,FEEYGKIDTIEIIT,Positive,DRB1_0101,1,HLA-DRB1*01:01,QEFFIASGAAVDAIMWLFLECYDLQRATYHVGFT
161,SNGNFIAPEYAYKIVK,Positive,DRB1_0101,1,HLA-DRB1*01:01,QEFFIASGAAVDAIMWLFLECYDLQRATYHVGFT
162,ITKYFMKLGGSGSP,Positive,DRB1_0101,1,HLA-DRB1*01:01,QEFFIASGAAVDAIMWLFLECYDLQRATYHVGFT
163,FIFTRHSQTTAIPSCPEGTQ,Positive,DRB1_0101,1,HLA-DRB1*01:01,QEFFIASGAAVDAIMWLFLECYDLQRATYHVGFT
164,APISGRALEPYISRCTVCEG,Positive,DRB1_0101,1,HLA-DRB1*01:01,QEFFIASGAAVDAIMWLFLECYDLQRATYHVGFT
165,EPYISRCTVCEGPAMAIAVH,Positive,DRB1_0101,1,HLA-DRB1*01:01,QEFFIASGAAVDAIMWLFLECYDLQRATYHVGFT
166,SFWLASLNPERMFRKPIPST,Positive,DRB1_0101,1,HLA-DRB1*01:01,QEFFIASGAAVDAIMWLFLECYDLQRATYHVGFT
167,LRGIPGPVGEQGLPG,Positive,DRB1_0101,1,HLA-DRB1*01:01,QEFFIASGAAVDAIMWLFLECYDLQRATYHVGFT
168,VAAAPQVKYAVFEAALTKAI,Positive,DRB1_0101,1,HLA-DRB1*01:01,QEFFIASGAAVDAIMWLFLECYDLQRATYHVGFT
169,LNKIVRMYSPTSILD,Positive,DRB1_0101,1,HLA-DRB1*01:01,QEFFIASGAAVDAIMWLFLECYDLQRATYHVGFT
170,DILLTQSPAILSVSP,Positive,DRB1_0101,1,HLA-DRB1*01:01,QEFFIASGAAVDAIMWLFLECYDLQRATYHVGFT
171,VPDYASLRSLVASSG,Positive,DRB1_0101,1,HLA-DRB1*01:01,QEFFIASGAAVDAIMWLFLECYDLQRATYHVGFT
172,RVTAPRTVLLLLWGA,Negative,DRB1_0101,0,HLA-DRB1*01:01,QEFFIASGAAVDAIMWLFLECYDLQRATYHVGFT
173,EYVRHLAGEVAKEWQ,Negative,DRB1_0101,0,HLA-DRB1*01:01,QEFFIASGAAVDAIMWLFLECYDLQRATYHVGFT
174,GERATINCKSSQSVL,Negative,DRB1_0101,0,HLA-DRB1*01:01,QEFFIASGAAVDAIMWLFLECYDLQRATYHVGFT
175,SIGLHTREVSKNYEQ,Negative,DRB1_0101,0,HLA-DRB1*01:01,QEFFIASGAAVDAIMWLFLECYDLQRATYHVGFT
176,ARDSQGNQEPTTTPD,Negative,DRB1_0101,0,HLA-DRB1*01:01,QEFFIASGAAVDAIMWLFLECYDLQRATYHVGFT
177,SPLLLWTLLLFAAPF,Negative,DRB1_0101,0,HLA-DRB1*01:01,QEFFIASGAAVDAIMWLFLECYDLQRATYHVGFT
178,NLFSLVQVSCLRIPAVRTVL,Negative,DRB1_0101,0,HLA-DRB1*01:01,QEFFIASGAAVDAIMWLFLECYDLQRATYHVGFT
179,PWPLTGALSALLMTSGLAMW,Negative,DRB1_0101,0,HLA-DRB1*01:01,QEFFIASGAAVDAIMWLFLECYDLQRATYHVGFT
180,QVVDFLSRNKQLYQKTEILS,Negative,DRB1_0101,0,HLA-DRB1*01:01,QEFFIASGAAVDAIMWLFLECYDLQRATYHVGFT
181,LYLCEFCLKYMKSKNILLRH,Negative,DRB1_0101,0,HLA-DRB1*01:01,QEFFIASGAAVDAIMWLFLECYDLQRATYHVGFT
182,NRLLELVLLVGNYMNSGSRN,Negative,DRB1_0101,0,HLA-DRB1*01:01,QEFFIASGAAVDAIMWLFLECYDLQRATYHVGFT
183,IASTQDKPNQQDIV,Negative,DRB1_0101,0,HLA-DRB1*01:01,QEFFIASGAAVDAIMWLFLECYDLQRATYHVGFT
184,ETNKLRAKLGLKPL,Negative,DRB1_0101,0,HLA-DRB1*01:01,QEFFIASGAAVDAIMWLFLECYDLQRATYHVGFT
185,PDGRLLRGYDQSA,Negative,DRB1_0101,0,HLA-DRB1*01:01,QEFFIASGAAVDAIMWLFLECYDLQRATYHVGFT
186,EEAQAVDQELFNEYQFSVD,Negative,DRB1_0101,0,HLA-DRB1*01:01,QEFFIASGAAVDAIMWLFLECYDLQRATYHVGFT
187,QEVPICTDPISKQEDS,Negative,DRB1_0101,0,HLA-DRB1*01:01,QEFFIASGAAVDAIMWLFLECYDLQRATYHVGFT
188,LDQIPSYDTHKIAVL,Negative,DRB1_0101,0,HLA-DRB1*01:01,QEFFIASGAAVDAIMWLFLECYDLQRATYHVGFT
189,ANSKFPVTRLLDTRL,Negative,DRB1_0101,0,HLA-DRB1*01:01,QEFFIASGAAVDAIMWLFLECYDLQRATYHVGFT
190,VLHRPSQELPSSVQV,Negative,DRB1_0101,0,HLA-DRB1*01:01,QEFFIASGAAVDAIMWLFLECYDLQRATYHVGFT
191,GDGGELSPQGVSKTL,Negative,DRB1_0101,0,HLA-DRB1*01:01,QEFFIASGAAVDAIMWLFLECYDLQRATYHVGFT
192,SAADVVVVHGRRTAI,Negative,DRB1_0101,0,HLA-DRB1*01:01,QEFFIASGAAVDAIMWLFLECYDLQRATYHVGFT
193,IFYRGQWGTVCDNLW,Negative,DRB1_0101,0,HLA-DRB1*01:01,QEFFIASGAAVDAIMWLFLECYDLQRATYHVGFT
194,QVIRVARQALHDVPRHLPAL,Negative,DRB1_0101,0,HLA-DRB1*01:01,QEFFIASGAAVDAIMWLFLECYDLQRATYHVGFT
195,AAFHEEFVVREDLMGLAIGT,Negative,DRB1_0101,0,HLA-DRB1*01:01,QEFFIASGAAVDAIMWLFLECYDLQRATYHVGFT
196,LLREQSRTRPISPKEIERMV,Negative,DRB1_0101,0,HLA-DRB1*01:01,QEFFIASGAAVDAIMWLFLECYDLQRATYHVGFT
197,ITQRKWEAAREAEQLRAYLE,Negative,DRB1_0101,0,HLA-DRB1*01:01,QEFFIASGAAVDAIMWLFLECYDLQRATYHVGFT
198,RVDLGTLRGYYNQSEAGSHT,Negative,DRB1_0101,0,HLA-DRB1*01:01,QEFFIASGAAVDAIMWLFLECYDLQRATYHVGFT
199,ELIGRGRYGAVYKG,Negative,DRB1_0101,0,HLA-DRB1*01:01,QEFFIASGAAVDAIMWLFLECYDLQRATYHVGFT
200,DVGSDWRFLRGYHQ,Negative,DRB1_0101,0,HLA-DRB1*01:01,QEFFIASGAAVDAIMWLFLECYDLQRATYHVGFT
201,LDPESPVRILNLR,Negative,DRB1_0101,0,HLA-DRB1*01:01,QEFFIASGAAVDAIMWLFLECYDLQRATYHVGFT
202,KRIFIGPTPCPSCGSSPSE,Negative,DRB1_0101,0,HLA-DRB1*01:01,QEFFIASGAAVDAIMWLFLECYDLQRATYHVGFT
203,ICKSPNERARLYFLLA,Negative,DRB1_0101,0,HLA-DRB1*01:01,QEFFIASGAAVDAIMWLFLECYDLQRATYHVGFT
204,CHGISDTFDPYLDIA,Negative,DRB1_0101,0,HLA-DRB1*01:01,QEFFIASGAAVDAIMWLFLECYDLQRATYHVGFT
205,AAEVEVERMGAKGLQ,Negative,DRB1_0101,0,HLA-DRB1*01:01,QEFFIASGAAVDAIMWLFLECYDLQRATYHVGFT
206,DYMYRRTALLRAHQS,Negative,DRB1_0101,0,HLA-DRB1*01:01,QEFFIASGAAVDAIMWLFLECYDLQRATYHVGFT
207,GSESEQSEEDGKRKT,Negative,DRB1_0101,0,HLA-DRB1*01:01,QEFFIASGAAVDAIMWLFLECYDLQRATYHVGFT
208,LHGSNMKWSAAVLWA,Negative,DRB1_0101,0,HLA-DRB1*01:01,QEFFIASGAAVDAIMWLFLECYDLQRATYHVGFT
209,DSEKPSHKSFATHKL,Negative,DRB1_0101,0,HLA-DRB1*01:01,QEFFIASGAAVDAIMWLFLECYDLQRATYHVGFT
210,IKGSPGLSFYFKINGFPIFL,Negative,DRB1_0101,0,HLA-DRB1*01:01,QEFFIASGAAVDAIMWLFLECYDLQRATYHVGFT
211,CSCIPSTLPDPKAVSLMTAK,Negative,DRB1_0101,0,HLA-DRB1*01:01,QEFFIASGAAVDAIMWLFLECYDLQRATYHVGFT
212,AVESLPGGHVRGVAPQIPGE,Negative,DRB1_0101,0,HLA-DRB1*01:01,QEFFIASGAAVDAIMWLFLECYDLQRATYHVGFT
213,GPYECEIQNPVSANRSDPVT,Negative,DRB1_0101,0,HLA-DRB1*01:01,QEFFIASGAAVDAIMWLFLECYDLQRATYHVGFT
214,GGISSSSSSRGGSAKGWQYS,Negative,DRB1_0101,0,HLA-DRB1*01:01,QEFFIASGAAVDAIMWLFLECYDLQRATYHVGFT
215,RQVPAPLLPSCDAT,Negative,DRB1_0101,0,HLA-DRB1*01:01,QEFFIASGAAVDAIMWLFLECYDLQRATYHVGFT
216,DLRSWTAADTAAQI,Negative,DRB1_0101,0,HLA-DRB1*01:01,QEFFIASGAAVDAIMWLFLECYDLQRATYHVGFT
217,SCAEQRIGPLAFL,Negative,DRB1_0101,0,HLA-DRB1*01:01,QEFFIASGAAVDAIMWLFLECYDLQRATYHVGFT
218,LLAPPSRPAAGCPAPCSCA,Negative,DRB1_0101,0,HLA-DRB1*01:01,QEFFIASGAAVDAIMWLFLECYDLQRATYHVGFT
219,KYVGEQVPSEVHSQTW,Negative,DRB1_0101,0,HLA-DRB1*01:01,QEFFIASGAAVDAIMWLFLECYDLQRATYHVGFT
220,LIMPDNNGSSMDDWE,Negative,DRB1_0101,0,HLA-DRB1*01:01,QEFFIASGAAVDAIMWLFLECYDLQRATYHVGFT
221,TEITPVDAVIELAND,Negative,DRB1_0101,0,HLA-DRB1*01:01,QEFFIASGAAVDAIMWLFLECYDLQRATYHVGFT
222,EAPALPPESSMESLT,Negative,DRB1_0101,0,HLA-DRB1*01:01,QEFFIASGAAVDAIMWLFLECYDLQRATYHVGFT
223,ERFIEPHEMQQPLVV,Negative,DRB1_0101,0,HLA-DRB1*01:01,QEFFIASGAAVDAIMWLFLECYDLQRATYHVGFT
224,TLPLCRVQPITSSHL,Negative,DRB1_0101,0,HLA-DRB1*01:01,QEFFIASGAAVDAIMWLFLECYDLQRATYHVGFT
225,LSPGERATLSCRASQ,Negative,DRB1_0101,0,HLA-DRB1*01:01,QEFFIASGAAVDAIMWLFLECYDLQRATYHVGFT
226,PPDGRYQYNTDVVFDSQGKL,Negative,DRB1_0101,0,HLA-DRB1*01:01,QEFFIASGAAVDAIMWLFLECYDLQRATYHVGFT
227,GSPWQWVTLLLGLLLPPAAP,Negative,DRB1_0101,0,HLA-DRB1*01:01,QEFFIASGAAVDAIMWLFLECYDLQRATYHVGFT
228,ATARSTESFTSTSRSKSEVS,Negative,DRB1_0101,0,HLA-DRB1*01:01,QEFFIASGAAVDAIMWLFLECYDLQRATYHVGFT
229,SFPVWTADHLKERSQENQSK,Negative,DRB1_0101,0,HLA-DRB1*01:01,QEFFIASGAAVDAIMWLFLECYDLQRATYHVGFT
230,EMEEWVKFLRRVAGTPCGVF,Negative,DRB1_0101,0,HLA-DRB1*01:01,QEFFIASGAAVDAIMWLFLECYDLQRATYHVGFT
231,EAAHVAEQQRAYLE,Negative,DRB1_0101,0,HLA-DRB1*01:01,QEFFIASGAAVDAIMWLFLECYDLQRATYHVGFT
232,EISDDEAEEEKGEK,Negative,DRB1_0101,0,HLA-DRB1*01:01,QEFFIASGAAVDAIMWLFLECYDLQRATYHVGFT
233,GRGEPRFISVGYV,Negative,DRB1_0101,0,HLA-DRB1*01:01,QEFFIASGAAVDAIMWLFLECYDLQRATYHVGFT
234,IRDYITKASSMREDLVEKN,Negative,DRB1_0101,0,HLA-DRB1*01:01,QEFFIASGAAVDAIMWLFLECYDLQRATYHVGFT
235,PHESQLPEEWENNRES,Negative,DRB1_0101,0,HLA-DRB1*01:01,QEFFIASGAAVDAIMWLFLECYDLQRATYHVGFT
236,VKAMDDSSVTEHQKV,Negative,DRB1_0101,0,HLA-DRB1*01:01,QEFFIASGAAVDAIMWLFLECYDLQRATYHVGFT
237,MRYFYTSVSRPGRGE,Negative,DRB1_0101,0,HLA-DRB1*01:01,QEFFIASGAAVDAIMWLFLECYDLQRATYHVGFT
238,GVGDTLYLVNGLHPL,Negative,DRB1_0101,0,HLA-DRB1*01:01,QEFFIASGAAVDAIMWLFLECYDLQRATYHVGFT
239,DPAVSALQQQLLLMV,Negative,DRB1_0101,0,HLA-DRB1*01:01,QEFFIASGAAVDAIMWLFLECYDLQRATYHVGFT
240,EPPKTHVTHHPLSDH,Negative,DRB1_0101,0,HLA-DRB1*01:01,QEFFIASGAAVDAIMWLFLECYDLQRATYHVGFT
241,DPDALRPLLSLQWKN,Negative,DRB1_0101,0,HLA-DRB1*01:01,QEFFIASGAAVDAIMWLFLECYDLQRATYHVGFT
242,QVCKNDMGGSQRVLEKQWTS,Negative,DRB1_0101,0,HLA-DRB1*01:01,QEFFIASGAAVDAIMWLFLECYDLQRATYHVGFT
243,VHWSRRPLFLALAVLVTTVL,Negative,DRB1_0101,0,HLA-DRB1*01:01,QEFFIASGAAVDAIMWLFLECYDLQRATYHVGFT
244,LGLKKLFSALGQSSRPKLGK,Negative,DRB1_0101,0,HLA-DRB1*01:01,QEFFIASGAAVDAIMWLFLECYDLQRATYHVGFT
245,GRLRARRRYLVERARDARVV,Negative,DRB1_0101,0,HLA-DRB1*01:01,QEFFIASGAAVDAIMWLFLECYDLQRATYHVGFT
246,RVPQHRDQISPRSPQHGGQI,Negative,DRB1_0101,0,HLA-DRB1*01:01,QEFFIASGAAVDAIMWLFLECYDLQRATYHVGFT
247,IKAFTDNAVAFDTG,Negative,DRB1_0101,0,HLA-DRB1*01:01,QEFFIASGAAVDAIMWLFLECYDLQRATYHVGFT
248,GECVEWLRRYLENG,Negative,DRB1_0101,0,HLA-DRB1*01:01,QEFFIASGAAVDAIMWLFLECYDLQRATYHVGFT
249,GTIQTGVDTSKTV,Negative,DRB1_0101,0,HLA-DRB1*01:01,QEFFIASGAAVDAIMWLFLECYDLQRATYHVGFT
250,GEPRFISVGYVDDTQFVRF,Negative,DRB1_0101,0,HLA-DRB1*01:01,QEFFIASGAAVDAIMWLFLECYDLQRATYHVGFT
251,NSGPPDCDPDKDHPGS,Negative,DRB1_0101,0,HLA-DRB1*01:01,QEFFIASGAAVDAIMWLFLECYDLQRATYHVGFT
252,QGYKVLVLNPSVAATLGFGA,Positive,DRB1_1101,1,HLA-DRB1*11:01,QEFFIASGAAVDAIMESSFDYFDFDRATYHVGFT
253,KQSGENLPYLVAYQATVCAR,Positive,DRB1_1101,1,HLA-DRB1*11:01,QEFFIASGAAVDAIMESSFDYFDFDRATYHVGFT
254,EDTGVYYCSRNYYGS,Positive,DRB1_1101,1,HLA-DRB1*11:01,QEFFIASGAAVDAIMESSFDYFDFDRATYHVGFT
255,EHPTFTSQYRIQGKL,Positive,DRB1_1101,1,HLA-DRB1*11:01,QEFFIASGAAVDAIMESSFDYFDFDRATYHVGFT
256,EVQKKVAEQTFIKDDYLETI,Negative,DRB1_1101,0,HLA-DRB1*11:01,QEFFIASGAAVDAIMESSFDYFDFDRATYHVGFT
257,NQEEYARFDSDVGEYRAVRE,Negative,DRB1_1101,0,HLA-DRB1*11:01,QEFFIASGAAVDAIMESSFDYFDFDRATYHVGFT
258,MNSLRAEDTAVYYCA,Negative,DRB1_1101,0,HLA-DRB1*11:01,QEFFIASGAAVDAIMESSFDYFDFDRATYHVGFT
259,GIVAGLAVLAVLAVL,Negative,DRB1_1101,0,HLA-DRB1*11:01,QEFFIASGAAVDAIMESSFDYFDFDRATYHVGFT
260,GEPRFITVGYVDDTQFVRFD,Negative,DRB1_1101,0,HLA-DRB1*11:01,QEFFIASGAAVDAIMESSFDYFDFDRATYHVGFT
261,LKESGPTLVKPTQTLTLTCT,Negative,DRB1_1101,0,HLA-DRB1*11:01,QEFFIASGAAVDAIMESSFDYFDFDRATYHVGFT
262,LIALIYTHNTLGSLN,Negative,DRB1_1101,0,HLA-DRB1*11:01,QEFFIASGAAVDAIMESSFDYFDFDRATYHVGFT
263,YYSFIKQNNPKFSAV,Negative,DRB1_1101,0,HLA-DRB1*11:01,QEFFIASGAAVDAIMESSFDYFDFDRATYHVGFT
264,VPFEMVVEAAQKANAHGFIM,Negative,DRB1_1101,0,HLA-DRB1*11:01,QEFFIASGAAVDAIMESSFDYFDFDRATYHVGFT
265,FSLIWSVGATGDSSGRTSFS,Negative,DRB1_1101,0,HLA-DRB1*11:01,QEFFIASGAAVDAIMESSFDYFDFDRATYHVGFT
266,AFLHICTHAFFKAML,Negative,DRB1_1101,0,HLA-DRB1*11:01,QEFFIASGAAVDAIMESSFDYFDFDRATYHVGFT
267,STRYSLTELNMAGCN,Negative,DRB1_1101,0,HLA-DRB1*11:01,QEFFIASGAAVDAIMESSFDYFDFDRATYHVGFT
268,SQTSSRACNFFNNVGGNLKG,Negative,DRB1_1101,0,HLA-DRB1*11:01,QEFFIASGAAVDAIMESSFDYFDFDRATYHVGFT
269,VPIVGIVAGLAVLAVVVIGA,Negative,DRB1_1101,0,HLA-DRB1*11:01,QEFFIASGAAVDAIMESSFDYFDFDRATYHVGFT
270,TFQKSPKQGRKAVQK,Negative,DRB1_1101,0,HLA-DRB1*11:01,QEFFIASGAAVDAIMESSFDYFDFDRATYHVGFT
271,ILSIVLRDSLHQPQY,Negative,DRB1_1101,0,HLA-DRB1*11:01,QEFFIASGAAVDAIMESSFDYFDFDRATYHVGFT
272,AEFENAESEADFSIHFNRFN,Negative,DRB1_1101,0,HLA-DRB1*11:01,QEFFIASGAAVDAIMESSFDYFDFDRATYHVGFT
273,KPRASGPPAKATEAGKRKSS,Negative,DRB1_1101,0,HLA-DRB1*11:01,QEFFIASGAAVDAIMESSFDYFDFDRATYHVGFT
274,GYYNQSEDGSHTLQR,Negative,DRB1_1101,0,HLA-DRB1*11:01,QEFFIASGAAVDAIMESSFDYFDFDRATYHVGFT
275,KREASKKAWVSVTNN,Negative,DRB1_1101,0,HLA-DRB1*11:01,QEFFIASGAAVDAIMESSFDYFDFDRATYHVGFT
276,VIKGGRHLIFCHSKKKCD,Positive,DRB1_1501,1,HLA-DRB1*15:01,QEFFIASGAAVDAIMWPRFDYFDIQAATYHVVFT
277,ENPVVHFFKNIVTPR,Positive,DRB1_1501,1,HLA-DRB1*15:01,QEFFIASGAAVDAIMWPRFDYFDIQAATYHVVFT
278,LSRFSWGAEGQRPGFGYGG,Positive,DRB1_1501,1,HLA-DRB1*15:01,QEFFIASGAAVDAIMWPRFDYFDIQAATYHVVFT
279,ENPVVHYFKNIVTPR,Positive,DRB1_1501,1,HLA-DRB1*15:01,QEFFIASGAAVDAIMWPRFDYFDIQAATYHVVFT
280,VIVMLTPLVEDGV,Positive,DRB1_1501,1,HLA-DRB1*15:01,QEFFIASGAAVDAIMWPRFDYFDIQAATYHVVFT
281,VIKGGRHLIFCRSKKKCD,Positive,DRB1_1501,1,HLA-DRB1*15:01,QEFFIASGAAVDAIMWPRFDYFDIQAATYHVVFT
282,VIKGGRHLIFCHPKKKCD,Positive,DRB1_1501,1,HLA-DRB1*15:01,QEFFIASGAAVDAIMWPRFDYFDIQAATYHVVFT
283,VIKGGRHLIFCHSEKKCD,Positive,DRB1_1501,1,HLA-DRB1*15:01,QEFFIASGAAVDAIMWPRFDYFDIQAATYHVVFT
284,ETLLRAVESYLLAHS,Positive,DRB1_1501,1,HLA-DRB1*15:01,QEFFIASGAAVDAIMWPRFDYFDIQAATYHVVFT
285,FIFTRHSQTTAIPSCPEGTQ,Positive,DRB1_1501,1,HLA-DRB1*15:01,QEFFIASGAAVDAIMWPRFDYFDIQAATYHVVFT
286,FLFCNINNVCNFASRNDYSY,Positive,DRB1_1501,1,HLA-DRB1*15:01,QEFFIASGAAVDAIMWPRFDYFDIQAATYHVVFT
287,VCNFASRNDYSYWLSTPALM,Positive,DRB1_1501,1,HLA-DRB1*15:01,QEFFIASGAAVDAIMWPRFDYFDIQAATYHVVFT
288,APISGRALEPYISRCTVCEG,Positive,DRB1_1501,1,HLA-DRB1*15:01,QEFFIASGAAVDAIMWPRFDYFDIQAATYHVVFT
289,EPYISRCTVCEGPAMAIAVH,Positive,DRB1_1501,1,HLA-DRB1*15:01,QEFFIASGAAVDAIMWPRFDYFDIQAATYHVVFT
290,AIPPCPQDWVSLWKGFSFIM,Positive,DRB1_1501,1,HLA-DRB1*15:01,QEFFIASGAAVDAIMWPRFDYFDIQAATYHVVFT
291,WVSLWKGFSFIMFTSAGSEG,Positive,DRB1_1501,1,HLA-DRB1*15:01,QEFFIASGAAVDAIMWPRFDYFDIQAATYHVVFT
292,SFWLASLNPERMFRKPIPST,Positive,DRB1_1501,1,HLA-DRB1*15:01,QEFFIASGAAVDAIMWPRFDYFDIQAATYHVVFT
293,ATGTRMRGFIFTRHSQTTAI,Positive,DRB1_1501,1,HLA-DRB1*15:01,QEFFIASGAAVDAIMWPRFDYFDIQAATYHVVFT
294,LRGIPGPVGEQGLPG,Positive,DRB1_1501,1,HLA-DRB1*15:01,QEFFIASGAAVDAIMWPRFDYFDIQAATYHVVFT
295,KDGPPGLRGFPGDRG,Positive,DRB1_1501,1,HLA-DRB1*15:01,QEFFIASGAAVDAIMWPRFDYFDIQAATYHVVFT
296,SNQVKFYFNKRLN,Positive,DRB1_1501,1,HLA-DRB1*15:01,QEFFIASGAAVDAIMWPRFDYFDIQAATYHVVFT
297,NTVESEDIADYYCQQ,Positive,DRB1_1501,1,HLA-DRB1*15:01,QEFFIASGAAVDAIMWPRFDYFDIQAATYHVVFT
298,QSPAILSVSPGERVS,Positive,DRB1_1501,1,HLA-DRB1*15:01,QEFFIASGAAVDAIMWPRFDYFDIQAATYHVVFT
299,KYEKYSGVFLGRA,Positive,DRB1_1501,1,HLA-DRB1*15:01,QEFFIASGAAVDAIMWPRFDYFDIQAATYHVVFT
300,LVVLDLPDLPEDKLAQSVQK,Negative,DRB1_1501,0,HLA-DRB1*15:01,QEFFIASGAAVDAIMWPRFDYFDIQAATYHVVFT
301,DSDAASPRGEPRAPWVEQEG,Negative,DRB1_1501,0,HLA-DRB1*15:01,QEFFIASGAAVDAIMWPRFDYFDIQAATYHVVFT
302,GSQQEQGEEESLPSSVPELQ,Negative,DRB1_1501,0,HLA-DRB1*15:01,QEFFIASGAAVDAIMWPRFDYFDIQAATYHVVFT
303,KTLAYCIPVVQSLQAMESKI,Negative,DRB1_1501,0,HLA-DRB1*15:01,QEFFIASGAAVDAIMWPRFDYFDIQAATYHVVFT
304,PPSSLLHTLRPRLLSAEITL,Negative,DRB1_1501,0,HLA-DRB1*15:01,QEFFIASGAAVDAIMWPRFDYFDIQAATYHVVFT
305,EIREAHLAALRERLREKELH,Negative,DRB1_1501,0,HLA-DRB1*15:01,QEFFIASGAAVDAIMWPRFDYFDIQAATYHVVFT
306,MTPQQGDVYTCQVEHTSLDS,Negative,DRB1_1501,0,HLA-DRB1*15:01,QEFFIASGAAVDAIMWPRFDYFDIQAATYHVVFT
307,NLEWLYGCPPPYHTFEEPVY,Negative,DRB1_1501,0,HLA-DRB1*15:01,QEFFIASGAAVDAIMWPRFDYFDIQAATYHVVFT
308,GSYSKAEWSDSAQGSESHSL,Negative,DRB1_1501,0,HLA-DRB1*15:01,QEFFIASGAAVDAIMWPRFDYFDIQAATYHVVFT
309,VVLNQGMEIVQTMNS,Negative,DRB1_1501,0,HLA-DRB1*15:01,QEFFIASGAAVDAIMWPRFDYFDIQAATYHVVFT
310,LLMAYQICFDLYESA,Negative,DRB1_1501,0,HLA-DRB1*15:01,QEFFIASGAAVDAIMWPRFDYFDIQAATYHVVFT
311,ALISKASNTPKLLTI,Negative,DRB1_1501,0,HLA-DRB1*15:01,QEFFIASGAAVDAIMWPRFDYFDIQAATYHVVFT
312,KPMSLSTQVVLRRKP,Negative,DRB1_1501,0,HLA-DRB1*15:01,QEFFIASGAAVDAIMWPRFDYFDIQAATYHVVFT
313,LRSEDTAVYYCARCP,Negative,DRB1_1501,0,HLA-DRB1*15:01,QEFFIASGAAVDAIMWPRFDYFDIQAATYHVVFT
314,QPPNYEMLKEEQEVA,Negative,DRB1_1501,0,HLA-DRB1*15:01,QEFFIASGAAVDAIMWPRFDYFDIQAATYHVVFT
315,LCQMLDLVKPAVDGK,Negative,DRB1_1501,0,HLA-DRB1*15:01,QEFFIASGAAVDAIMWPRFDYFDIQAATYHVVFT
316,PELAVQKVVVHPLVLLSV,Negative,DRB1_1501,0,HLA-DRB1*15:01,QEFFIASGAAVDAIMWPRFDYFDIQAATYHVVFT
317,ICHRGTGIALSAGVSLFG,Negative,DRB1_1501,0,HLA-DRB1*15:01,QEFFIASGAAVDAIMWPRFDYFDIQAATYHVVFT
318,CADTAVNDTILAVLVAFL,Negative,DRB1_1501,0,HLA-DRB1*15:01,QEFFIASGAAVDAIMWPRFDYFDIQAATYHVVFT
319,AMQQFYGINMTGKVDRNT,Negative,DRB1_1501,0,HLA-DRB1*15:01,QEFFIASGAAVDAIMWPRFDYFDIQAATYHVVFT
320,LLNNIIEIRLDAY,Negative,DRB1_1501,0,HLA-DRB1*15:01,QEFFIASGAAVDAIMWPRFDYFDIQAATYHVVFT
321,RGLDIPLLDNVIN,Negative,DRB1_1501,0,HLA-DRB1*15:01,QEFFIASGAAVDAIMWPRFDYFDIQAATYHVVFT
322,PGSQKLVTCTGYH,Negative,DRB1_1501,0,HLA-DRB1*15:01,QEFFIASGAAVDAIMWPRFDYFDIQAATYHVVFT
323,SDMADLPGNILLYYTAKAC,Negative,DRB1_1501,0,HLA-DRB1*15:01,QEFFIASGAAVDAIMWPRFDYFDIQAATYHVVFT
324,FPIIIHDEPTYARSSKNAIK,Negative,DRB1_1501,0,HLA-DRB1*15:01,QEFFIASGAAVDAIMWPRFDYFDIQAATYHVVFT
325,DVLELLLRAGANPAARMYGG,Negative,DRB1_1501,0,HLA-DRB1*15:01,QEFFIASGAAVDAIMWPRFDYFDIQAATYHVVFT
326,MPILLWFALPPPSMWLWGFL,Negative,DRB1_1501,0,HLA-DRB1*15:01,QEFFIASGAAVDAIMWPRFDYFDIQAATYHVVFT
327,RLTWDPTSRQINGYRIVYNN,Negative,DRB1_1501,0,HLA-DRB1*15:01,QEFFIASGAAVDAIMWPRFDYFDIQAATYHVVFT
328,QSEAGSHIIQRMYGCDLGPD,Negative,DRB1_1501,0,HLA-DRB1*15:01,QEFFIASGAAVDAIMWPRFDYFDIQAATYHVVFT
329,KRGQAPRLLIYGASSRATGI,Negative,DRB1_1501,0,HLA-DRB1*15:01,QEFFIASGAAVDAIMWPRFDYFDIQAATYHVVFT
330,RKHERILSEELVAAVTYLNQ,Negative,DRB1_1501,0,HLA-DRB1*15:01,QEFFIASGAAVDAIMWPRFDYFDIQAATYHVVFT
331,AFLMAQGAMLAAQERRVPRA,Negative,DRB1_1501,0,HLA-DRB1*15:01,QEFFIASGAAVDAIMWPRFDYFDIQAATYHVVFT
332,DCKASLQLPMEKAIETALDC,Negative,DRB1_1501,0,HLA-DRB1*15:01,QEFFIASGAAVDAIMWPRFDYFDIQAATYHVVFT
333,RLCTVNSVEEKILAA,Negative,DRB1_1501,0,HLA-DRB1*15:01,QEFFIASGAAVDAIMWPRFDYFDIQAATYHVVFT
334,VQDVANNTNEEAGDG,Negative,DRB1_1501,0,HLA-DRB1*15:01,QEFFIASGAAVDAIMWPRFDYFDIQAATYHVVFT
335,FDTQHRVEKMPDGSV,Negative,DRB1_1501,0,HLA-DRB1*15:01,QEFFIASGAAVDAIMWPRFDYFDIQAATYHVVFT
336,GGSGLCLSLSALGNV,Negative,DRB1_1501,0,HLA-DRB1*15:01,QEFFIASGAAVDAIMWPRFDYFDIQAATYHVVFT
337,SFCHCERASGHLWSS,Negative,DRB1_1501,0,HLA-DRB1*15:01,QEFFIASGAAVDAIMWPRFDYFDIQAATYHVVFT
338,VQVLPTTKLGSEESC,Negative,DRB1_1501,0,HLA-DRB1*15:01,QEFFIASGAAVDAIMWPRFDYFDIQAATYHVVFT
339,PLSQSLYWLLAADLL,Negative,DRB1_1501,0,HLA-DRB1*15:01,QEFFIASGAAVDAIMWPRFDYFDIQAATYHVVFT
340,EHGSRSASGVPYRVLEHT,Negative,DRB1_1501,0,HLA-DRB1*15:01,QEFFIASGAAVDAIMWPRFDYFDIQAATYHVVFT
341,HTLCLPVVSSLADVYAGV,Negative,DRB1_1501,0,HLA-DRB1*15:01,QEFFIASGAAVDAIMWPRFDYFDIQAATYHVVFT
342,EEAKFKDSSLASVVVGVI,Negative,DRB1_1501,0,HLA-DRB1*15:01,QEFFIASGAAVDAIMWPRFDYFDIQAATYHVVFT
343,SKFNFVKFDGQAVAWREQ,Negative,DRB1_1501,0,HLA-DRB1*15:01,QEFFIASGAAVDAIMWPRFDYFDIQAATYHVVFT
344,GSASAGELSSSEP,Negative,DRB1_1501,0,HLA-DRB1*15:01,QEFFIASGAAVDAIMWPRFDYFDIQAATYHVVFT
345,TKHLSPYATLTVG,Negative,DRB1_1501,0,HLA-DRB1*15:01,QEFFIASGAAVDAIMWPRFDYFDIQAATYHVVFT
346,AFLGLFSLLVLQS,Negative,DRB1_1501,0,HLA-DRB1*15:01,QEFFIASGAAVDAIMWPRFDYFDIQAATYHVVFT
347,WIEQEGPEYWDRETQISKT,Negative,DRB1_1501,0,HLA-DRB1*15:01,QEFFIASGAAVDAIMWPRFDYFDIQAATYHVVFT
348,NVPYLQQNTHTLPHNHTDLN,Negative,DRB1_1501,0,HLA-DRB1*15:01,QEFFIASGAAVDAIMWPRFDYFDIQAATYHVVFT
349,LIKERAAHPLLHLRSEHGAQ,Negative,DRB1_1501,0,HLA-DRB1*15:01,QEFFIASGAAVDAIMWPRFDYFDIQAATYHVVFT
350,ALDYLHSEKNVVYRDLKLEN,Negative,DRB1_1501,0,HLA-DRB1*15:01,QEFFIASGAAVDAIMWPRFDYFDIQAATYHVVFT
351,APSLTTPTRARASCWRGRSR,Negative,DRB1_1501,0,HLA-DRB1*15:01,QEFFIASGAAVDAIMWPRFDYFDIQAATYHVVFT
352,RGKLSKQTRTTLGALVTIDV,Negative,DRB1_1501,0,HLA-DRB1*15:01,QEFFIASGAAVDAIMWPRFDYFDIQAATYHVVFT
353,AACDVVGFDLDHTLCRYNLP,Negative,DRB1_1501,0,HLA-DRB1*15:01,QEFFIASGAAVDAIMWPRFDYFDIQAATYHVVFT
354,EILSLSASREQEAAHKQLMS,Negative,DRB1_1501,0,HLA-DRB1*15:01,QEFFIASGAAVDAIMWPRFDYFDIQAATYHVVFT
355,PGPACAYVNLNICANGSEQG,Negative,DRB1_1501,0,HLA-DRB1*15:01,QEFFIASGAAVDAIMWPRFDYFDIQAATYHVVFT
356,EELNKLLGKVTIAQGGVLPN,Negative,DRB1_1501,0,HLA-DRB1*15:01,QEFFIASGAAVDAIMWPRFDYFDIQAATYHVVFT
357,TLINEQWLLTTAKNL,Negative,DRB1_1501,0,HLA-DRB1*15:01,QEFFIASGAAVDAIMWPRFDYFDIQAATYHVVFT
358,IDKQFLICSICLERY,Negative,DRB1_1501,0,HLA-DRB1*15:01,QEFFIASGAAVDAIMWPRFDYFDIQAATYHVVFT
359,KKMKEGENNKPREKS,Negative,DRB1_1501,0,HLA-DRB1*15:01,QEFFIASGAAVDAIMWPRFDYFDIQAATYHVVFT
360,VASGKAELIKTHHND,Negative,DRB1_1501,0,HLA-DRB1*15:01,QEFFIASGAAVDAIMWPRFDYFDIQAATYHVVFT
361,NLMANRPAKYKDANI,Negative,DRB1_1501,0,HLA-DRB1*15:01,QEFFIASGAAVDAIMWPRFDYFDIQAATYHVVFT
362,LKDMLQAASHYRQNR,Negative,DRB1_1501,0,HLA-DRB1*15:01,QEFFIASGAAVDAIMWPRFDYFDIQAATYHVVFT
363,YQGLDICANGRCQKV,Negative,DRB1_1501,0,HLA-DRB1*15:01,QEFFIASGAAVDAIMWPRFDYFDIQAATYHVVFT
364,FDEIFMINLKRRKDRRDR,Negative,DRB1_1501,0,HLA-DRB1*15:01,QEFFIASGAAVDAIMWPRFDYFDIQAATYHVVFT
365,NGKDKLERADPPKTHVTH,Negative,DRB1_1501,0,HLA-DRB1*15:01,QEFFIASGAAVDAIMWPRFDYFDIQAATYHVVFT
366,KVLKAISSIHSLWQVPYF,Negative,DRB1_1501,0,HLA-DRB1*15:01,QEFFIASGAAVDAIMWPRFDYFDIQAATYHVVFT
367,IVVLPLSLVLLVCGWICG,Negative,DRB1_1501,0,HLA-DRB1*15:01,QEFFIASGAAVDAIMWPRFDYFDIQAATYHVVFT
368,TESCKNRLIQMAY,Negative,DRB1_1501,0,HLA-DRB1*15:01,QEFFIASGAAVDAIMWPRFDYFDIQAATYHVVFT
369,LVFLVLYYFGMAS,Negative,DRB1_1501,0,HLA-DRB1*15:01,QEFFIASGAAVDAIMWPRFDYFDIQAATYHVVFT
370,TEFYNSLIWIRDN,Negative,DRB1_1501,0,HLA-DRB1*15:01,QEFFIASGAAVDAIMWPRFDYFDIQAATYHVVFT
371,STEDVASNCVPAQSLSEPI,Negative,DRB1_1501,0,HLA-DRB1*15:01,QEFFIASGAAVDAIMWPRFDYFDIQAATYHVVFT
372,VLQLVNATTEYAEFLHCKGK,Negative,DRB1_1501,0,HLA-DRB1*15:01,QEFFIASGAAVDAIMWPRFDYFDIQAATYHVVFT
373,LEEQYLGLALDVDRTKKDQE,Negative,DRB1_1501,0,HLA-DRB1*15:01,QEFFIASGAAVDAIMWPRFDYFDIQAATYHVVFT
374,NVTGKPGSAGIISSGPITTP,Negative,DRB1_1501,0,HLA-DRB1*15:01,QEFFIASGAAVDAIMWPRFDYFDIQAATYHVVFT
375,AHWHINGKYEEKSNLMFWAK,Negative,DRB1_1501,0,HLA-DRB1*15:01,QEFFIASGAAVDAIMWPRFDYFDIQAATYHVVFT
376,ILPTPSSQTMAAYGQTQFTT,Negative,DRB1_1501,0,HLA-DRB1*15:01,QEFFIASGAAVDAIMWPRFDYFDIQAATYHVVFT
377,IIPTIMATITLLNLYFYLRL,Negative,DRB1_1501,0,HLA-DRB1*15:01,QEFFIASGAAVDAIMWPRFDYFDIQAATYHVVFT
378,VPILIAMAFLMLTERKILGY,Negative,DRB1_1501,0,HLA-DRB1*15:01,QEFFIASGAAVDAIMWPRFDYFDIQAATYHVVFT
379,TAADTAAQITQRKWEAAPEA,Negative,DRB1_1501,0,HLA-DRB1*15:01,QEFFIASGAAVDAIMWPRFDYFDIQAATYHVVFT
380,IAAEQKANPDGKKKGDGGGA,Negative,DRB1_1501,0,HLA-DRB1*15:01,QEFFIASGAAVDAIMWPRFDYFDIQAATYHVVFT
381,YCQNKPRSETIWRKY,Negative,DRB1_1501,0,HLA-DRB1*15:01,QEFFIASGAAVDAIMWPRFDYFDIQAATYHVVFT
382,GLGSTRSSALCSLGY,Negative,DRB1_1501,0,HLA-DRB1*15:01,QEFFIASGAAVDAIMWPRFDYFDIQAATYHVVFT
383,AWFILHSNSWDPQQM,Negative,DRB1_1501,0,HLA-DRB1*15:01,QEFFIASGAAVDAIMWPRFDYFDIQAATYHVVFT
384,IKRAIGHGRLLKDGP,Negative,DRB1_1501,0,HLA-DRB1*15:01,QEFFIASGAAVDAIMWPRFDYFDIQAATYHVVFT
385,KVLSSTINNQAVETD,Negative,DRB1_1501,0,HLA-DRB1*15:01,QEFFIASGAAVDAIMWPRFDYFDIQAATYHVVFT
386,LFHSGHARALMQAKN,Negative,DRB1_1501,0,HLA-DRB1*15:01,QEFFIASGAAVDAIMWPRFDYFDIQAATYHVVFT
387,KGTIENILDNDPRDL,Negative,DRB1_1501,0,HLA-DRB1*15:01,QEFFIASGAAVDAIMWPRFDYFDIQAATYHVVFT
388,KRCRRKDVCKSTHHGCEH,Negative,DRB1_1501,0,HLA-DRB1*15:01,QEFFIASGAAVDAIMWPRFDYFDIQAATYHVVFT
389,LLFYFFTHYDASLEDQKG,Negative,DRB1_1501,0,HLA-DRB1*15:01,QEFFIASGAAVDAIMWPRFDYFDIQAATYHVVFT
390,TAPAQVSTLPQSPAALSS,Negative,DRB1_1501,0,HLA-DRB1*15:01,QEFFIASGAAVDAIMWPRFDYFDIQAATYHVVFT
391,KAHGKKVLTSLGDAIKHL,Negative,DRB1_1501,0,HLA-DRB1*15:01,QEFFIASGAAVDAIMWPRFDYFDIQAATYHVVFT
392,YGSFLYSEAWNIG,Negative,DRB1_1501,0,HLA-DRB1*15:01,QEFFIASGAAVDAIMWPRFDYFDIQAATYHVVFT
393,VRDCDQSQTARDL,Negative,DRB1_1501,0,HLA-DRB1*15:01,QEFFIASGAAVDAIMWPRFDYFDIQAATYHVVFT
394,PRPQTFLLDPYIA,Negative,DRB1_1501,0,HLA-DRB1*15:01,QEFFIASGAAVDAIMWPRFDYFDIQAATYHVVFT
395,DGRSFVEKGLQKVGYAVVS,Negative,DRB1_1501,0,HLA-DRB1*15:01,QEFFIASGAAVDAIMWPRFDYFDIQAATYHVVFT
396,WTVLSNFTLPHLRSGNRLRR,Negative,DRB1_1501,0,HLA-DRB1*15:01,QEFFIASGAAVDAIMWPRFDYFDIQAATYHVVFT
397,AMLSSLLAEGRDSPEDFVFQ,Negative,DRB1_1501,0,HLA-DRB1*15:01,QEFFIASGAAVDAIMWPRFDYFDIQAATYHVVFT
398,DTTICSDRPPENEKKVEEDI,Negative,DRB1_1501,0,HLA-DRB1*15:01,QEFFIASGAAVDAIMWPRFDYFDIQAATYHVVFT
399,TRPRPSQPSSLAMLDLLHVA,Negative,DRB1_1501,0,HLA-DRB1*15:01,QEFFIASGAAVDAIMWPRFDYFDIQAATYHVVFT
400,DLTMLQKLNSVHANNKAFLQ,Negative,DRB1_1501,0,HLA-DRB1*15:01,QEFFIASGAAVDAIMWPRFDYFDIQAATYHVVFT
401,QSEDGSHTLQRMSGCDLGPD,Negative,DRB1_1501,0,HLA-DRB1*15:01,QEFFIASGAAVDAIMWPRFDYFDIQAATYHVVFT
402,IMIGGFGNWLVPLMIGAPDM,Negative,DRB1_1501,0,HLA-DRB1*15:01,QEFFIASGAAVDAIMWPRFDYFDIQAATYHVVFT
403,MYTYDEYKKGFLDQASGSAV,Negative,DRB1_1501,0,HLA-DRB1*15:01,QEFFIASGAAVDAIMWPRFDYFDIQAATYHVVFT
404,MPALIVAVPAAVDYRSYGTD,Negative,DRB1_1501,0,HLA-DRB1*15:01,QEFFIASGAAVDAIMWPRFDYFDIQAATYHVVFT
405,KNLPQMRGPRPRPAG,Negative,DRB1_1501,0,HLA-DRB1*15:01,QEFFIASGAAVDAIMWPRFDYFDIQAATYHVVFT
406,GLVGIIVGTVLIIKS,Negative,DRB1_1501,0,HLA-DRB1*15:01,QEFFIASGAAVDAIMWPRFDYFDIQAATYHVVFT
407,SSGGSGSGYVSSQQV,Negative,DRB1_1501,0,HLA-DRB1*15:01,QEFFIASGAAVDAIMWPRFDYFDIQAATYHVVFT
408,WNYECPKFEEDVLSS,Negative,DRB1_1501,0,HLA-DRB1*15:01,QEFFIASGAAVDAIMWPRFDYFDIQAATYHVVFT
409,AVRCYESLILKAEGK,Negative,DRB1_1501,0,HLA-DRB1*15:01,QEFFIASGAAVDAIMWPRFDYFDIQAATYHVVFT
410,ETDNMNQIYGFEGEV,Negative,DRB1_1501,0,HLA-DRB1*15:01,QEFFIASGAAVDAIMWPRFDYFDIQAATYHVVFT
411,GSYNTMVGNNEGSMV,Negative,DRB1_1501,0,HLA-DRB1*15:01,QEFFIASGAAVDAIMWPRFDYFDIQAATYHVVFT
412,HTTMTTLTLTSLIPPILT,Negative,DRB1_1501,0,HLA-DRB1*15:01,QEFFIASGAAVDAIMWPRFDYFDIQAATYHVVFT
413,QIYLIDINDNAPELLPKE,Negative,DRB1_1501,0,HLA-DRB1*15:01,QEFFIASGAAVDAIMWPRFDYFDIQAATYHVVFT
414,NVLRHWVSKHAQDFELNN,Negative,DRB1_1501,0,HLA-DRB1*15:01,QEFFIASGAAVDAIMWPRFDYFDIQAATYHVVFT
415,IQNTNSLSILEEQQRQQQ,Negative,DRB1_1501,0,HLA-DRB1*15:01,QEFFIASGAAVDAIMWPRFDYFDIQAATYHVVFT
416,KTQPLQHHNLLVC,Negative,DRB1_1501,0,HLA-DRB1*15:01,QEFFIASGAAVDAIMWPRFDYFDIQAATYHVVFT
417,LDRPYYMSKSLLK,Negative,DRB1_1501,0,HLA-DRB1*15:01,QEFFIASGAAVDAIMWPRFDYFDIQAATYHVVFT
418,QSISTWLAWYQQK,Negative,DRB1_1501,0,HLA-DRB1*15:01,QEFFIASGAAVDAIMWPRFDYFDIQAATYHVVFT
419,EGILEVNIIQMTDVLMPVP,Negative,DRB1_1501,0,HLA-DRB1*15:01,QEFFIASGAAVDAIMWPRFDYFDIQAATYHVVFT
420,SYLQDSDPDSFQD,Positive,DRB1_0405,1,HLA-DRB1*04:05,QEFFIASGAAVDAIMEVHFDYYSLQRATYHVGFT
421,PPSGGRSLGEEGP,Negative,DRB1_0405,0,HLA-DRB1*04:05,QEFFIASGAAVDAIMEVHFDYYSLQRATYHVGFT
422,DHEATLRCWALSF,Negative,DRB1_0405,0,HLA-DRB1*04:05,QEFFIASGAAVDAIMEVHFDYYSLQRATYHVGFT
423,AAALTNRSVSLLE,Negative,DRB1_0405,0,HLA-DRB1*04:05,QEFFIASGAAVDAIMEVHFDYYSLQRATYHVGFT
424,RPGRGEPRFIAVG,Negative,DRB1_0405,0,HLA-DRB1*04:05,QEFFIASGAAVDAIMEVHFDYYSLQRATYHVGFT
425,INLLSQQMKPGMK,Negative,DRB1_0405,0,HLA-DRB1*04:05,QEFFIASGAAVDAIMEVHFDYYSLQRATYHVGFT
426,NFIRMVISNPAAT,Positive,DRB1_0404,1,HLA-DRB1*04:04,QEFFIASGAAVDAIMEVHFDYYDLQRATYHVVFT
427,VIVMLTPLVEDGV,Positive,DRB1_0404,1,HLA-DRB1*04:04,QEFFIASGAAVDAIMEVHFDYYDLQRATYHVVFT
428,IIVILSPLLNAQN,Positive,DRB1_0404,1,HLA-DRB1*04:04,QEFFIASGAAVDAIMEVHFDYYDLQRATYHVVFT
429,GIVKENIIDLTKIDRCFQ,Positive,DRB1_0404,1,HLA-DRB1*04:04,QEFFIASGAAVDAIMEVHFDYYDLQRATYHVVFT
430,AEDIATYEQNLQQ,Negative,DRB1_0404,0,HLA-DRB1*04:04,QEFFIASGAAVDAIMEVHFDYYDLQRATYHVVFT
431,SQRSSHSSSSGNG,Negative,DRB1_0404,0,HLA-DRB1*04:04,QEFFIASGAAVDAIMEVHFDYYDLQRATYHVVFT
432,MMFIPVALFVTWS,Negative,DRB1_0404,0,HLA-DRB1*04:04,QEFFIASGAAVDAIMEVHFDYYDLQRATYHVVFT
433,TFNTTVDIKLKQWTDKQL,Negative,DRB1_0404,0,HLA-DRB1*04:04,QEFFIASGAAVDAIMEVHFDYYDLQRATYHVVFT
434,FRPLSQSLYWLLA,Negative,DRB1_0404,0,HLA-DRB1*04:04,QEFFIASGAAVDAIMEVHFDYYDLQRATYHVVFT
435,GTERVRFLDRYFH,Negative,DRB1_0404,0,HLA-DRB1*04:04,QEFFIASGAAVDAIMEVHFDYYDLQRATYHVVFT
436,HCFDVYGDPKQWA,Negative,DRB1_0404,0,HLA-DRB1*04:04,QEFFIASGAAVDAIMEVHFDYYDLQRATYHVVFT
437,ESEVKCNFRQEASRLTLE,Negative,DRB1_0404,0,HLA-DRB1*04:04,QEFFIASGAAVDAIMEVHFDYYDLQRATYHVVFT
438,QLTQVYIRSTDVD,Negative,DRB1_0404,0,HLA-DRB1*04:04,QEFFIASGAAVDAIMEVHFDYYDLQRATYHVVFT
439,VAVGLGSCLAILI,Negative,DRB1_0404,0,HLA-DRB1*04:04,QEFFIASGAAVDAIMEVHFDYYDLQRATYHVVFT
440,VTLQGVTGGNTYA,Negative,DRB1_0404,0,HLA-DRB1*04:04,QEFFIASGAAVDAIMEVHFDYYDLQRATYHVVFT
441,TEGPHVLLYFDSVPTSRE,Negative,DRB1_0404,0,HLA-DRB1*04:04,QEFFIASGAAVDAIMEVHFDYYDLQRATYHVVFT
442,VQAEAGASATLSC,Negative,DRB1_0404,0,HLA-DRB1*04:04,QEFFIASGAAVDAIMEVHFDYYDLQRATYHVVFT
443,AKPERGKMRVHKI,Negative,DRB1_0404,0,HLA-DRB1*04:04,QEFFIASGAAVDAIMEVHFDYYDLQRATYHVVFT
444,GTCVEWLRRYLEN,Negative,DRB1_0404,0,HLA-DRB1*04:04,QEFFIASGAAVDAIMEVHFDYYDLQRATYHVVFT
445,LTVAPGHSSHHSPGLQGQ,Negative,DRB1_0404,0,HLA-DRB1*04:04,QEFFIASGAAVDAIMEVHFDYYDLQRATYHVVFT
446,LLIFLITMLILVT,Negative,DRB1_0404,0,HLA-DRB1*04:04,QEFFIASGAAVDAIMEVHFDYYDLQRATYHVVFT
447,QQLLESLGNGTDF,Negative,DRB1_0404,0,HLA-DRB1*04:04,QEFFIASGAAVDAIMEVHFDYYDLQRATYHVVFT
448,PALPPEGTLARSP,Negative,DRB1_0404,0,HLA-DRB1*04:04,QEFFIASGAAVDAIMEVHFDYYDLQRATYHVVFT
449,FHYNQSYPPTYNVKDMLV,Negative,DRB1_0404,0,HLA-DRB1*04:04,QEFFIASGAAVDAIMEVHFDYYDLQRATYHVVFT
450,LNSKIAFKIVSQEPA,Positive,DRB1_0402,1,HLA-DRB1*04:02,QEFFIASGAAVDAIMEVHFDYYDIDEATYHVVFT
451,EDESRRYQQTMGSLQ,Negative,DRB1_0402,0,HLA-DRB1*04:02,QEFFIASGAAVDAIMEVHFDYYDIDEATYHVVFT
452,LKEKGPQNATDSYVH,Negative,DRB1_0402,0,HLA-DRB1*04:02,QEFFIASGAAVDAIMEVHFDYYDIDEATYHVVFT
453,FYLNKMKTFEEPPFE,Negative,DRB1_0402,0,HLA-DRB1*04:02,QEFFIASGAAVDAIMEVHFDYYDIDEATYHVVFT
454,VNGGKQFRSIAFKNQ,Negative,DRB1_0402,0,HLA-DRB1*04:02,QEFFIASGAAVDAIMEVHFDYYDIDEATYHVVFT
455,PEDNKIKELTLEIER,Negative,DRB1_0402,0,HLA-DRB1*04:02,QEFFIASGAAVDAIMEVHFDYYDIDEATYHVVFT
456,ENPVVHFFKNIVTPR,Positive,DRB1_1502,1,HLA-DRB1*15:02,QEFFIASGAAVDAIMWPRFDYFDIQAATYHVGFT
457,TRFQTLLALHRSYLT,Positive,DRB1_1502,1,HLA-DRB1*15:02,QEFFIASGAAVDAIMWPRFDYFDIQAATYHVGFT
458,EDKSLAKPETDKEQD,Negative,DRB1_1502,0,HLA-DRB1*15:02,QEFFIASGAAVDAIMWPRFDYFDIQAATYHVGFT
459,ESAQSKMLSGIGGFV,Negative,DRB1_1502,0,HLA-DRB1*15:02,QEFFIASGAAVDAIMWPRFDYFDIQAATYHVGFT
460,NAEEVRQLLETMARN,Negative,DRB1_1502,0,HLA-DRB1*15:02,QEFFIASGAAVDAIMWPRFDYFDIQAATYHVGFT
461,IDEHGHTVVKKVTRK,Negative,DRB1_1502,0,HLA-DRB1*15:02,QEFFIASGAAVDAIMWPRFDYFDIQAATYHVGFT
462,RPTIESHHVAISDAE,Negative,DRB1_1502,0,HLA-DRB1*15:02,QEFFIASGAAVDAIMWPRFDYFDIQAATYHVGFT
463,ENVLNINCGNKGFTT,Negative,DRB1_1502,0,HLA-DRB1*15:02,QEFFIASGAAVDAIMWPRFDYFDIQAATYHVGFT
464,TPLHNAVQMSREDIV,Negative,DRB1_1502,0,HLA-DRB1*15:02,QEFFIASGAAVDAIMWPRFDYFDIQAATYHVGFT
465,LNEDLRSWTAADTVA,Negative,DRB1_1502,0,HLA-DRB1*15:02,QEFFIASGAAVDAIMWPRFDYFDIQAATYHVGFT
466,WYQQTPGQAPRTLIY,Negative,DRB1_1502,0,HLA-DRB1*15:02,QEFFIASGAAVDAIMWPRFDYFDIQAATYHVGFT
467,FLFLGLGGVECLLLA,Negative,DRB1_1502,0,HLA-DRB1*15:02,QEFFIASGAAVDAIMWPRFDYFDIQAATYHVGFT
468,ENPVVHFFKNIVTPR,Positive,DRB1_1602,1,HLA-DRB1*16:02,QEFFIASGAAVDAIMWPRFDYYDLDRATYHVGFT
469,NQATAKARANLAA,Positive,DRB1_1602,1,HLA-DRB1*16:02,QEFFIASGAAVDAIMWPRFDYYDLDRATYHVGFT
470,RRSGQGFHGNSEVNA,Negative,DRB1_1602,0,HLA-DRB1*16:02,QEFFIASGAAVDAIMWPRFDYYDLDRATYHVGFT
471,LVNPNKKNSYPHY,Negative,DRB1_1602,0,HLA-DRB1*16:02,QEFFIASGAAVDAIMWPRFDYYDLDRATYHVGFT
472,NSHGPCDSIQPHKNI,Negative,DRB1_1602,0,HLA-DRB1*16:02,QEFFIASGAAVDAIMWPRFDYYDLDRATYHVGFT
473,TGEKPYKCEECGK,Negative,DRB1_1602,0,HLA-DRB1*16:02,QEFFIASGAAVDAIMWPRFDYYDLDRATYHVGFT
474,KKQKRSHKATVVNNK,Negative,DRB1_1602,0,HLA-DRB1*16:02,QEFFIASGAAVDAIMWPRFDYYDLDRATYHVGFT
475,GGKLMMSHTLKSD,Negative,DRB1_1602,0,HLA-DRB1*16:02,QEFFIASGAAVDAIMWPRFDYYDLDRATYHVGFT
476,VTLTCETQLSLERSD,Negative,DRB1_1602,0,HLA-DRB1*16:02,QEFFIASGAAVDAIMWPRFDYYDLDRATYHVGFT
477,AIFNPDTPFGDIV,Negative,DRB1_1602,0,HLA-DRB1*16:02,QEFFIASGAAVDAIMWPRFDYYDLDRATYHVGFT
478,YTIKDALGLLLFLLS,Negative,DRB1_1602,0,HLA-DRB1*16:02,QEFFIASGAAVDAIMWPRFDYYDLDRATYHVGFT
479,LHWLVLGTHTSDE,Negative,DRB1_1602,0,HLA-DRB1*16:02,QEFFIASGAAVDAIMWPRFDYYDLDRATYHVGFT
480,ENGEWAIDFCPGVIRRHHG,Positive,DRB3_0101,1,HLA-DRB3*01:01,QEFFIASGAAVDAIMERSYDYYVLQKRNYHVGFT
481,VRKLKARVDELERIR,Positive,DRB3_0101,1,HLA-DRB3*01:01,QEFFIASGAAVDAIMERSYDYYVLQKRNYHVGFT
482,RYFFTSVSRPGRGEPRFIA,Negative,DRB3_0101,0,HLA-DRB3*01:01,QEFFIASGAAVDAIMERSYDYYVLQKRNYHVGFT
483,GNCGKDKDTWIQCNK,Negative,DRB3_0101,0,HLA-DRB3*01:01,QEFFIASGAAVDAIMERSYDYYVLQKRNYHVGFT
484,PWIEQEGPEYWDEETGKVK,Negative,DRB3_0101,0,HLA-DRB3*01:01,QEFFIASGAAVDAIMERSYDYYVLQKRNYHVGFT
485,QIPYVFFASEGLLNT,Negative,DRB3_0101,0,HLA-DRB3*01:01,QEFFIASGAAVDAIMERSYDYYVLQKRNYHVGFT
486,ASSQIPALEESCEAVEARE,Negative,DRB3_0101,0,HLA-DRB3*01:01,QEFFIASGAAVDAIMERSYDYYVLQKRNYHVGFT
487,SARSKTLTGAGGFVL,Negative,DRB3_0101,0,HLA-DRB3*01:01,QEFFIASGAAVDAIMERSYDYYVLQKRNYHVGFT
488,CQCEGKDNRIPLLKEVFEA,Negative,DRB3_0101,0,HLA-DRB3*01:01,QEFFIASGAAVDAIMERSYDYYVLQKRNYHVGFT
489,SMKDRATELQEQLSS,Negative,DRB3_0101,0,HLA-DRB3*01:01,QEFFIASGAAVDAIMERSYDYYVLQKRNYHVGFT
490,SIPDTQLEQVIESQKANQC,Negative,DRB3_0101,0,HLA-DRB3*01:01,QEFFIASGAAVDAIMERSYDYYVLQKRNYHVGFT
491,FFGNVDSSGIKHNIF,Negative,DRB3_0101,0,HLA-DRB3*01:01,QEFFIASGAAVDAIMERSYDYYVLQKRNYHVGFT
492,PIVQLQGDSNCLKCFR,Positive,DRB1_0301,1,HLA-DRB1*03:01,QEFFIASGAAVDAIMESSYDYFDLQKRNYHVVFT
493,AKRLDACQDQLLE,Positive,DRB1_0301,1,HLA-DRB1*03:01,QEFFIASGAAVDAIMESSYDYFDLQKRNYHVVFT
494,PVVSEWAGGGGLRQRE,Negative,DRB1_0301,0,HLA-DRB1*03:01,QEFFIASGAAVDAIMESSYDYFDLQKRNYHVVFT
495,CQQEGHLPDSSIS,Negative,DRB1_0301,0,HLA-DRB1*03:01,QEFFIASGAAVDAIMESSYDYFDLQKRNYHVVFT
496,TSGLVKPTTSPLIPTT,Negative,DRB1_0301,0,HLA-DRB1*03:01,QEFFIASGAAVDAIMESSYDYFDLQKRNYHVVFT
497,QFVRFDSDAASPR,Negative,DRB1_0301,0,HLA-DRB1*03:01,QEFFIASGAAVDAIMESSYDYFDLQKRNYHVVFT
498,GKMSFSEKNLKALLKH,Negative,DRB1_0301,0,HLA-DRB1*03:01,QEFFIASGAAVDAIMESSYDYFDLQKRNYHVVFT
499,EYDHTTWFKFSVA,Negative,DRB1_0301,0,HLA-DRB1*03:01,QEFFIASGAAVDAIMESSYDYFDLQKRNYHVVFT
500,RKGRVVIDSDTEDSGS,Negative,DRB1_0301,0,HLA-DRB1*03:01,QEFFIASGAAVDAIMESSYDYFDLQKRNYHVVFT
501,TKEADIHFLIDGS,Negative,DRB1_0301,0,HLA-DRB1*03:01,QEFFIASGAAVDAIMESSYDYFDLQKRNYHVVFT
502,KRGLGYHGEKLQPFGQ,Negative,DRB1_0301,0,HLA-DRB1*03:01,QEFFIASGAAVDAIMESSYDYFDLQKRNYHVVFT
503,ATSLTLIWKVSDN,Negative,DRB1_0301,0,HLA-DRB1*03:01,QEFFIASGAAVDAIMESSYDYFDLQKRNYHVVFT
504,PIVQLQGDSNCLKCFR,Positive,DRB1_0102,1,HLA-DRB1*01:02,QEFFIASGAAVDAIMWLFLECYDLQRATYHAVFT
505,EKLKHILGKARFIKLN,Positive,DRB1_0102,1,HLA-DRB1*01:02,QEFFIASGAAVDAIMWLFLECYDLQRATYHAVFT
506,RSVPNKLGGVLALLLS,Negative,DRB1_0102,0,HLA-DRB1*01:02,QEFFIASGAAVDAIMWLFLECYDLQRATYHAVFT
507,LWKCGIENQAFYKLEK,Negative,DRB1_0102,0,HLA-DRB1*01:02,QEFFIASGAAVDAIMWLFLECYDLQRATYHAVFT
508,ANNVTSVVGHLSTSLF,Negative,DRB1_0102,0,HLA-DRB1*01:02,QEFFIASGAAVDAIMWLFLECYDLQRATYHAVFT
509,QPAAPAMAKPLTDQEK,Negative,DRB1_0102,0,HLA-DRB1*01:02,QEFFIASGAAVDAIMWLFLECYDLQRATYHAVFT
510,TMVATTWFPKQMVLEL,Negative,DRB1_0102,0,HLA-DRB1*01:02,QEFFIASGAAVDAIMWLFLECYDLQRATYHAVFT
511,RQENHLNSGGRGCSEP,Negative,DRB1_0102,0,HLA-DRB1*01:02,QEFFIASGAAVDAIMWLFLECYDLQRATYHAVFT
512,LYLGALDHTADRLQAI,Negative,DRB1_0102,0,HLA-DRB1*01:02,QEFFIASGAAVDAIMWLFLECYDLQRATYHAVFT
513,DEAADENPESQEMLEE,Negative,DRB1_0102,0,HLA-DRB1*01:02,QEFFIASGAAVDAIMWLFLECYDLQRATYHAVFT
514,DSAGKNGYTPLHIAAK,Negative,DRB1_0102,0,HLA-DRB1*01:02,QEFFIASGAAVDAIMWLFLECYDLQRATYHAVFT
515,GSGSGTDFTLTISRLE,Negative,DRB1_0102,0,HLA-DRB1*01:02,QEFFIASGAAVDAIMWLFLECYDLQRATYHAVFT
516,GIVKENIIDLTKIDRCFQ,Positive,DRB4_0101,1,HLA-DRB4*01:01,QEFFIASGAAVDAIMEACNIYYDLRRETYYVVFT
517,IVKTGERQHGIHIQGSDP,Positive,DRB4_0101,1,HLA-DRB4*01:01,QEFFIASGAAVDAIMEACNIYYDLRRETYYVVFT
518,SISKSDLMLQCKMPTEEK,Negative,DRB4_0101,0,HLA-DRB4*01:01,QEFFIASGAAVDAIMEACNIYYDLRRETYYVVFT
519,SMRYFSTSVSRPGRGEPR,Negative,DRB4_0101,0,HLA-DRB4*01:01,QEFFIASGAAVDAIMEACNIYYDLRRETYYVVFT
520,AKTSDDGSSPDEKYPDPF,Negative,DRB4_0101,0,HLA-DRB4*01:01,QEFFIASGAAVDAIMEACNIYYDLRRETYYVVFT
521,VAQEKGTADAANVTSTLE,Negative,DRB4_0101,0,HLA-DRB4*01:01,QEFFIASGAAVDAIMEACNIYYDLRRETYYVVFT
522,HIIETANMSYTNAWALSI,Negative,DRB4_0101,0,HLA-DRB4*01:01,QEFFIASGAAVDAIMEACNIYYDLRRETYYVVFT
523,GLWWAEGTAVATRGFFFG,Negative,DRB4_0101,0,HLA-DRB4*01:01,QEFFIASGAAVDAIMEACNIYYDLRRETYYVVFT
524,VPESVTPVEGDWLVWTST,Negative,DRB4_0101,0,HLA-DRB4*01:01,QEFFIASGAAVDAIMEACNIYYDLRRETYYVVFT
525,MPMANLLLLIVPILIAMA,Negative,DRB4_0101,0,HLA-DRB4*01:01,QEFFIASGAAVDAIMEACNIYYDLRRETYYVVFT
526,AEQRRAYLEGTCVEWLHR,Negative,DRB4_0101,0,HLA-DRB4*01:01,QEFFIASGAAVDAIMEACNIYYDLRRETYYVVFT
527,ALLHSSTMVVAGIFLLIR,Negative,DRB4_0101,0,HLA-DRB4*01:01,QEFFIASGAAVDAIMEACNIYYDLRRETYYVVFT
528,ELERIRRSILPYGDS,Positive,DRB1_0802,1,HLA-DRB1*08:02,QEFFIASGAAVDAIMESGFDYYDFDRLTYHVGFT
529,RAFAKWRRNHNHIWQ,Negative,DRB1_0802,0,HLA-DRB1*08:02,QEFFIASGAAVDAIMESGFDYYDFDRLTYHVGFT
530,CDVGPDGRFLRGYRQ,Negative,DRB1_0802,0,HLA-DRB1*08:02,QEFFIASGAAVDAIMESGFDYYDFDRLTYHVGFT
531,LQRADPPKTHVTHHP,Negative,DRB1_0802,0,HLA-DRB1*08:02,QEFFIASGAAVDAIMESGFDYYDFDRLTYHVGFT
532,PDGSWSCGSCPVGFL,Negative,DRB1_0802,0,HLA-DRB1*08:02,QEFFIASGAAVDAIMESGFDYYDFDRLTYHVGFT
533,RAFVALYVASHRGHF,Negative,DRB1_0802,0,HLA-DRB1*08:02,QEFFIASGAAVDAIMESGFDYYDFDRLTYHVGFT
534,MALWMRLLPLLALLA,Positive,HLA-DQA10301-DQB10302,1,HLA-DQA1*03:01/DQB1*03:02,YNYHERRFATVLHIVYFGLTYYAVRTETVHLETT
535,LPLLALLALWGPDPAA,Positive,HLA-DQA10301-DQB10302,1,HLA-DQA1*03:01/DQB1*03:02,YNYHERRFATVLHIVYFGLTYYAVRTETVHLETT
536,LWGPDPAAAFVNQHL,Positive,HLA-DQA10301-DQB10302,1,HLA-DQA1*03:01/DQB1*03:02,YNYHERRFATVLHIVYFGLTYYAVRTETVHLETT
537,GPDPAAAFVNQHL,Positive,HLA-DQA10301-DQB10302,1,HLA-DQA1*03:01/DQB1*03:02,YNYHERRFATVLHIVYFGLTYYAVRTETVHLETT
538,DPAAAFVNQHLCGSHL,Positive,HLA-DQA10301-DQB10302,1,HLA-DQA1*03:01/DQB1*03:02,YNYHERRFATVLHIVYFGLTYYAVRTETVHLETT
539,FVNQHLCGSHLVEALY,Positive,HLA-DQA10301-DQB10302,1,HLA-DQA1*03:01/DQB1*03:02,YNYHERRFATVLHIVYFGLTYYAVRTETVHLETT
540,SHLVEALYLVCGERG,Positive,HLA-DQA10301-DQB10302,1,HLA-DQA1*03:01/DQB1*03:02,YNYHERRFATVLHIVYFGLTYYAVRTETVHLETT
541,YLVCGERGFFYTPKTR,Positive,HLA-DQA10301-DQB10302,1,HLA-DQA1*03:01/DQB1*03:02,YNYHERRFATVLHIVYFGLTYYAVRTETVHLETT
542,RGFFYTPKTRREAEDL,Positive,HLA-DQA10301-DQB10302,1,HLA-DQA1*03:01/DQB1*03:02,YNYHERRFATVLHIVYFGLTYYAVRTETVHLETT
543,RREAEDLQVGQVELGG,Positive,HLA-DQA10301-DQB10302,1,HLA-DQA1*03:01/DQB1*03:02,YNYHERRFATVLHIVYFGLTYYAVRTETVHLETT
544,LQVGQVELGGGPGAGS,Positive,HLA-DQA10301-DQB10302,1,HLA-DQA1*03:01/DQB1*03:02,YNYHERRFATVLHIVYFGLTYYAVRTETVHLETT
545,GGPGAGSLQPLALEGSL,Positive,HLA-DQA10301-DQB10302,1,HLA-DQA1*03:01/DQB1*03:02,YNYHERRFATVLHIVYFGLTYYAVRTETVHLETT
546,LALEGSLQKRGIVEQCCT,Positive,HLA-DQA10301-DQB10302,1,HLA-DQA1*03:01/DQB1*03:02,YNYHERRFATVLHIVYFGLTYYAVRTETVHLETT
547,VEQCCTSICSLYQLENYCN,Positive,HLA-DQA10301-DQB10302,1,HLA-DQA1*03:01/DQB1*03:02,YNYHERRFATVLHIVYFGLTYYAVRTETVHLETT
548,RPENPKPQDGKETKAA,Negative,HLA-DQA10301-DQB10302,0,HLA-DQA1*03:01/DQB1*03:02,YNYHERRFATVLHIVYFGLTYYAVRTETVHLETT
549,QDLYPSESTAEDDIQP,Negative,HLA-DQA10301-DQB10302,0,HLA-DQA1*03:01/DQB1*03:02,YNYHERRFATVLHIVYFGLTYYAVRTETVHLETT
550,ASPSAVASTDSSAATS,Negative,HLA-DQA10301-DQB10302,0,HLA-DQA1*03:01/DQB1*03:02,YNYHERRFATVLHIVYFGLTYYAVRTETVHLETT
551,EVYFIDHNTKTTSWLD,Negative,HLA-DQA10301-DQB10302,0,HLA-DQA1*03:01/DQB1*03:02,YNYHERRFATVLHIVYFGLTYYAVRTETVHLETT
552,QLASQGTVLLLLRVLL,Negative,HLA-DQA10301-DQB10302,0,HLA-DQA1*03:01/DQB1*03:02,YNYHERRFATVLHIVYFGLTYYAVRTETVHLETT
553,ALPSECQMLLFSATFE,Negative,HLA-DQA10301-DQB10302,0,HLA-DQA1*03:01/DQB1*03:02,YNYHERRFATVLHIVYFGLTYYAVRTETVHLETT
554,TYRENLRIALRYYNQS,Negative,HLA-DQA10301-DQB10302,0,HLA-DQA1*03:01/DQB1*03:02,YNYHERRFATVLHIVYFGLTYYAVRTETVHLETT
555,VDDTQFVRFDSDAAS,Negative,HLA-DQA10301-DQB10302,0,HLA-DQA1*03:01/DQB1*03:02,YNYHERRFATVLHIVYFGLTYYAVRTETVHLETT
556,PEAPGEHGLAPWEQG,Negative,HLA-DQA10301-DQB10302,0,HLA-DQA1*03:01/DQB1*03:02,YNYHERRFATVLHIVYFGLTYYAVRTETVHLETT
557,GPYACEVWNWGSRAR,Negative,HLA-DQA10301-DQB10302,0,HLA-DQA1*03:01/DQB1*03:02,YNYHERRFATVLHIVYFGLTYYAVRTETVHLETT
558,TAKALADVATVLG,Negative,HLA-DQA10301-DQB10302,0,HLA-DQA1*03:01/DQB1*03:02,YNYHERRFATVLHIVYFGLTYYAVRTETVHLETT
559,QALIAEGIALVWESYKL,Negative,HLA-DQA10301-DQB10302,0,HLA-DQA1*03:01/DQB1*03:02,YNYHERRFATVLHIVYFGLTYYAVRTETVHLETT
560,SGEEQRYTCHVQHEGLPK,Negative,HLA-DQA10301-DQB10302,0,HLA-DQA1*03:01/DQB1*03:02,YNYHERRFATVLHIVYFGLTYYAVRTETVHLETT
561,KWAAVVVPSGEEQRYTCHV,Negative,HLA-DQA10301-DQB10302,0,HLA-DQA1*03:01/DQB1*03:02,YNYHERRFATVLHIVYFGLTYYAVRTETVHLETT
562,NVDLQEELPSLWNSRV,Negative,HLA-DQA10301-DQB10302,0,HLA-DQA1*03:01/DQB1*03:02,YNYHERRFATVLHIVYFGLTYYAVRTETVHLETT
563,RDLKPPNLLLVAGGTV,Negative,HLA-DQA10301-DQB10302,0,HLA-DQA1*03:01/DQB1*03:02,YNYHERRFATVLHIVYFGLTYYAVRTETVHLETT
564,RYYVPEGECCPVCEDP,Negative,HLA-DQA10301-DQB10302,0,HLA-DQA1*03:01/DQB1*03:02,YNYHERRFATVLHIVYFGLTYYAVRTETVHLETT
565,SLRSPKARRGKARRRA,Negative,HLA-DQA10301-DQB10302,0,HLA-DQA1*03:01/DQB1*03:02,YNYHERRFATVLHIVYFGLTYYAVRTETVHLETT
566,LYLYGTHSHGLFKKLG,Negative,HLA-DQA10301-DQB10302,0,HLA-DQA1*03:01/DQB1*03:02,YNYHERRFATVLHIVYFGLTYYAVRTETVHLETT
567,PTSRGGASVEETDQSH,Negative,HLA-DQA10301-DQB10302,0,HLA-DQA1*03:01/DQB1*03:02,YNYHERRFATVLHIVYFGLTYYAVRTETVHLETT
568,LALETIDINKDPYFMK,Negative,HLA-DQA10301-DQB10302,0,HLA-DQA1*03:01/DQB1*03:02,YNYHERRFATVLHIVYFGLTYYAVRTETVHLETT
569,LPFIITALATLHLLF,Negative,HLA-DQA10301-DQB10302,0,HLA-DQA1*03:01/DQB1*03:02,YNYHERRFATVLHIVYFGLTYYAVRTETVHLETT
570,GLLTSQNLPLLLLDL,Negative,HLA-DQA10301-DQB10302,0,HLA-DQA1*03:01/DQB1*03:02,YNYHERRFATVLHIVYFGLTYYAVRTETVHLETT
571,PNEREERVMDGLLVI,Negative,HLA-DQA10301-DQB10302,0,HLA-DQA1*03:01/DQB1*03:02,YNYHERRFATVLHIVYFGLTYYAVRTETVHLETT
572,EWSNSSDPLLVSV,Negative,HLA-DQA10301-DQB10302,0,HLA-DQA1*03:01/DQB1*03:02,YNYHERRFATVLHIVYFGLTYYAVRTETVHLETT
573,VEHLKVKQEPTDIQLQP,Negative,HLA-DQA10301-DQB10302,0,HLA-DQA1*03:01/DQB1*03:02,YNYHERRFATVLHIVYFGLTYYAVRTETVHLETT
574,ISPSLNVSLLLTLSILSI,Negative,HLA-DQA10301-DQB10302,0,HLA-DQA1*03:01/DQB1*03:02,YNYHERRFATVLHIVYFGLTYYAVRTETVHLETT
575,EVCAGDSGPGAAPEAGGAG,Negative,HLA-DQA10301-DQB10302,0,HLA-DQA1*03:01/DQB1*03:02,YNYHERRFATVLHIVYFGLTYYAVRTETVHLETT
576,EDSEVIEPPSLPQLQT,Negative,HLA-DQA10301-DQB10302,0,HLA-DQA1*03:01/DQB1*03:02,YNYHERRFATVLHIVYFGLTYYAVRTETVHLETT
577,RDSESWDHSGGAGDSS,Negative,HLA-DQA10301-DQB10302,0,HLA-DQA1*03:01/DQB1*03:02,YNYHERRFATVLHIVYFGLTYYAVRTETVHLETT
578,IFENLWFSCATDSLGV,Negative,HLA-DQA10301-DQB10302,0,HLA-DQA1*03:01/DQB1*03:02,YNYHERRFATVLHIVYFGLTYYAVRTETVHLETT
579,RVTITADESTGTAYLE,Negative,HLA-DQA10301-DQB10302,0,HLA-DQA1*03:01/DQB1*03:02,YNYHERRFATVLHIVYFGLTYYAVRTETVHLETT
580,LSYFDRRSFENKPPAH,Negative,HLA-DQA10301-DQB10302,0,HLA-DQA1*03:01/DQB1*03:02,YNYHERRFATVLHIVYFGLTYYAVRTETVHLETT
581,VFNYGVETHEAYKQRS,Negative,HLA-DQA10301-DQB10302,0,HLA-DQA1*03:01/DQB1*03:02,YNYHERRFATVLHIVYFGLTYYAVRTETVHLETT
582,ISSHYWTWIRQPPGKG,Negative,HLA-DQA10301-DQB10302,0,HLA-DQA1*03:01/DQB1*03:02,YNYHERRFATVLHIVYFGLTYYAVRTETVHLETT
583,ANGGQAFLAEVPDSE,Negative,HLA-DQA10301-DQB10302,0,HLA-DQA1*03:01/DQB1*03:02,YNYHERRFATVLHIVYFGLTYYAVRTETVHLETT
584,ADFAGRPEPLTYKLV,Negative,HLA-DQA10301-DQB10302,0,HLA-DQA1*03:01/DQB1*03:02,YNYHERRFATVLHIVYFGLTYYAVRTETVHLETT
585,GIFVEGVEPGSKAAD,Negative,HLA-DQA10301-DQB10302,0,HLA-DQA1*03:01/DQB1*03:02,YNYHERRFATVLHIVYFGLTYYAVRTETVHLETT
586,MPFSSSSLSCLNL,Negative,HLA-DQA10301-DQB10302,0,HLA-DQA1*03:01/DQB1*03:02,YNYHERRFATVLHIVYFGLTYYAVRTETVHLETT
587,SVNASPKTALTGPTEGA,Negative,HLA-DQA10301-DQB10302,0,HLA-DQA1*03:01/DQB1*03:02,YNYHERRFATVLHIVYFGLTYYAVRTETVHLETT
588,HPQPSATPTGQQQSQHGG,Negative,HLA-DQA10301-DQB10302,0,HLA-DQA1*03:01/DQB1*03:02,YNYHERRFATVLHIVYFGLTYYAVRTETVHLETT
589,AAVCRECLQALEFLHSNQV,Negative,HLA-DQA10301-DQB10302,0,HLA-DQA1*03:01/DQB1*03:02,YNYHERRFATVLHIVYFGLTYYAVRTETVHLETT
590,DREVGIPPEQSLETAK,Negative,HLA-DQA10301-DQB10302,0,HLA-DQA1*03:01/DQB1*03:02,YNYHERRFATVLHIVYFGLTYYAVRTETVHLETT
591,SATITVTNTAIATATV,Negative,HLA-DQA10301-DQB10302,0,HLA-DQA1*03:01/DQB1*03:02,YNYHERRFATVLHIVYFGLTYYAVRTETVHLETT
592,PFPTSRDPLPSVPPTT,Negative,HLA-DQA10301-DQB10302,0,HLA-DQA1*03:01/DQB1*03:02,YNYHERRFATVLHIVYFGLTYYAVRTETVHLETT
593,RAEYVRLAINYRLHEF,Negative,HLA-DQA10301-DQB10302,0,HLA-DQA1*03:01/DQB1*03:02,YNYHERRFATVLHIVYFGLTYYAVRTETVHLETT
594,PATLAATTAAAATSFS,Negative,HLA-DQA10301-DQB10302,0,HLA-DQA1*03:01/DQB1*03:02,YNYHERRFATVLHIVYFGLTYYAVRTETVHLETT
595,QRVTISCSGSSSNIGS,Negative,HLA-DQA10301-DQB10302,0,HLA-DQA1*03:01/DQB1*03:02,YNYHERRFATVLHIVYFGLTYYAVRTETVHLETT
596,DEGWVPLEIMIKFNRL,Negative,HLA-DQA10301-DQB10302,0,HLA-DQA1*03:01/DQB1*03:02,YNYHERRFATVLHIVYFGLTYYAVRTETVHLETT
597,LEPLGTLGYCGAVGL,Negative,HLA-DQA10301-DQB10302,0,HLA-DQA1*03:01/DQB1*03:02,YNYHERRFATVLHIVYFGLTYYAVRTETVHLETT
598,ETLIISKSSSMFHIM,Negative,HLA-DQA10301-DQB10302,0,HLA-DQA1*03:01/DQB1*03:02,YNYHERRFATVLHIVYFGLTYYAVRTETVHLETT
599,RAAVDTYCRHNYGVV,Negative,HLA-DQA10301-DQB10302,0,HLA-DQA1*03:01/DQB1*03:02,YNYHERRFATVLHIVYFGLTYYAVRTETVHLETT
600,EQKTSEFSRRVAE,Negative,HLA-DQA10301-DQB10302,0,HLA-DQA1*03:01/DQB1*03:02,YNYHERRFATVLHIVYFGLTYYAVRTETVHLETT
601,VEELFKLLKEGHRMDKP,Negative,HLA-DQA10301-DQB10302,0,HLA-DQA1*03:01/DQB1*03:02,YNYHERRFATVLHIVYFGLTYYAVRTETVHLETT
602,RAYLEGTCVEWLRRYLEN,Negative,HLA-DQA10301-DQB10302,0,HLA-DQA1*03:01/DQB1*03:02,YNYHERRFATVLHIVYFGLTYYAVRTETVHLETT
603,DRVDLGTLRGYYNQSEAGS,Negative,HLA-DQA10301-DQB10302,0,HLA-DQA1*03:01/DQB1*03:02,YNYHERRFATVLHIVYFGLTYYAVRTETVHLETT
604,VGPDGRLLRGHNQYAY,Negative,HLA-DQA10301-DQB10302,0,HLA-DQA1*03:01/DQB1*03:02,YNYHERRFATVLHIVYFGLTYYAVRTETVHLETT
605,VHLNCALWSTEVYETQ,Negative,HLA-DQA10301-DQB10302,0,HLA-DQA1*03:01/DQB1*03:02,YNYHERRFATVLHIVYFGLTYYAVRTETVHLETT
606,WTAADTAAQITQRKWE,Negative,HLA-DQA10301-DQB10302,0,HLA-DQA1*03:01/DQB1*03:02,YNYHERRFATVLHIVYFGLTYYAVRTETVHLETT
607,TIPIVGIVAGLAVLAV,Negative,HLA-DQA10301-DQB10302,0,HLA-DQA1*03:01/DQB1*03:02,YNYHERRFATVLHIVYFGLTYYAVRTETVHLETT
608,QTLSTGEPLELPELGC,Negative,HLA-DQA10301-DQB10302,0,HLA-DQA1*03:01/DQB1*03:02,YNYHERRFATVLHIVYFGLTYYAVRTETVHLETT
609,PILPPHLLQVILNKDT,Negative,HLA-DQA10301-DQB10302,0,HLA-DQA1*03:01/DQB1*03:02,YNYHERRFATVLHIVYFGLTYYAVRTETVHLETT
610,STPLQQWRQGEYKCVV,Negative,HLA-DQA10301-DQB10302,0,HLA-DQA1*03:01/DQB1*03:02,YNYHERRFATVLHIVYFGLTYYAVRTETVHLETT
611,GDPKGAMITHQNIVS,Negative,HLA-DQA10301-DQB10302,0,HLA-DQA1*03:01/DQB1*03:02,YNYHERRFATVLHIVYFGLTYYAVRTETVHLETT
612,GGYSVDSPTLTRFFT,Negative,HLA-DQA10301-DQB10302,0,HLA-DQA1*03:01/DQB1*03:02,YNYHERRFATVLHIVYFGLTYYAVRTETVHLETT
613,LPILPNADDYFLLRW,Negative,HLA-DQA10301-DQB10302,0,HLA-DQA1*03:01/DQB1*03:02,YNYHERRFATVLHIVYFGLTYYAVRTETVHLETT
614,YAFNGTQRFLERY,Negative,HLA-DQA10301-DQB10302,0,HLA-DQA1*03:01/DQB1*03:02,YNYHERRFATVLHIVYFGLTYYAVRTETVHLETT
615,PSGNLARNSSFSQQQFA,Negative,HLA-DQA10301-DQB10302,0,HLA-DQA1*03:01/DQB1*03:02,YNYHERRFATVLHIVYFGLTYYAVRTETVHLETT
616,LLCTECYSNECSSKCFHC,Negative,HLA-DQA10301-DQB10302,0,HLA-DQA1*03:01/DQB1*03:02,YNYHERRFATVLHIVYFGLTYYAVRTETVHLETT
617,YLEGECVDGLRRYLENGKD,Negative,HLA-DQA10301-DQB10302,0,HLA-DQA1*03:01/DQB1*03:02,YNYHERRFATVLHIVYFGLTYYAVRTETVHLETT
618,LPNFSSLNLRETNLDSLPL,Positive,HLA-DPA10103-DPB10401,1,HLA-DPA1*01:03/DPB1*04:01,YAFFMFSGGAILNTLFGQFEYFAIEKVRMHLGMT
619,RSQPHTKPSVFVMKNGTNV,Negative,HLA-DPA10103-DPB10401,0,HLA-DPA1*01:03/DPB1*04:01,YAFFMFSGGAILNTLFGQFEYFAIEKVRMHLGMT
620,ASLGTQPDLGSALYQENYK,Negative,HLA-DPA10103-DPB10401,0,HLA-DPA1*01:03/DPB1*04:01,YAFFMFSGGAILNTLFGQFEYFAIEKVRMHLGMT
621,VTLSCSSRSSYDMYHLSRE,Negative,HLA-DPA10103-DPB10401,0,HLA-DPA1*01:03/DPB1*04:01,YAFFMFSGGAILNTLFGQFEYFAIEKVRMHLGMT
622,RFSCDVAEGKYKEKGIPAL,Negative,HLA-DPA10103-DPB10401,0,HLA-DPA1*01:03/DPB1*04:01,YAFFMFSGGAILNTLFGQFEYFAIEKVRMHLGMT
623,QRRVEPTVTISPSRTEALN,Negative,HLA-DPA10103-DPB10401,0,HLA-DPA1*01:03/DPB1*04:01,YAFFMFSGGAILNTLFGQFEYFAIEKVRMHLGMT
624,GNIPLMKAAFKRSCLKHHPD,Negative,DRB5_0101,0,HLA-DRB5*01:01,QEFFIASGAAVDAIMQDYFHDYDFDRATYHVGFT
625,INGKVCGQCENKAALLVCLE,Negative,DRB5_0101,0,HLA-DRB5*01:01,QEFFIASGAAVDAIMQDYFHDYDFDRATYHVGFT
626,KIYTEEKPYKCEEYNKSPKQ,Negative,DRB5_0101,0,HLA-DRB5*01:01,QEFFIASGAAVDAIMQDYFHDYDFDRATYHVGFT
627,TAEQLLREAKERELELLPPP,Negative,DRB5_0101,0,HLA-DRB5*01:01,QEFFIASGAAVDAIMQDYFHDYDFDRATYHVGFT
628,HRVDLGTLRGYYNQSEAGSH,Negative,DRB5_0101,0,HLA-DRB5*01:01,QEFFIASGAAVDAIMQDYFHDYDFDRATYHVGFT
629,GLRRDVLLGECETPLIALLP,Negative,DRB5_0101,0,HLA-DRB5*01:01,QEFFIASGAAVDAIMQDYFHDYDFDRATYHVGFT
630,ATRAGLQVRKNKRRRGCPIL,Positive,DRB1_1302,1,HLA-DRB1*13:02,QEFFIASGAAVDAIMESSFDYFDIDEATYHVGFT
631,ATRAGLQVRKNKRRR,Positive,DRB1_1302,1,HLA-DRB1*13:02,QEFFIASGAAVDAIMESSFDYFDIDEATYHVGFT
632,AGLQVRKNKRRRGCP,Positive,DRB1_1302,1,HLA-DRB1*13:02,QEFFIASGAAVDAIMESSFDYFDIDEATYHVGFT
633,LQVRKNKRRRGCPIL,Positive,DRB1_1302,1,HLA-DRB1*13:02,QEFFIASGAAVDAIMESSFDYFDIDEATYHVGFT
634,QADRVSLRNLRGYYN,Negative,DRB1_1302,0,HLA-DRB1*13:02,QEFFIASGAAVDAIMESSFDYFDIDEATYHVGFT
635,GRFLRGYRQDAYDGK,Negative,DRB1_1302,0,HLA-DRB1*13:02,QEFFIASGAAVDAIMESSFDYFDIDEATYHVGFT
636,SAGSSSSYGQHGSGS,Negative,DRB1_1302,0,HLA-DRB1*13:02,QEFFIASGAAVDAIMESSFDYFDIDEATYHVGFT
637,RRSPPPSLAKQKQKQVTDMM,Negative,DRB1_1302,0,HLA-DRB1*13:02,QEFFIASGAAVDAIMESSFDYFDIDEATYHVGFT
638,MEELQAQLEKELEGG,Negative,DRB1_1302,0,HLA-DRB1*13:02,QEFFIASGAAVDAIMESSFDYFDIDEATYHVGFT
639,SVTAADTAVYFCARG,Negative,DRB1_1302,0,HLA-DRB1*13:02,QEFFIASGAAVDAIMESSFDYFDIDEATYHVGFT
640,FAGLFSQLPSQVVKP,Negative,DRB1_1302,0,HLA-DRB1*13:02,QEFFIASGAAVDAIMESSFDYFDIDEATYHVGFT
641,GSNQEIRRQKERITEQPLKE,Negative,DRB1_1302,0,HLA-DRB1*13:02,QEFFIASGAAVDAIMESSFDYFDIDEATYHVGFT
642,EDLRSWTAADTAAQI,Negative,DRB1_1302,0,HLA-DRB1*13:02,QEFFIASGAAVDAIMESSFDYFDIDEATYHVGFT
643,LNLHTDVGSVRMRRP,Negative,DRB1_1302,0,HLA-DRB1*13:02,QEFFIASGAAVDAIMESSFDYFDIDEATYHVGFT
644,LNEITESGRIGFGSF,Negative,DRB1_1302,0,HLA-DRB1*13:02,QEFFIASGAAVDAIMESSFDYFDIDEATYHVGFT
645,TVTISPSRTEALNHHNLLIC,Negative,DRB1_1302,0,HLA-DRB1*13:02,QEFFIASGAAVDAIMESSFDYFDIDEATYHVGFT
646,EELRSHHILERLDAH,Negative,DRB1_1302,0,HLA-DRB1*13:02,QEFFIASGAAVDAIMESSFDYFDIDEATYHVGFT
647,QIKELEEKFLFLFLF,Negative,DRB1_1302,0,HLA-DRB1*13:02,QEFFIASGAAVDAIMESSFDYFDIDEATYHVGFT
648,DLNFGDWKCIWHCKT,Negative,DRB1_1302,0,HLA-DRB1*13:02,QEFFIASGAAVDAIMESSFDYFDIDEATYHVGFT
649,SGQEQRYTCHMQHEGLQEPL,Negative,DRB1_1302,0,HLA-DRB1*13:02,QEFFIASGAAVDAIMESSFDYFDIDEATYHVGFT
650,AHLSAVLLFYIPMIL,Negative,DRB1_1302,0,HLA-DRB1*13:02,QEFFIASGAAVDAIMESSFDYFDIDEATYHVGFT
651,QLTKELQQHVKSVTC,Negative,DRB1_1302,0,HLA-DRB1*13:02,QEFFIASGAAVDAIMESSFDYFDIDEATYHVGFT
652,YGCDVGPDGRLLRGH,Negative,DRB1_1302,0,HLA-DRB1*13:02,QEFFIASGAAVDAIMESSFDYFDIDEATYHVGFT
653,IRNLEDSLFTLQSQLQLLQS,Negative,DRB1_1302,0,HLA-DRB1*13:02,QEFFIASGAAVDAIMESSFDYFDIDEATYHVGFT
