Patient_ID,Peptide,Immunogenicity
O.1,SPIKLVQKVASKIPFPDRITEESV,1
O.1,NNSKKKWFLFQDSKKIQVEQPQ,1
O.1,DRSVLAKKLKFVTLVFRHGDRSPID,1
O.1,SHTQTTLFHTFYELLIQKNKHK,1
O.1,TKRQVILLHTELERFLEYLPLRF,1
O.1,EDSDKLFESKAELADHQKF,0
O.1,SHNELADSGIPENSFNVSSLVE,1
O.1,RLVLGKFGDLTNNFSSPHAR,1
O.1,RRGGALFASRPRFTPL,0
O.1,LCPREEFLRLCKKIMMRSIQ,0
O.1,PSTANYNSFSSAPMPQIPVASVTPT,0
O.1,SGSPPLRVSVGDFSQEFSPIQEAQQD,1
O.1,LSPREEFLRLCKKIMMRSIQ,1
O.2,RPAGRTQLLWTPAAPTAMAEVGPGHTP,1
O.2,WTPAAPTAMAEVGPGHTPAHPSQGAVPP,1
O.2,AAVRPEQRPAARGSRV,0
O.2,PGGDSGELITDAHELGVAHPPGY,1
O.2,VTSPKASPVTFPAAAFPTASPANKD,1
O.2,LENNANHDETSFLLPRKESNIVD,1
O.2,RGQIKLADFRLARLYSSEESR,1
O.2,KHLPGVNFPGNQWNPVEGILPS,0
O.2,PAPPPAVPKEHPAPPAPPPASAPTP,0
O.2,LGETMGQVTEKLQPTYMEET,0
O.2,PETGEIQVKTFLDREQRESYELKV,0
O.2,TFPKKIQMLARDFLDEY,1
O.2,EVVGGYTWPSGNIYQGYWAQGKR,0
O.2,PAHPSQGAVPPSRAAAEPHLKPSPSELQTA,1
O.2,DEQGREAELARSGPSAAGPVRLKPGLVPGL,1
O.2,TIKNSDKNVVLEHFG,0
O.2,DGGRQHSGPRRHSGAGPKPSSSEWAVCWAP,1
O.3,FCGTPDYIAPKIIAYQPYGKSVD,0
O.3,RGRLPAGAVRTLLSQVNKVWDQSS,0
O.3,DRASFLLTDYALSPDGSIRKATG,1
O.3,SPGPRTAPRPGSQKQAGKDWQ,0
O.3,HASHLQEHQRIYTGEKPFKCDT,0
O.3,SLPSNVLSSLVLVPLHTTPK,0
O.3,GHEHQPDMQKSLLRAAFFGKCFLDR,1
O.3,SSHYKFSKPALQSQSISLVQQS,1
O.3,TRNSFALVPSLQRLMLRKVALKNVDSSPS,0
O.3,NLKAPRLLFAPEYGPKLKLRALEDRHS,1
O.3,TETVNHHYLLFQNTDLGSFHDLLR,1
O.3,EDLDANLRKLNFRLFVIRGQPAD,1
O.3,ERFWRNILLLSLHKGSLYPRIPGLGKE,1
O.3,ELQYRGRELRFNLIANQHLLAPGFVSETR,1
O.4,STLPVISDSTTKRRWSALVIGL,0
O.4,KMQRRNDDKSILMHGLVSLRESSRG,0
O.4,TTVTHERKQAKVVNPPIQEVGKGARK,0
O.4,KGEKNGMTFSSTKDYVNNV,0
O.4,KAHVEGDGVVEEIIRYHPFLYDRET,0
O.4,SLTEESGGAVAFFPGNLSTSSSA,1
O.4,TLDDIKEWLEDEGQVLNIQMRRTLHK,0
O.4,DSYHLYAYHEELSATVPSQWKKIG,0
O.4,TTTSVKKEELVLSEEDFQGITPGAQ,0
O.4,GHQKLPGKIHLFEAEFTQVAKKEPDG,1
O.4,GDQYKATDFVADWAGTFKMVFTPKDGSG,1
O.4,TTPSGSAEYMASEVVEVFTDQAT,1
O.4,PENDDLFMMPRIVDVTSLATEGG,1
O.4,SVLREDLGQLEYKYQYAYFRMGIKHPD,0
O.4,MSQDIKKADEQIESMTYSTERKT,0
O.4,DGVSEEFWLVDLLPSTHYT,1
O.4,EYWKVLDGELEVAPEYPQSTARDWL,0
O.4,RYNSTAATNEVSEVTVFSKSPVT,0
O.4,GRMSPSQFARVPGYVGSPLAAMNPK,1
O.5,SHHTHSYQRYSHPLFLPGHRLDPPI,0
O.5,SHQIHSYQLYTHPLLHPWDHRD,1
O.5,DKGHQFHVHPLLHSGDDLDP,1
O.5,KLRTIPLSDNTIFRRICTIAKHLE,1
O.5,ASATEPANDSLFSPGAANLFSTYLAR,0
O.5,FPVVQSTEDVFPQGLPNEYAFVT,1
O.5,AASAAAFPSQRTSWEFLQSLVSIKQEK,1
O.5,GSVLQFMPFTTVSELMKVSAMSSPKV,1
O.5,NQVLASRYGIRGFSTIKIFQKGESPV,1
O.5,ARLQSKEYPVIFKSIMRQRLISPQL,1
O.5,DVTGPHLYSIYLHGSTDKLPYVTMGS,0
O.5,SHLASLKNNVSPVLRSHSFSDPSPKFA,1
O.5,TAQFAPSPGQPPALSPSYPGHRLPLQQG,0
O.5,PASAKSRREFDKIELAYRR,1
O.5,MAGPKGFQYRALYPFRRER,0
O.5,SDAFSGLTALPQSILLFGP,0
O.5,STQHADLTIIDNIKEMNFLRRYK,0
O.5,LHTHYDYVSALHPVSTPSKEYTSA,0
O.5,SSPLGRANGRRFANPRDSFSAMGFQR,0
O.5,EIHGKCENMTITSRGTTVTPTKETVSLG,1
O.6,LNTGLFRIKFKEPLENLI,0
O.6,SPQSGGAATLAAQARLQPVHLDVWGEHERG,1
O.6,GSGSQMPAWRTRGAISASSTQKTPTTRL,1
O.6,GLTRISIQRAQPLPPCLPSFRPPTALQGLS,1
O.6,SRLQTRKNKKLALSSTPSNIAPSD,1
O.6,WCTEMKRVFGFPVHYTDVSNMS,1
O.6,GPLQLPVTRKNMPLPGVVKLPPLPGS,0
O.6,ALLQNVELRRNVLVSPTPLAN,1
O.6,VNGISSQPQVPFYPNLQKSQYYSTV,1
O.6,LMSNLAFADFCMRMYL,0
O.6,YLSHTLGAASSFMRPTVPPPQF,0
O.6,PAAGDFIRFRFFQLLRLERFF,0
O.6,SLRNNMFEISDRFIGIYKTYNITK,1
O.6,VTLNDMKARQKALVRERERQLA,1
O.6,VKQLERGEASVVDFKKNLEYAAT,0
O.6,TKLKSKAPHWTNCILHEYKNLSTS,1
O.6,FAKGFRESDLNSWPVAPRPLLSV,0
O.6,HLLQKQTSIQSPSLYGNSSPPLNK,1
O.6,STEVEPKESPHLARHRHLMKTLVKSLST,0
O.6,DGAWPVLLDKFVEWYKDKQMS,1
O.6,SHKLESIKEITNFKDAKQLL,0
O.6,TGKPEMDFVRLAQLFARARPMGLF,1
3942,RRCDFGCCCRASLRAHYTPYRSGDA,0
3942,VAIIPYFITLGTQLAEKPEDAQQGQ,0
3942,HYTQSETEFLLSSAETDENETLDYE,0
3942,DVLADDRDDYDFMMQTSTYYYSVRI,0
3942,PPPPLQHYLEQPLERVQRYQALLKE,0
3942,YESTRKENLPISAHKHRKHSHHDKH,0
3942,ERWEDVKEEMTSDLATMRVDYEQIK,0
3942,AMRLLHDQVGVILFGPYKQLFLQTY,0
3942,KFANNPSQKSSQSLLSQLYQSPNRR,0
3942,LYSCIALKVTANKMEMEHSLILNNL,0
3942,GDLEQIVETLFNGLNQNLVQFELKP,0
3942,QKVDIDQCSSDGCFSGTHKCHLNNS,0
3942,EEEADPYKFKIKQFEDVDPKVKLKD,0
3942,HTKTKYTYYYGKTKKISKPPIGESN,0
3942,REFLVGGRQMSFRPVGLSLTASFMS,0
3942,QGVLFALFLLIYVANMVGNLGMIVL,0
3942,TGLFGQTNTGFGDVGSTLFGNNKLT,0
3942,TPDFTSLDVLTFVGSGIPAGINIPN,0
3942,SAFGAGFCTTVITSPVDVVKTRYMN,0
3942,ANLMTGFCTTVITSPVDVVKTRYMN,0
3942,KLKGPKFKMPEMQFKTPKISMPDVN,0
3942,YFWNIATIAVFYVLPVVQLVITYQT,0
3942,SFCDGLVHDPLRQKANFLKLLISEL,0
3942,TKDRCKLYCQVAATNYFYLLKDMVE,0
3942,TLVKGIIDSTVSNQRQVVAVTGDGT,0
3942,MTGIIKKQILKHLS,0
3942,MTEYKLVVVGAGDVGKSALTIQLIQ,0
3942,HALSKYGAATFTSTGKAAQVTIQSS,0
3942,KTLCLQKNTALWKGTGGGHILLLDL,0
3942,LLSDSGQVLLESKIKVLPTWSTPVQ,0
3942,WQLRFSHLVGYGGRYYSYLMSRAVA,0
3942,GSCDSATSWGMVVDITLTSCPERSP,0
3942,HGSVGIIKKNEENDNGPLITLADEK,0
3942,QEIEEKLIEEETLRRVEELVAKRVE,0
3942,PSTANPTEPGIRQVPGASEVIRESS,0
3942,VTLEDFYGVFSSLGYTHLASVSHPQ,0
3942,RAAGSTSKALSTFSAHIMVVTLFFG,0
3942,VPTANPTEPGIRQVPGASEVIRESS,0
3942,GRSANPTEPGIRQVPGASEVIRESS,0
3942,AANIPRSISSDGHPLERRLSPGSDI,0
3942,VNWFRCECAPGFVGPDCRINIDECQ,0
3942,PVNHSTRKEEKQHNGTLTVTSTLPV,0
3942,TDFIREEYHKRDITEVLSPNMYNSK,0
3942,GCSSVDNIKSSQPSQNQGLGRPTLE,0
3942,YEIGRQFRNEGIHLTHNPEFTTCEF,0
3942,MSEACRDSTSSLQRKKP,0
3942,GEVLNILSSDSYCLFEAALFCPLPA,0
3942,ALTGAWAMEDFYMARLVPPLVPQRP,0
3942,SSLIIHQRTHTGKKPYQCGECGKSF,0
3942,RLISISGKVVDLSSVQQGSLGNFSD,0
3942,SPQSSSTQKGRDSQCTSSGKREERY,0
3942,YIRLVEPGSPAENAGLLAGDRLVEV,0
3942,SGNLLGRNSFEVCVCACPGRDRRTE,0
3942,ITPCPRPHPRGRWRDIKVPAAPTSS,0
3942,HNPLPTSPPTGEMERYKGPSGTNII,0
3942,SYAEQGTNCDEAVSFMDTHNLNGRS,0
3942,SGPSENGQTWTGWDFVSSDKVIIWT,0
3942,QWNILQTPILEGPSGPGCAVLDDSI,0
3942,LTEGQKRYFEKLLIYCDQYASLIPV,0
3942,YIQHQRIQTGEKAYECMECGKAFGR,0
3942,SRAASGGAALASHGPGTGSGAPAGS,0
3942,ETGHYRDDNHETNNNNPKRWSKPRK,0
3942,MRSREDEDALEQTRRAHEEARRRQE,0
3942,DFEDQRPYCFSIMAGHGKSHVFNVE,0
3942,RPIKPPGPPINPNLKDKSRETADLV,0
3942,DERDQDDEEARRQMARILKELKQKH,0
3942,EVLKKIKTLKTEEIQKGNVLNCRWL,0
3942,QSISRNHVVDISKSGLITIAGGKWT,1
3942,ATVSPLRTQNSPPRLPATSLRPHSV,0
3942,RLMWKSQYVPYDEIPFVNAGSRAVV,0
3942,YDLDYYSLESDLQEKVQLGVVHWVS,0
3942,TNSTAASRPPVTQRLVVPATQCGSL,0
3942,EKCQFAHGFHELCSLTRHPKYKTEL,0
3942,DLCSQQKQEDICVGPLSDYKDVSTE,0
3942,KGIIKKRKVNNLIKDEEDTKFADYE,0
3942,RLMWKSQYVPYDEIPFVNAGTFLKN,0
3942,LLQCVQKMADGLQEQQQALSILLVK,0
3942,CWIVRKYDIQATNNEPVEMLHSGTL,0
3942,GCRPLGQLDSFSLAARPPPGAAGLA,0
3942,SRKDVITISISKHGNCQSGGPEAEI,0
3942,RLPAAGAAGQLQPGSPPASGGRWLG,0
3942,VGSSLPEASPPALEPSSPNAAVPEA,0
3942,GASGGRFVEANPRPDASQHSSFFIE,0
3942,KGIVRKYDIQATNNEPVEMLHSGTL,0
3942,AKPAAPGGGRAARLKLSSCPSGRQP,0
3942,ESLHSILAGSDMMVSQILLTQHGIP,0
3942,CCDCCGLGLRVRVEGQSCESNPNLG,0
3942,MDSPEIRELEKFGNEFKVRRIKLGY,0
3942,MDSPEIRELEKFGNEFKVRRIKLAL,0
3942,QSLPLETFSFLLILLATTVTPVFVL,0
3942,LNAGDPSYPWLAVSWPATSLPVNNS,0
3942,VHWTVDQQSQYIKGYKILYRPSGAN,0
3942,LPRGLSLSSLGSVRTLRGWSRSSRP,0
3942,CVGYSVPFCYVNKNLAADLLLMIPD,0
3942,PVFTHENIQGGGVP,0
3942,KHGYIHIGSFSFCVLSGKVMVREIY,0
3942,PVFTHENIQGGGVPFQALYNYTPRN,0
3942,HLAPSTLYFLCITCKKAAFPYRHYC,0
3942,SNGRLTYQVFKIQVLMNGRKHFVEK,0
3942,SDLERGYTVFKIQVLMNGRKHFVEK,0
3942,CLIPQQSINEAIQTSTLPRNSGAGA,0
3942,MRLVNEMYQTSLCQFLGLFDLSLAR,0
3942,QAPTPAPSTIPGLRRGSGPEIFTFD,0
3942,IRHDILTGNWRVCSSPDKDQIKVVI,0
3942,NPSAWTVEDVVWLVKDADPQALGPH,0
3942,SCLLILEFVMIVIFGLEFIIRIWSA,0
3942,CPNQKVLKYYYVWQYCPAGNWANRL,0
3942,LLYKLSATKGSLADDESLIGVLRTT,0
3942,LVLSLVFICFYIRKINPLKEKSIIL,0
3942,RLVRGSVCAGKLLIAPLIMVLGLAL,0
3942,IGSIFFTWRLYNGRPRERRNEFSSK,0
3942,EIPTAALVLGVNITDHDLTFGSLTE,0
3942,GWPEDFGFRLGGCGPCFVLEVAKGS,0
3942,IIEKHFGEEEDERQTLLSQVIDQDY,0
3942,GKFDELATENHCHRIKILGDCYYCV,0
3942,RLCLTQGPGIECMGFCAPGCTCPPG,0
3942,LQENGLAGLSASTIVEQQLPLRRNS,0
3942,GDAEAEALARSASALVRAQQGRGTG,0
3942,NAMDQLEQRVSELFMNAKKNKPEWR,0
3942,EKAVMREDLFIVCKVWPTFFERPLV,0
3942,QVCTGNAWAQKAVSGWGRDSPDPTP,0
3942,APTEHKALVSHNASLINVGSLLQRA,0
3942,VPLNSQIKNLSKVLPQYLEIYIIVE,0
3942,YYIVRVLGTLGIMTVFWVCPLTIFN,0
3942,TLGGSQALGLDGDFGNFEVGKEFDAI,0
3942,AWFEQFVLQWLDDNEDVSLEFLRGA,0
3942,NHFTCEILAILKSVCVDTSLVQLIM,0
3942,LDGGDFVSLSSRKEVQENCVRWRKR,0
3942,MRNLKFFRTLEFRDIQGP,0
3942,QLKQWEEGSGMTAIRKIKRADPQQL,0
3942,QAQSKFKSEKQNQKQLELKVTSLEE,0
3942,ENQEQLKDDDSDFILNDGDISLTYG,0
3942,ASDLKKLREQQEMERKEAASRLRMA,0
3942,PFSTLTPRLHLPYPQQPPQQQL,0
3942,LSLSGRLARVENDLNSIDSEANQEK,0
3942,PKPASVHFKADSDHFKGDSVHFKPD,0
3942,TTLSSIKVEVASRQAETTTLDQDHL,0
3942,LQDRDHLSYIPPQQHTMVSLPSVQH,0
3942,ESHLRLEHSKTRQGSSLRSEPSETG,0
3942,TKTVFGYLKPDNHGGEVITASFDGE,0
3942,SGSLSGYLSQDTVGALPVSVVSLCPGRCQSGEAGLWGGHQAARHHLHRSQVRWHPGHGLPPHLRQQRAARLRQPDAAEAGGPEHLLLLPEQGPRCAAWG,0
3942,LLRRPHGCSSCDEATQLLRAASTARSTCATTASERTSACASPRTTTSSAARRVPVPQQRRSSSGSGRPFPARPSPSSQCFPSASASASTTTTRCCTCTVTLALYPSVVSAQWAGMGATASSTSRRHCRTHGHSPSSCWQMPSRDDRQSS,0
3942,GARPPGSVEDAGQAVGHILAQACVYRAVQCSR,0
3942,PGSLSRHRFISHKRRGVGKASALGL,0
3948,SLSPPAQRLGAAVSPPAQRQPLSTC,0
3948,RPLRPHPMPGTPPPPLPPACLPPAL,0
3948,FMEAFSRRHFQTVTVMVQAWPFTCL,0
3948,QAVLDGLDALLTHGVRPRRWKLQVL,0
3948,SLLENLEKIEKEHCKQGVEVKNAKSEEEQ,0
3948,YGRHGSGSGRSSTSGQHGSGLGESS,0
3948,ASEGLFHSHKGLKRNLAVMSDKVKE,0
3948,RGPPHSDSCPGLPLHRLRIPDFCPP,0
3948,VRKRRARLVVAVGEAFTHIKRLQEE,0
3948,LPKIDVHLVPDRRKDQYKVGEVLKF,0
3948,GSMDEAGYRKDLGAPEGIGSGSKAG,0
3948,IVPRDCSYFNSNDVPLKLSFQNVDP,0
3948,MGVSSSSALARLGLP,0
3948,PLEDVEVMEKDGTTFSCEVSHDEVP,0
3948,SYSYVAAGSSGNNYDLMAQPITPGP,0
3948,PPLPGAGIPPPPLLPGAAIPPPPPL,0
3948,DSPVKDEVVVNDQWGQNCSCHHGGY,0
3948,SFTGCGIQSFFFLALGGAEALLLAS,0
3948,FFYTSLLGSECFPLAVMAYDRYTAI,0
3948,QGYPGGDYSGGPPDGGAGKGPADMA,0
3948,MWVCSTLWRGRTPARQWRGLLP,0
3948,PCLQVGQEQKHTSLPLEVCNIVAGQ,0
3948,VDPMRPGPSGSFLAPGLHPQSQLLP,0
3948,GPLEVGASAESQITPPGGSVPSLQT,0
3948,QAPEKQPDVRHHNLPKTKPLPSIDS,0
3948,MVEADRPGNLFIGGLNTETNE,0
3948,PADAKDAARDMNAKSLDGKTIKVEQATKPSFE,0
3948,GLNTETNEKALEAVFGKYGRIVEVL,0
3948,RIVGAEVAYFVEILQSAFGYSPSNV,0
3948,RKRELRLMKNRETAKECRRRKKEYV,0
3948,GPRYSTQRGVYLFTSHRTATAAEEF,0
3948,TSASPTAAWPAGSAPLPYGERRREDRGAVCFQGYPAAASEPLERALHRPHELRRAAADRPGRHVRLYSPVRLRRGLRHAVRGAQPAGPGLSLRRHVWHSHDRR,0
3948,QDAYRAEWQVYKKEISRFKEQLTPS,0
3948,TGGGGEAAAYNNTLVARHVPQIPKP,0
3948,MTLKFVTLEIHHHITER,0
3948,MDKLNKITAPASQKLRQLQKM,0
3948,HIGSRGKYSSGFHNIAVKENLIELM,0
3948,TTTPPPTTTPSPPTTTTPSPPTTTPS,0
3948,RGDPGPRGEAGPPGPTGPAGECSVP,0
3948,LVNAEPTLTVRPTPTANNRAALGGS,0
3948,SGGCGSGCGGCGCGCGGCGSGCGGC,0
3948,ETPELLPCGYLVEENTTISVTVKGL,0
3948,TPSKAGAHTALTRGAPHPPPRDHLI,0
3948,SIKTKEIHGAIVQMLLEKRRRV,0
3948,ACAAQLAFFLMFFISEFFILSAMAY,0
3948,SHLSFADVCFSSTVTPKMLENLLSE,0
3948,FGVFLAIYLITLVGNLCMILLIRTN,0
3948,LLFLLDPILYHPGPVPLWPYPLH,0
3948,QIFEGPLKAEPLKTRHMCRS,0
3948,KNKLEGLEDALQTWPGC,0
3948,TPSPPTTTPSPPITTTTTPPPTTTP,0
3948,ASCDLSCIVKRTKKRLRKAIRTLRK,0
3948,EEAVVVTAVVAPEAGREEEQPPPPA,0
3948,THLKIHTGQKNYGCTLCDKSFTQKA,0
3948,GKPQGPPPQGGNKPQGPPPPPGKPQ,0
3948,RSIPDYRPRKCRHMSYAQDLPQVSV,0
3948,FGKNSYFFPHPIGTILLLLFFITL,0
3948,MTEYKLVVVGAGDVGKSALTIQLIQ,0
3948,PLHMAAIHGRFTCSQILIQNGSEID,0
3948,CIGDLIRSHNLEMPELLPCGYLVGD,0
3948,VALVSTSDRDSGTNGQVRCALYGHE,0
3948,LQMPSFKMPKVDHKGPQIDVKGPKL,0
3948,LEAVLRYLETHPPPPKPDPVKSVSS,0
3948,QEGESSSLNCSYRVSGLRRLFWYRQDPGKGP,0
3948,KSQQLDSNVTMRGGFAMLARLVLNS,0
3948,KITGLSLTQVSNCFKNRRQRDRNPS,0
3948,RALTNSRSVLQQRTPMNKTEVVHKH,0
3948,PSPRGLAARCCVPEGLIVQSRRQES,0
3948,GTSNVGTSGDHDNSFMKTLRSKMGK,0
3948,GTRCYVDGSEEIESDFKLKCEPKEG,0
3948,LSKLKNQTAEPLAPEPPAVPSEVEL,0
3948,FLAAAHNPADEPSPGAPAPQELGAA,0
3948,SDSTESGKSLLFCESEAREEEELDQ,0
3948,AGAPPSPPSPGRRPPDAESVHSIYH,0
3948,IDEYQNYDKAHGVLTEAYKCLAKAK,0
3948,GPREALSQLRELAVSG,0
3948,GKSNMGTSGDHDNSFMKTLRSKMGK,0
3948,VCLVGQSWLQAGGISWGEGCARQNR,0
3948,GSPWMEGSLSLPFFFLCSCC,0
3948,PTAPDPALELPSPPPPSSLLRPRLS,0
3948,SQRGPPQPKLVSHSGREDTRAGRGA,0
3948,PTWSGRRAPGDRYNRPTSGPWQRHT,0
3948,TRAAAGPAGAWRGSRGLSSCRQPSA,0
3948,LLNFAEMNKLWVQMQHQGHSRDREK,0
3948,REIEVEKMRRAEVSARVENSPQVDG,0
3948,SPRPALPATPPAPPPAASPSALKGV,0
3948,PQRVRSVGTCLPGLFTPPLDRHRHRGSEC,0
3948,DPEALKGFHPDPEALKGFHPDPEAL,0
3948,EDPKIKEIAAKHKKPQPRF,0
3948,GKSSLQLPRPRPPPYNRITIESAFD,0
3948,LTRGNRNRTQHPIDANATSSRSHAI,0
3948,KQSQHMTEVVRRFPHHERCSDSDGL,0
3948,SKNEPPKKREREKQPLLRSTRCTGRSTSGATFKTKQEHS,0
3948,AFTRSSHLTQHQIIHTGEKPFKCKE,0
3948,GEKLVAIISEASISGVSLQADRRVQ,0
3948,ITTCLIPAHQAAVLSSNTHSQVLLT,0
3948,KDFKYSSTLTRHMKIHTGGKPHKCN,0
3948,IIHTGEKPYKCEQCGKAFNQSSTLS,0
3948,EKPYKCEECGKAYKRSSTLTKHKRIHTGEKPYKCEECGKA,0
3948,EECGKAFNVSSTVTQHKRVHTGEKPYKCKECGKAFSVSSTLTQHKRIH,0
3948,GAPPTWSGRRAPRDRDNRPTSGPWQ,0
3948,KRIHTGEKPYKCKECGKAFNRSSKL,0
3948,GLSMTTISHWLAKVKYQLRRTGGTK,0
3948,GTDLDHQEKCLSRLYDHMPEGLTPL,0
3948,SGSMEEDVDTSPVGDYYTSPSSPTS,0
3948,LLALVVFVGKLQHRPVAVDVLLLNL,0
3948,SPCLPPPTCPPGNEGCIPSEECPPE,0
3948,KAKQSYVRALTANAQGRVGWRWIRI,0
3948,SAGYLFLDIITYVVFAVTFVLGVLG,0
3948,KVFNHKSNLACHHRLHTGEKPYKCN,0
3948,SILSICSVINPSAASAPVSSEGK,0
3948,SSLIQHQRVHTGKTAYPCEECGKSF,0
3948,SPSATPPPRVPPPLAAPPLQVPPSP,0
3948,SPPMSPSATPPPPAPPLLAAPPLQVP,0
3948,DSLVGLSDELGKRDTFAESLIRRMA,0
3948,MKCSFQDLDLCPGGIQLRISDHHYS,0
3948,KKIDQWKEEVIGQKNKINEPSTYKL,0
3948,LKHQCTCGSSSSPPEHAGRIQSIWS,0
3948,RNKIQCVSVTRISLKSKAISCCRNV,0
3948,SGPNQWRDQLRPPQLLHLFCQQHRV,0
3948,PAAKSRFFLMLSQPVPGRTGDQAAD,0
3948,AADNGIPPASGTRTLQIYLIDINDN,0
3948,CAEKQANFATLNCDGSTIPPLIKSV,0
3948,NTPKLVSEVEELNKSITALREKLLQ,0
3948,MADSGHYCVYIRSAVDGKWFCFNDS,0
3948,HCHQQVDSGGTVGLVSQDGIQRPPF,0
3948,VDSCSEMFGGLDIHLCRQGCPQQGWQRLHHRGNGQLNAADWRACGRGQTADGRPCCLQNEPAPDARRHSALPPQTLGSTD,0
3948,LAHGLARSPSWATDRSKDPPGRAPL,0
3948,SALQQQQQQQQRHPGMKHSPSHPVG,0
3948,LDLKDKTKVWAGGAGSLQVWGVLCP,0
3948,EFPDLHRTIVSECDVYLTYMLRQAA,0
3948,LEALRQSRQTVPVSTQSLPKMNRSFGMTLQQGRREQGLPAICSGLVVPHNTLSFRLTFKTWRILLFKSLYMIQKLLNRLSVILETYV,0
3948,DTTPLPVTDTSSVSTGQATPLPVTS,0
3948,ALIVVSPPLRHRLIPPTPPPTPELA,0
3948,LLFKSLYMIQKLLNRVTRKKSLHLFVLSTC,0
3948,GGRSCEELTAVLPPPQLLGRRFNFF,0
3948,TPLPVTDASSASSGHTTSLPVSDTSSASTGQATP,0
3948,STGHATPLLVTDTSSVSTGHATPLP,0
3948,DTTPLLVTDASSASTGHATPLPVTD,0
3948,STGDTTPLPVTDTSSASTGQATPLP,0
3948,TIPSSASTGDTSPLPVTGASSASTG,0
3948,ASTGDTTPVPVTNTSSVSTGHATPL,0
3948,GFPQSPLQIPVSRSSSSTLLSLFQS,0
3948,MAWSLGVLVALPFPL,0
3948,LESPAMISLTPPPTATGVFSLKARP,0
3948,GRLLGVFEQNQDRKHRTYVYVLTVT,0
3948,APEDIADYMVEDTFVLESEKEKFVE,0
3948,PSSASTGHTTPLPVTIPSSASTGDT,0
3948,GHTTPLPVTDTSLASTGHTTPLPVTSPSSA,0
3948,SPSSASTGDTTPLPVTDTSSVSTGH,0
3948,HATPLPDTDTSSISTGHATLLPVTD,0
3948,HATSLPVTDTSSVSTGHATPLPDTD,0
3948,LPVTSLSSVSTGHTTPLPVTDTSSA,0
3948,ASSGHTTPLPVTSPSSASTGHTTPLPVTDTSSA,0
3948,ATPLPVTGLSSATTDDTTRLPVTDV,0
3948,STGQATPLPVTDNSSVSTGHATPLPVTGLSS,0
3948,STGHASPLLVTDTSSASTGQATPLP,0
3948,DTTPLPVTDTSSVSTGHATSLPVTD,0
3948,KPYKCNECGKTFRHNSALVIHKAIH,0
3948,SPSSASTGDTTPLPVTNTSSVSTGHATPL,0
3948,VTSPSSASTGHATPLLVTDASSAST,0
3948,KDTVATKIQAWWWGTLVRRALLHAA,0
3948,LADAQKALDTMNVDIIKGKSIRLMW,0
3948,LKGSPEPNQQPEPGTPSLRPKATVK,0
3948,NSFRQAVMKNPPQRTPQDLEIVYSY,0
3948,MEINPEVSARCCTGWGSPASGASWT,0
3948,DYCRRASWLAPVLESQEEWVCSLGE,0
3948,SFWINKDAVPARPSLGITTVLTMTT,0
3948,LSPSTAPETTEGKKKKKKKKSTLVF,0
3948,EAQNKIKGCTGSVNMTLQRASAAPK,0
3948,LFALRSLDYEALRAFDFRVGATDRG,0
3948,ICVYSYIHRYTYVYIHICI,0
3948,HVTSPSSASTGHTTPLPVTSLSSAS,0
3948,MEINPEMLNKVLYRLGVAGQWRFVD,0
3948,DELAHVEKASRVFAENLQKNLDQMK,0
3948,VVCLAVGLNRRLCNLTNCFIVSLAI,0
3948,EVSSAIPIIMGSKIGTSVTNTIVAL,0
3948,YSTSANLPVMGHDKFPSDLDLDMFN,0
3948,MFTGTLQSRSSENVYMRTLH,0
3948,NEKAIKLNETLGSRDEAFERNLEGL,0
3948,DGIVEDEEETMEIMKKRRTDARKKRNN,0
3948,GLCDAMKPIDGSMLLDFLIKSSFIG,0
3948,QSTEKPEETLKRKQSHAEISPPAES,0
3948,YADEKTKDVPFFKGLEGSIDTGITV,0
3948,SYDPTKHPGKVVGFFFFFYQLPP,0
3948,LELAGNAARDNKNTRIIPRHLQLAI,0
3948,EKPHECRVCGKGLSRSSSLIIHQRT,0
3948,TTLSPASTTSSGISEESTTSHSRPG,0
3948,KLLLSATSGEKGLRIKECRVMRDLK,0
3948,LLLRWPGAQVLWRLSDPVAYITLDP,0
3948,EQMESMTYSTERNTNSLPLHSVKSI,0
3948,RKTRKQKYFYRGHLDWDENTSAGRY,0
3948,PGTPSHRRRFRRNPHRDPAAACPAW,0
3948,WDAEPPPAFQTQPPPRPCSSLPRLA,0
3948,PLPLQDTDLSSASKPVAAATPVSQQ,0
3948,QAEEGLTLPQDSVMTPPLPLQDTDL,0
3948,PGSRLPYSGRPALAPAAAPGV,0
3948,RGAASPTQAALPWRQQLLLEFEPHL,0
3948,AMTHLSGHSRLQVRNSCPGPLDSSA,0
3948,LLFLRLHKSDAGSYFCQTVEHSFVH,0
3948,RPQGHRKQRALRFMAPKSGHCHQGC,0
3948,AGLRVTESKGHSDSWHLSLDTAIRV,0
3948,KPGELPPKPQLGYLPPKPQLSDLPP,0
3948,EAQQPTFDALRDKLRGAQEVGERLQ,1
3948,LQLFFDLYHSIPSSFSPLVLSCLVQ,1
3948,VTEQIDFSAARKKFQLMENSRQAVA,1
3948,IGQLQPPLRSTSVGKRKRRSKSRGG,0
3948,AACPGSLDCALKSRARCPPGAHACG,0
3948,VVYSPGEPLAGTARVRLGAPLPFRA,0
3948,IIAQRRSAGDVAWLEEERERLEEEL,0
3948,LFQSSPERTQSTSEGFPQSPLQIPV,0
V.1,VIEKHSHSRIEYMLKAKSQFKRRSTAN,0
V.1,DLTVKIGDFGLATEKSRWSGSHQFEQL,1
V.1,EQFLQPSTSSTMSTQAHSTSSPTESPH,0
V.1,FIVVETNYRLYAYMESELQIALIALFS,0
V.1,DSCQPYRSSFYALGEKHVGFSLDVGEI,0
V.1,ESFATKVLQDFIILSSQHLHEFPLILI,0
V.1,LVPTSSWNISSELSKDSYLTLDEPMNN,0
V.1,QMGGSTPVLTPGKAPIGTPAMNMATPT,0
V.1,AHGPLDLRPPVCDIRELQAQEALQNGQ,0
V.1,GEKPYECSKCDKALHSSSSYHRHERSH,0
V.1,APCIIFIDEIDAIPPKREVASKDMERR,0
V.1,SRSPDISKVVIVVPDGRPQDSVQDVSA,0
V.1,VRQALQDLLSEYMHNTGRKEKGDPLNI,0
V.1,RYMSQSKHTEARERMYSGALLFFSHGQ,0
V.1,TVTDLRIRLLRPAIGEIFVDELHLARY,0
V.1,TLLLDAWLTTKAAIAESQDYGQDLEGV,0
V.1,LLVILVICSLIVTLVILLTPAEDNSLS,0
V.1,VKGLLSFLSAPLICALSDVWGRKSFLL,0
V.1,GSGAVMNAMETNLFGSDKYAARFGESI,0
V.1,SVRFKENSVAVKVIQGPAGGDNSKLRY,0
1139a,AATSALVKAASAAHRELVAQGKVGAIP,1
1139a,GGNDHEIFTDPRTVGYSVTAPEDTRRI,1
1139a,KVLPVYMNCLLKNYVLLSRPEISTDER,1
1139a,MTEYKLVVVGAVGVGKSALTIQLIQ,1
1139a,QELQPLYLNLHAYLRRALHRHYGAQHI,1
1139a,DTGPMRFYYVVGWVIPAIVTGLAVGLD,1
1139a,PLPPLGCLLGETRYACGCCPMCARGEG,0
1139a,GVLLGRWDNNYGDSVSPMSWIGSVDIL,0
1139a,SFPLKGITEQQKECLEIVKMVMISLEG,0
1139a,RLLYGFLIKANNSRFQSILRQDLRSYL,0
1139a,VPAGSAAVFPCIALGYPTPDISWSKLD,0
1139a,CARFSYLWLKFSLFIYSTVFWLIGALV,0
1139a,CKTTIEAIHGLMSEVIKDKLFNQINIS,0
1139a,WCVSPKGPWTCVGEMNRNQGEEQRGGG,0
1139a,GLGQAPAGGLTEQQLMEQLEHCELAPP,0
1139a,LPKTCDISFSDPDYLLNFKLVICPDEG,0
1139a,NSDPGIAVGFDEFVSVDFSGTFYVNTD,0
1139a,GRVPYPRIPLKDVFPRVEKGYKMDAPD,0
1139a,DRSFSQKSNLITHPKSHIRDGAFCCAI,0
1139a,ESSEAPQDPLNWFVILVPHSLRQAQAS,0
1139a,ICAYANSYHSYVIVFVVPNQKELTELA,0
1139a,DERESTDDESNPLVRAGIWTKTHTIWY,0
1139a,SQKITGVFELMREFTHMEYDLEKRGIT,0
1139a,QKEEAEHKKKMAWLESNNYQSFCLPSE,0
1139a,VPSKSKAAASATRVWTEQETLLLLEAL,0
1139a,PTIMDIVVIAGVIPAVAIVLVSLLFVM,0
1139a,PTPSTDAEYPANGCGADRIYDLNIPAF,0
1139a,SVLGFVLYALAGAMGFFTHYLLPQLRK,0
1139a,LLSLFVLGLFLWFMKRERQEEYIEEKK,0
1139a,RLSPGEALPPVSQGGTGKAPELPSGSG,0
1139a,ALHPRGIREKALHEHLNKHRDFLQEVC,0
1139a,KEEVNDKRYLRCPSAMTVMHLRKFLRS,0
1139a,MAHIAINQYLQQVYEAID,0
1139a,GRRKLKLWKHSEKQPETNVAEGRRVFE,0
1139a,EITKKYAKGVIPSILFLQDDEDDDELA,0
1139a,RVSRPAPGDSREGGWSEPRLDTQEEPP,0
1139a,VYNDSRVSPVSENHVASSEGYVLFYQL,0
1139a,LDSEASVRLTAEQPRFFLHGVTLVPIE,0
1139a,HSTYSSTPGRRKPKVHRPRSPILEEKD,0
1139a,FTDCGIHAREWVSTAFCQWFVYQATKT,0
1139a,EESVRGYDWSPRDSRRSPDQGRQQAER,0
1139a,RATPVTRVGSAAPLRSPSETGRQAGRE,0
1139a,AAAPPGSMPTAPESEPEAPISHPPPPT,0
1139a,KLDLEEKLFGQHLSTEVIFKALTGFRN,0
1139a,KDVILLGDFNADCTSLTKKRLDKLELR,0
1139a,DKLKACEVSKNKDRKEQSETVSLSEDE,0
1139a,NKITRDFKPGDRVLVEVVTTMTSADVM,0
1139a,IVVSDPEDITDCPMTPDTPNNDPRCST,0
1139b,MTEYKLVVVGAVGVGKSALTIQLIQ,1
1139b,PLPPLGCLLGETRYACGCCPMCARGEG,0
1139b,GVLLGRWDNNYGDSVSPMSWIGSVDIL,0
1139b,SFPLKGITEQQKECLEIVKMVMISLEG,0
1139b,RLLYGFLIKANNSRFQSILRQDLRSYL,0
1139b,VPAGSAAVFPCIALGYPTPDISWSKLD,0
1139b,CARFSYLWLKFSLFIYSTVFWLIGALV,0
1139b,CKTTIEAIHGLMSEVIKDKLFNQINIS,0
1139b,WCVSPKGPWTCVGEMNRNQGEEQRGGG,0
1139b,GLGQAPAGGLTEQQLMEQLEHCELAPP,0
1139b,LPKTCDISFSDPDYLLNFKLVICPDEG,0
1139b,NSDPGIAVGFDEFVSVDFSGTFYVNTD,0
1139b,GRVPYPRIPLKDVFPRVEKGYKMDAPD,0
1139b,DRSFSQKSNLITHPKSHIRDGAFCCAI,0
1139b,ESSEAPQDPLNWFVILVPHSLRQAQAS,0
1139b,ICAYANSYHSYVIVFVVPNQKELTELA,0
1139b,DERESTDDESNPLVRAGIWTKTHTIWY,0
1139b,SQKITGVFELMREFTHMEYDLEKRGIT,0
1139b,QKEEAEHKKKMAWLESNNYQSFCLPSE,0
1139b,VPSKSKAAASATRVWTEQETLLLLEAL,0
1139b,PTIMDIVVIAGVIPAVAIVLVSLLFVM,0
1139b,PTPSTDAEYPANGCGADRIYDLNIPAF,0
1139b,SVLGFVLYALAGAMGFFTHYLLPQLRK,0
1139b,LLSLFVLGLFLWFMKRERQEEYIEEKK,0
1139b,RLSPGEALPPVSQGGTGKAPELPSGSG,0
1139b,ALHPRGIREKALHEHLNKHRDFLQEVC,0
1139b,KEEVNDKRYLRCPSAMTVMHLRKFLRS,0
1139b,MAHIAINQYLQQVYEAID,0
1139b,GRRKLKLWKHSEKQPETNVAEGRRVFE,0
1139b,EITKKYAKGVIPSILFLQDDEDDDELA,0
1139b,RVSRPAPGDSREGGWSEPRLDTQEEPP,0
1139b,VYNDSRVSPVSENHVASSEGYVLFYQL,0
1139b,LDSEASVRLTAEQPRFFLHGVTLVPIE,0
1139b,HSTYSSTPGRRKPKVHRPRSPILEEKD,0
1139b,FTDCGIHAREWVSTAFCQWFVYQATKT,0
1139b,EESVRGYDWSPRDSRRSPDQGRQQAER,0
1139b,RATPVTRVGSAAPLRSPSETGRQAGRE,0
1139b,AAAPPGSMPTAPESEPEAPISHPPPPT,0
1139b,KLDLEEKLFGQHLSTEVIFKALTGFRN,0
1139b,KDVILLGDFNADCTSLTKKRLDKLELR,0
1139b,DKLKACEVSKNKDRKEQSETVSLSEDE,0
1139b,NKITRDFKPGDRVLVEVVTTMTSADVM,0
1139b,IVVSDPEDITDCPMTPDTPNNDPRCST,0
4127,KLKGVTKNWEDVRGDQVKPDQYTEA,0
4127,AATPWMRDYFAEGDGEMVPRTSHTA,0
4127,NLVTRSYLLGNSRPRTQSPQNCSIM,0
4127,RCYSTPSGYLELPDSCQPYRSAFYI,0
4127,REITKVKLKQITLRTEEEKMEHSVA,0
4127,NAQPHKLSETPGTKAEFHPCL,0
4127,THQTSAHPGLELFPSCMEACSCPLD,0
4127,MKEICQLEIQVDNEQL,0
4127,DSCHQEQVCEVISSYAHLCRTNGVC,0
4127,FRNYTVQFDVGVQFEEDLRSVDGRK,0
4127,QISDAISRPMGFRDDVDEDELLEEL,0
4127,LVKPSETLSLTCAVSGGSISSSNWW,0
4127,LEPSSPSPLGTATHTSLRDQRLQLS,0
4127,KKLADKFIHAGVRVVFSGHYHRNAG,0
4127,NGTWLQAGVVSWDEGCAQPNRPGIY,0
4127,SGSAAGKDCITIQSATFAWSQESPP,0
4127,FTDIFKKEAKRDSEIRKQDTKSPRP,0
4127,HGTKPPPSEGSDEEEEEDEEDEEER,0
4127,EYQLDKEGSPEPWDRNNPLEPKNKA,0
4127,DGSLSADAPSEQIQQQGKHPGDPEA,0
4127,PQDSQAFPEAAEGDWTVSLEHILAS,0
4127,FSKEIEDQNERQNEFFTKFFEKHPE,0
4127,QNFYQQQQQQQQQQQQQLATALHQQ,0
4127,VAMMMQQQQQQQQQQQQQQQQQQQQ,0
4127,EQLRRTAMRVSPPHPAPTPNPRASL,0
4127,QGSGAILASTFSNSGSYFALTDDSK,0
4127,PLHVLLACCLPLHCTCASVPLHVLL,0
4127,GHQSPAGSAPSPPLSYSSAGSARSS,0
4127,ASNSCFIRCNEAEDIEAKSKTAGEE,0
4127,RIHTGEKPYTCEECGKAFRQSANLY,0
4127,DVVVNNAGILRDHSFARISDEDWDI,0
4127,RPAGDGTFQKWASVVVPSGQEQRYT,0
4127,TFQKWASVVVPSGQEQRYTCHVQHEG,0
4127,DPRDIISGVEMQLLQEKLRSGNLDP,0
4127,GEVSDGYSVSRSKTEDLPLTLESAA,0
4127,LVHCPIETQVLRSCVVPPGPLRVVT,0
4127,LLSLQSSASPANNDQSRPSLSNGHT,0
4127,PFLPDLKPNLNSFHSSPSGSGPCDE,0
4127,ESDDDLDDKPSPVKKERSPRPQSFC,0
4127,MVPSEQVVEEAVTLPPQALTTSQDG,0
4127,QNLDPNPPIARFLLPLERISEVPRR,0
4127,TAKTEWLDGKHVVFGKVKERVNIVE,0
4127,KVSKQERLLQSTAEHLKNANQQKES,0
4127,DEQHGKKVPTVSQPYSFIEFDTFIQ,0
4127,MRKPRPAGWETLSRKAPG,0
4127,GTVSKTRKGVQCWSAETPHKLQALT,0
4127,MILVRGLWYCYLQVK,0
4127,QRGPWALEEESLGREPEERKKGVPE,0
4127,LHLIHRMNSAAGRRKALATCSSHMI,0
4127,AQAFKVAFEFWQESKEEKEKRDKAS,0
4127,RRLREQAPLLPTPTVIDPSRFCAQP,0
4127,AAAYYQVSAAGPPPKAAAGAGGPGS,0
4127,TVAGNLLILLTVSSDSHLSLPMYHF,0
4127,LFFVPFSYLYLRL,0
4127,GGAVMGREDVGGGGTRLSTGWYWET,0
4127,VASSHTSAAQAPRTHEARAALPSAS,0
4127,HTSAAQAPRTHEARAALPSASPRVL,0
4127,ELVSKATHMKPPQTPPGEAEHRKRS,0
4127,PVFMFCEAIAFSCSSAHPFILIWGN,0
4127,MFCEAIAFSCSSAHPFILIWGNKKL,0
4127,ESLENKPVFMFCQAIAFSYPSTHPF,0
4127,FLSIIMSVWSFENLENKPVFMFCEA,0
4127,GSQDPSTKVHIKVLQTVTSFLLLCA,0
4127,LICSLCKHLKKMHLHGKGSQDPSTK,0
4127,SAEGEVMEFRKIVRAEGRVEDWMTA,0
4127,AMTPPSPKRGPANPSPKGDPTSPAV,0
4127,DSGECRVWACHCGPMTSRSRSSEVQ,0
4127,GSRTGSETPQAPVSGVGPVSGGPGG,0
4127,LLLTVMAFDQYLVICRPLLYPNIMT,0
4127,IFTIKSDPGLTAALYFFLGNLAFLD,0
4127,KFRFFSMARDLLFWMESIIRQIETQ,0
4127,LFRAHARYCADACGELDLERAPALG,0
4127,SARQLPPSVARVVAKSRVLFPLGLG,0
4127,EAPRPMPSVPEDLESREAMSSFMDH,0
4127,GGTAQGFGPAEPTPTSSYPTRLIVS,0
4127,TELPSSGEESGALDVSGDFTGSGDV,0
4127,WGSRKNLLAVNSIISVAILSERAMS,0
4127,PDIPYTHTTEHPTMGSPLPNLRAHV,0
4127,VGCPIACPVSCPIACPVGCPVGSMA,0
4127,RACPVACPVGCPTACPVSCPVACPV,0
4127,GSLTRQQGGPHQQTPMPGTPFTSGR,0
4127,HVKMCDFGISGYWVDSVAKTMDAGC,0
4127,VTEEGEYIPLDQVDIDVGFDKGLDR,0
4127,EANADLEQKIKGRYEKCEPGSSREH,0
4127,CFRNAIRVNPRHCNAWYGLGMIYYK,0
4127,LKSSPDLLTYFCRASSTSGAHVDSA,0
4127,CIPTGPAGGGQLPGSLLKQTGSHSV,0
4127,SEGTIHIGLHGPQSCIPTGPAGGGQ,0
4127,KAFRSAKYIRIHVRTHTGEKPYECK,0
4127,RHEKTHTEDKPYVCKQCGKGFRCAS,0
4127,MSLLSLPWLGLRLVATSPWLLLLLV,0
4127,GTDLDHQEKCLSRLYDHMPEGLTPL,0
4127,PHPRMKPSPLTPSPPGVPSPSPPPH,0
4127,HGLWRAEAREDFRRGKAS,0
4127,RIPLHRVQPGRRTLNLLRGWREPAE,0
4127,FSQHSHLAVHQRFHTGEKPYKCNEC,0
4127,ADASSKPQPLLQGQPHLFFFPKLLS,0
4127,QNLEGSFRCICPHGFQVQSDHCIDI,0
4127,FTLNFTITNLQYEEDMRHPGSRKFN,0
4127,FTITNLQYEEDMRHPGSRKFNTTER,0
4127,QALAHSTVGQTLPIPLKKLFPSIIS,0
4127,LSDSRIALKSGYRKYLGINSDELVG,0
4127,EKDHRSPSELEAQRTSGAFQDSVLE,0
4127,DIAKLKSKCCPPCLLAAGWGLLLAR,0
4127,PSNAIYSPNTCQMGSSLYNGCQETY,0
4127,TSGENVGCPILFFTHS,0
4127,MEIRLLDLALKRIFSFLD,0
4127,THQGTHTGEKPYICNECGKTFHRKS,0
4127,YLGINSDGLVVGCSDAIGPREQWEP,0
4127,GLVVGRSDAIGPKEQWEPVFQNGKM,0
4127,RSDAIGPREQWEQVFQNGKMALLAS,0
4127,VSQEVEEVLAESHVQRSIRLVSVLE,0
4127,REPLCPLKHPSHKPPASTLSPNPTS,0
4127,WQPGGRAWRGARTRGRSSQASAGAS,0
4127,TDLVSSHELSPFLTPTCSVLRAL,0
4127,KENENSMVPQGALVGSLSVKNKAHC,0
4127,MNLLLILTFVAAAVAAPFDDDDKIVG,0
4127,CCEEKCTQMYHYSCAAGAGTFQDFS,0
4127,LRPDLLLACSCSIRGNT,0
4127,PARTVEWLNMRSSCSGHLHLCCPRR,0
4127,LVQRIQNKPLYFPDQLYDSMKGKGT,0
4127,GERAPDGASQSSQEPMEDAAPILSL,0
4127,RSLDANSGGRSPYAYSGGHDSSSWS,0
4127,SPERTQSTFEGFAQSPLQIPVSSSS,0
4127,LQGVEQKVQSLQTTFGTFESILRSS,0
4127,TPPAAMEAQTTQPTAMEAQTTAPEA,0
4127,NLVTRSYLLGNSRPRTQSPQNCSIM,0
4127,GTTSHGPTTATHKPTTTSHGNVTVH,0
4127,VISAEKAYHEQLTVAEITNACFEPA,1
4127,NPEVLVRTIDHLLRRQAKQIVSSAK,0
4127,AMDRLAYLPTAPPPFSSRHSSSPLS,0
4127,YEPSLMTMCQDSSQNDERSKSLLLS,0
4127,GHVSDASISLGETVSDMAPARPRWN,0
4127,SFVNDIFERIAGVASRLAHYNKRST,1
4127,EDVQVEVAEKVQESSAPREMPKAEE,0
4127,ALMTSRHQSWTPPRPGAV,0
4127,SMDEAGYRKDLGDPEGISSGSKADY,0
4127,KYPRSVRRCLPLWALTLEAALILLF,0
4127,APPAVPPAVAAPPPPALPEDPAGAK,0
4127,AAAYYQVSAAGPPPKAAAGAGGPGS,0
4127,LNLPSSWDYRHMPTCPWLIFVFLVE,0
4127,MKGTKDLRSQQKESNVKTFC,0
4127,KMLMTLVSPSGRTISFHSCVAQLYF,0
4127,GSSCCQSSCYKPSCCQSSCCVPVCC,0
4127,PATPGGDTAQTPEPGTSQPMPPGVG,0
4127,EATEAQTTQPTAMEAQTTPLAAMEA,0
4127,MTEYKLVVVGADGVGKSALTIQLI,0
4127,MNGRIVATKPLYLALAQRKEERQAY,0
4127,MKTLRSKMGKWCSHCFPWCRGSGKS,0
4127,GADDSAEEGDLLCDDDNEDRGDDQL,0
4127,MTTVAAATLLRATPHF,0
4127,CGFPSFSTSGTCCSSCCQPSCCETS,0
4127,TSCCQPSCCQTSCCGFPSFSTSGTC,0
4127,HYNYMCNSSCMGSMNRRPILTIITL,1
4127,MFDKGPEQTADDTDDAAGHKSFISA,0
4127,GDIPKAPEETIQTKKEDLPKSSEKA,0
4127,GSYTCQCLPGFKFIPEDPKLCTDVNE,0
4127,EKPYKCEECGKALKHPSVLTTHKRI,0
4127,VSTLNTHKAIHAVEKPYKCEECGKA,0
4127,KFGQGVHHAASQVGKETEKLGHGVH,0
4127,GPRTRGRLHHWLHRLQEAPKKESPG,0
4127,QRVHTGERPYECSECGKFFMDSSTL,0
4127,LNVLDNKKRTALTKAVQCQEDECAL,0
4127,AGRACRAPPGGGRRGARYHGAGGGG,0
4127,LRPMFTPSSQPTPEPSDSYREAPPA,0
4127,GKSQNQVRIPSQDQEYGHKENKISY,0
4127,EQRGIFTISDHPPEQRGMFTKECEQ,0
4127,AKSPVKEEAKSPPEAKSPEKEEAKS,0
4127,ASRTSSPNRATRENPRTSCAQRDNP,0
4127,CEPQTYGIGLKEFWVIDEKNWKPGR,0
4127,PLDPRQIAPRRPQAAAASSRDPTGP,0
4127,ENREMTANENTTQFPAEPTEHGERT,0
4127,TPSPAEPTEHGEMTANENTTPSPAE,0
4127,RRDAGPPPGAAPPPADGHPRPLAEP,0
4127,AELKSICCIIHPESLCAQKLKMDHV,0
4127,GYAINPSRDLPPSIFTFIAGWGKQV,0
4127,GILVVIIGVSLGINTGYAINPSRDL,0
4127,PAIRVPPVIPLGSRELFCSKLRRAA,1
4127,LGSRELFCSKLRRAAVFPPAHQQRT,1
4127,HLGVVIGILVAVILLLLLLLLLFLI,0
4127,EGEEEEEEEEEEEEGGSGASDSSEV,0
4148,TGAGGLLGQRIVCLLVEEKELKEIR,0
4148,KQDTLDASLQSFKQERLPEITDLKD,0
4148,MARFGEAVVTRPGSGDGDSDQS,0
4148,SGSKAGFRDGLGCSVEMGSVNEAGY,0
4148,FRPSGFRPNRQLVGLVESVRRLGLG,0
4148,KGYEDKLLKDLFLKPETNIKGKLAY,0
4148,ELPAKILVEFVVICTR,0
4148,CQSSGTSSTSCSCQFSRTSSTCRCQ,0
4148,FHKQNKMLKKDKKFHFWVNTFFIPG,0
4148,VKLHNELQSGSLSLGKSEAPETPME,0
4148,WTEDASGTNLFLIAAHELGHSLGLF,0
4148,SSTPGTTWILTEQTTTATTTASTGS,0
4148,SKTFSTCASHLITVTLFYGALLFMY,0
4148,SGGPGILPPGHSPPDPTPQSPDSET,0
4148,HTGEKPYECSECWKTFSEKSSLIHH,0
4148,GGGGSSATSGGRGGSLEMSSDGEPL,0
4148,MTEYKLVVVGAVGVGKSALTIQLI,1
4148,DPRLKTPMYFFLHNFSFLEVIFTTV,0
4148,QSRLVFGIGDKIYCTRNAYLSDLLP,0
4148,FHFLGSTQCFLYSLMAYDRYLAICQ,0
4148,DRVTMPVAYKEYQPHLVDQGAMLLN,0
4148,MYIRVEIENVPCEFV,0
4148,SPALGVLQLHFFMSEDNNTEDLKVT,0
4148,KFEVSVLVGGGIEVTPFASILKDLV,0
4148,YRLTAISVDHSARPYQNYTVIFVGS,0
4148,EDRSSSCREAVLHRRLQQTIKERALLN,0
4148,SPSCSSGPRVPKRAAPGSQTGKKQQ,0
4148,EGSGAGRPGKEGGGGGPALGLPQGCVT,0
4148,ELNKDRTSRDSSSVMRSSSTLPVPQ,0
4148,RSERKKWIHCFEEVTAIIFCVALSG,0
4148,HLPMHTVTYPCTQSPTRAHSCHLPV,0
4148,FRHPAQSQVGGGRGSPALGGP,0
4148,CIDNEALYDICSRTLKLPTPIYGDL,0
4148,GQGELSSEDIVELSSPRKRENTVQA,0
4148,VDWVGSELVGLGWGG,0
4148,VFDRPYPLAPPTPASPYRRAGLWSP,0
4148,YPLAPPTPASPYRRAGLWSPYKPET,0
4148,PTPASPYRRAGLWSPYKPETLSELE,0
4148,PYRRAGLWSPYKPETLSELEPTTAG,0
4148,AGLWSPYKPETLSELEPTTAGQPSG,0
4148,GCLGSWGAMWAGGGGCLPQGAGWLW,0
4148,VFSEFMIQSPEAVGQEAVLLVLPLV,0
4148,MEGDRRAGH,0
4148,KVSKSSTHPQHNANENEILVADTYD,0
4148,KPYECKQCGKAFRCASNLRKHGRTH,0
4148,EKPYECKQCGKALSCSSSFRMHERT,0
4148,GEKPYECKLCGKAFSFSSSLREHEK,0
4148,CEECGKAFNQSSNLTTHKITHAGEK,0
4148,CEECALRKHEIINTGKKPYKCEECG,0
4148,THKRIHTGEKPYKCEKCGKFFNQST,0
4148,KCKECGKAFNQSLTLTRHKIIHAGE,0
4148,THKKIHTGEQPYKCEECGKAFTQSS,0
4148,HHGLSEGWKETEMFGQGIHHAAGQV,0
4148,CGKAFTQSSKLVHHQRIHTGEKPYE,0
4148,RVHTGEKPYKCDECGKGFSHNSPLI,0
4148,AVDKYRLRKKFPVPKTIWDGEETVY,0
4148,RAGLGSQEKSLPPSPPAARRSLLHR,0
4148,VFSQHSHLAVHQIVHTGEKPYKCNE,0
4148,GEKPYKCNECGKDFSQHSHLAVHQR,0
4148,KVFHQISHLAQHQTIHTGEKPYECN,0
4148,WPRRIWGSSQDEGGFASSVRRPHLT,0
4148,ACRECGKAFRAHLQLIHHQETHSGL,0
4148,HLAKVGDCMGDSSDKPLRRNNSYTS,0
4148,KTLRSKMGKWCHLCFPCCRGSGKSN,0
4148,RKSELSLDLDSDFVRETVDSLKLLA,0
4148,QLFPPSRLRYNRPDIMPSGRSRLLE,0
4148,LLHEVPTGEVWVCFDLQLFEQKTLL,0
4148,IINVGYKRFLQPKIFFYPEFANPDF,0
4148,DAIEAKKRRQQNF,0
4148,NPSSPCPHLLPSGTGFVP,0
4148,SPPGYGAQDDPPPRRDCAWAPGHGA,0
4148,LCKLCLLSSRHSHASASQVAGTIGA,0
4148,RFRWRTQAVAGGGRGAARGAAAGQR,0
4148,TSSPNRATRDNPTTSCAQRDNPRAS,0
4148,EAEREEFFDETRQLCDLRLFQPFLK,0
4148,KGELVMQYKIIPPPGTHPLLVLVNP,0
4148,PLPAHSGALPFPRPGPPQPPHPPLA,0
4148,RELSYKGGNTRTWAAILHVADHVFL,0
4148,WEGRWNHVKKFLQRSGPFTHPDFEP,0
4148,PGRGVGPGAGPGGGDGT,0
4148,KSFSTFGKDSPNVEDTGDTSTSSLL,0
4148,HLYCKWKSENITSRMQHDTSHLFTT,0
4148,IVRNKEKKVIFESSGQISGSSFRSH,0
4148,AFNRSSTLTKHKIIHAEEKPFTCEE,0
4148,IQYAYTGRLELKKDNIECLLSTACL,0
4148,LAQIPQKVLWRFYGKKPNTLGSNTR,0
4148,AALNNHPDIMNLIKSGAHFDATNLH,0
4148,IYETKGEKNFRTKHYEEQIEAFKSI,0
4148,ILYCKRASLTELVSPRLPSHLSEYE,0
4148,GTSDPYVKFKIGRKEVFRSKIIHKN,0
4148,RLRGQTGVRAERSGSYPFIDFRLLN,0
4148,GTKRVVGISLFAISFLTLCIPLATD,0
4148,FVLILERPEPVQDHLFDFITERGAL,0
4148,LAAAAAAAAATATRNNPEPGGRRPE,0
4148,PRGPCRRQPRHPVAPRAPRPATRGG,0
4148,EDSKQNIFHFLYRKNRSRIPLLRKR,0
4148,TNMPGNIIPWVDYNVDVFGGASKWP,0
4148,SRLGPPEAESPSPPPKRRKKRYLRH,0
4148,TAPEAEPEAPISPPPPPTAVPAEEP,0
4148,QPEEALSQAKKSFASKTEVKKTRRP,0
4148,MVDRLANSEANARRISIVENCFGA,0
4148,LRPGEDERVAFCNSEFSDISPLSGG,0
4148,VIGILVVIIGVSHGMNTGYAINPSR,0
4148,GMLQLCLFAITDREKNPALPGTEALVI,0
4148,HKRSSLCKVKIVWPTPEPTQKLHQKQ,0
4148,LCKVKIVWPTPEPTQKLHQKQLQNFL,0
4148,VPQGTAPLMFSRSHSLKKVPVMPKE,0
4148,QGVPVVSVVPYDICGEHVPRRGGSH,0
4136,ASSVTVTRSYRSGGGSGGGSFGDNL,0
4136,NSPSPGGKEAETWQPVVILLGWGGC,0
4136,YKCGECGKGFSQRSNLHIHRCIHTG,0
4136,RPYKCGECGKGFRQSSNLHIHRCIH,0
4136,NKARAEKKVTLSSSKNLKPSSETKT,0
4136,LLASSDPPALASTNAEVTGTMSQDT,1
4136,LLASSDPPALASTNAEVTVETGFHH,1
4136,LLASSDPPALASTNAEVTETGFHHV,1
4136,SAPTTAASSTTVSSIAPTTAASSMT,0
4136,VHGGSWIRGAIYCFKIAVALAVAAI,0
4136,SPQPEESHLSPQPEEPCLSPRPEES,0
4136,NHAAYYPPSQIAQLRPSPRWTAQGA,0
4136,VHNAKTKPREEQFNSTFRVVSVLTV,0
4136,VRCVGLSLRATPHLILLELMSGGDM,0
4136,MARPSGSSEATGKPR,0
4136,MASPSGSSEVTGKPRGRDGRPR,0
4136,MDSIRSGAFGHLFRPD,0
4136,ILVDLEPGTMDSIRSGAFGHLFRPD,0
4136,GTISENTNYNHPPEADSAGTAFNLG,0
4136,MDADYRKQWDQYVKE,0
4136,CSPTLLADIYMDADYRKQWDQYVKE,0
4136,AFNRSSNLTKHKIIHTGDVPYKCDE,0
4136,HYKCEECGKAFISSSVLTRHKRVHT,0
4136,CGKAFTRSSHLTKHKIIHTGEKPYK,0
4136,KPYKCEECGKAFNQSSNLTNHKKIH,0
4136,HKKIHTGEQPYKSEECGKAFNYSSH,0
4136,AFKWSSTLTKHKKIHTGEKPYKCEE,0
4136,LTTHKKIHTGEKLYKCEECGKAFTQ,0
4136,KPYKCEECGKAFSVSSTLTQHKRIH,0
4136,PYQCEECGKAFNHSSHLTRHKRIHT,0
4136,CGKSFSWSSHLVSHQRTHTGEKPYE,0
4136,CLTNHHRMHTGEKPYKCNECGR,0
4136,CLTNHHRMHTGEKPYKCNECGKAFR,0
4136,CLTNHHRMHTGERPYKCNECGR,0
4136,CLTNHHRMHTGERPYKCNECGKAFR,0
4136,KPYKCNECGKVFNNMSHLAQHRRIH,0
4136,KCNECSKTFSQRTYLHCHRRLHSGE,0
4136,CGKTFSQTSSLTSHRRLHTGEKPYK,0
4136,CNECGKTFSRKSSLTCHHRLHTGEK,0
4136,RPLVRRHPLHAIIDFILERNLSSVM,0
4136,KTFSQTSSLTCHHRLHTGEKPFKCN,0
4136,YECSECGKSFSQRASLIQHQRVHTG,0
4136,ECGECGKSFSKYDSFSNHQRVHTGK,0
4136,QKVHTGERPFECCECGRDFSQSSHL,0
4136,QAGGIGKAKLRSVKERKLEKKKQKE,0
4136,ELPHFTEAGLKISRVPGPADQKTGI,0
4136,KDSVLNIARGKKDGEKTRRVSSHKQ,0
4136,SDEKDSVLNIAREKKHGEKTRRVSS,0
4136,KKAEGAQNQGKKGEGAQNQGKKAEG,0
4136,PETISLNVKGPGVQRMVLVDLPGVI,0
4136,HLTVDRPVIYDGRDFL,0
4136,PWTQHSPHTRLRHSGRCDLFQKKDY,0
4136,HGLNTRPTRGCGILGAVTSSRRKPK,0
4136,PWTQHSPHTRLRHSGRCDLFQKKGT,0
4136,CQLLPWTQHSPHSRLRRSGRCDLFQ,0
4136,MVANCCHGLNTRRTRGCGVLGAVTS,0
4136,GESRPETPKQKSEGHPETPKQKGDG,0
4136,SSIFHAGKSQGLRENNIPDNETGRK,0
4136,DILEQARAAVDTFCRHNYGVVESFT,0
4136,DILEQARAAVDTDCRHNYGVVESFT,0
4136,VNFYQSHGPSGQFTHEFDGDEEFYV,0
4136,FYVDLETKETVWKLPMFSKFISFDP,0
4136,TLNSKTYDTVHRHLTVEEATASVSE,0
4136,AAKFMRKRRKGQHCRMEIIHEIAVL,0
4136,DNPWVINLHEVYDTASEMILVLEYA,0
4136,GEKPYECYICGKLFSQMSYLTIHHR,0
4136,GYNSYSVSNSEKHIMAEIYKNGPVE,1
4136,ERKWFKVPSKKEVTSTCIATPDVEK,0
4136,TPSSAALTAAAVTAPPHCPGGSASP,0
4136,MPYGYVLNESQSCQNSSSAQGSSSN,0
4136,VLLMPYGYVLNEFQSRQNSSSAQGS,0