,allele,seq_num,start,end,length,core_peptide,peptide,ic50,percentile_rank
0,HLA-DRB1*13:02,9,1,15,15,FSQLPSQVV,FAGLFSQLPSQVVKP,134.15,8.9
1,HLA-DRB1*13:02,12,1,15,15,ITESGRIGF,LNEITESGRIGFGSF,698.72,33.0
2,HLA-DRB1*13:02,4,1,15,15,VSLRNLRGY,QADRVSLRNLRGYYN,863.56,38.0
3,HLA-DRB1*13:02,13,1,15,15,LRSHHILER,EELRSHHILERLDAH,1050.46,43.0
4,HLA-DRB1*13:02,11,1,15,15,LHTDVGSVR,LNLHTDVGSVRMRRP,1067.83,43.0
5,HLA-DRB1*13:02,10,1,15,15,LRSWTAADT,EDLRSWTAADTAAQI,1112.07,44.0
6,HLA-DRB1*13:02,3,1,15,15,VRKNKRRRG,LQVRKNKRRRGCPIL,1243.07,47.0
7,HLA-DRB1*13:02,8,1,15,15,TAADTAVYF,SVTAADTAVYFCARG,1415.22,50.0
8,HLA-DRB1*13:02,5,1,15,15,LRGYRQDAY,GRFLRGYRQDAYDGK,1486.18,51.0
9,HLA-DRB1*13:02,1,1,15,15,LQVRKNKRR,ATRAGLQVRKNKRRR,1593.36,53.0
10,HLA-DRB1*13:02,17,1,15,15,LQQHVKSVT,QLTKELQQHVKSVTC,1593.95,53.0
11,HLA-DRB1*13:02,2,1,15,15,VRKNKRRRG,AGLQVRKNKRRRGCP,1645.35,54.0
12,HLA-DRB1*13:02,16,1,15,15,VLLFYIPMI,AHLSAVLLFYIPMIL,2014.84,59.0
13,HLA-DRB1*13:02,14,1,15,15,LEEKFLFLF,QIKELEEKFLFLFLF,3868.24,76.0
14,HLA-DRB1*13:02,15,1,15,15,WKCIWHCKT,DLNFGDWKCIWHCKT,5287.41,82.0
15,HLA-DRB1*13:02,18,1,15,15,VGPDGRLLR,YGCDVGPDGRLLRGH,8456.72,91.0
16,HLA-DRB1*13:02,7,1,15,15,LQAQLEKEL,MEELQAQLEKELEGG,9573.4,92.0
17,HLA-DRB1*13:02,6,1,15,15,SSSSYGQHG,SAGSSSSYGQHGSGS,22638.64,100.0
0,HLA-DRB1*13:02,4,1,20,20,ISPSRTEAL,TVTISPSRTEALNHHNLLIC,210.34,17.0
1,HLA-DRB1*13:02,1,1,20,20,VRKNKRRRG,ATRAGLQVRKNKRRRGCPIL,1018.59,53.0
2,HLA-DRB1*13:02,6,1,20,20,FTLQSQLQL,IRNLEDSLFTLQSQLQLLQS,1543.91,65.0
3,HLA-DRB1*13:02,3,1,20,20,IRRQKERIT,GSNQEIRRQKERITEQPLKE,4822.78,90.0
4,HLA-DRB1*13:02,2,1,20,20,LAKQKQKQV,RRSPPPSLAKQKQKQVTDMM,6346.14,93.0
5,HLA-DRB1*13:02,5,1,20,20,YTCHMQHEG,SGQEQRYTCHMQHEGLQEPL,6758.62,94.0
0,HLA-DRB5*01:01,1,1,20,20,MKAAFKRSC,GNIPLMKAAFKRSCLKHHPD,61.8,5.5
1,HLA-DRB5*01:01,5,1,20,20,YYNQSEAGS,HRVDLGTLRGYYNQSEAGSH,1246.94,60.0
2,HLA-DRB5*01:01,3,1,20,20,YKCEEYNKS,KIYTEEKPYKCEEYNKSPKQ,2232.04,74.0
3,HLA-DRB5*01:01,4,1,20,20,LREAKEREL,TAEQLLREAKERELELLPPP,2335.84,76.0
4,HLA-DRB5*01:01,6,1,20,20,LLGECETPL,GLRRDVLLGECETPLIALLP,4044.88,87.0
5,HLA-DRB5*01:01,2,1,20,20,CENKAALLV,INGKVCGQCENKAALLVCLE,4119.61,88.0
0,HLA-DPA1*01:03/DPB1*04:01,1,1,19,19,FSSLNLRET,LPNFSSLNLRETNLDSLPL,1012.27,23.0
1,HLA-DPA1*01:03/DPB1*04:01,3,1,19,19,LGSALYQEN,ASLGTQPDLGSALYQENYK,1823.62,35.0
2,HLA-DPA1*01:03/DPB1*04:01,4,1,19,19,SSYDMYHLS,VTLSCSSRSSYDMYHLSRE,3095.99,50.0
3,HLA-DPA1*01:03/DPB1*04:01,2,1,19,19,FVMKNGTNV,RSQPHTKPSVFVMKNGTNV,4862.65,63.0
4,HLA-DPA1*01:03/DPB1*04:01,6,1,19,19,VTISPSRTE,QRRVEPTVTISPSRTEALN,9656.2,82.0
5,HLA-DPA1*01:03/DPB1*04:01,5,1,19,19,KYKEKGIPA,RFSCDVAEGKYKEKGIPAL,11206.59,86.0
0,HLA-DQA1*03:01/DQB1*03:02,2,1,19,19,WAAVVVPSG,KWAAVVVPSGEEQRYTCHV,1871.37,21.0
1,HLA-DQA1*03:01/DQB1*03:02,5,1,19,19,LRGYYNQSE,DRVDLGTLRGYYNQSEAGS,3470.46,47.0
2,HLA-DQA1*03:01/DQB1*03:02,4,1,19,19,LQALEFLHS,AAVCRECLQALEFLHSNQV,3617.18,49.0
3,HLA-DQA1*03:01/DQB1*03:02,1,1,19,19,CTSICSLYQ,VEQCCTSICSLYQLENYCN,4208.73,56.0
4,HLA-DQA1*03:01/DQB1*03:02,6,1,19,19,LEGECVDGL,YLEGECVDGLRRYLENGKD,5912.22,71.0
5,HLA-DQA1*03:01/DQB1*03:02,3,1,19,19,PGAAPEAGG,EVCAGDSGPGAAPEAGGAG,12010.76,94.0
0,HLA-DQA1*03:01/DQB1*03:02,5,1,18,18,LEGTCVEWL,RAYLEGTCVEWLRRYLEN,1555.85,12.0
1,HLA-DQA1*03:01/DQB1*03:02,2,1,18,18,RYTCHVQHE,SGEEQRYTCHVQHEGLPK,5796.18,65.0
2,HLA-DQA1*03:01/DQB1*03:02,3,1,18,18,PSLNVSLLL,ISPSLNVSLLLTLSILSI,8288.68,80.0
3,HLA-DQA1*03:01/DQB1*03:02,1,1,18,18,QKRGIVEQC,LALEGSLQKRGIVEQCCT,11511.75,90.0
4,HLA-DQA1*03:01/DQB1*03:02,6,1,18,18,ECSSKCFHC,LLCTECYSNECSSKCFHC,13573.08,94.0
5,HLA-DQA1*03:01/DQB1*03:02,4,1,18,18,ATPTGQQQS,HPQPSATPTGQQQSQHGG,15919.59,96.0
0,HLA-DQA1*03:01/DQB1*03:02,2,1,17,17,AEGIALVWE,QALIAEGIALVWESYKL,1199.42,6.3
1,HLA-DQA1*03:01/DQB1*03:02,1,1,17,17,AGSLQPLAL,GGPGAGSLQPLALEGSL,3449.57,39.0
2,HLA-DQA1*03:01/DQB1*03:02,6,1,17,17,RNSSFSQQQ,PSGNLARNSSFSQQQFA,3697.67,41.0
3,HLA-DQA1*03:01/DQB1*03:02,3,1,17,17,VKQEPTDIQ,VEHLKVKQEPTDIQLQP,4656.33,52.0
4,HLA-DQA1*03:01/DQB1*03:02,4,1,17,17,PKTALTGPT,SVNASPKTALTGPTEGA,7736.9,75.0
5,HLA-DQA1*03:01/DQB1*03:02,5,1,17,17,EELFKLLKE,VEELFKLLKEGHRMDKP,8685.02,79.0
0,HLA-DQA1*03:01/DQB1*03:02,1,1,13,13,PAAAFVNQH,GPDPAAAFVNQHL,2230.42,12.0
1,HLA-DQA1*03:01/DQB1*03:02,2,1,13,13,LADVATVLG,TAKALADVATVLG,2887.92,18.0
2,HLA-DQA1*03:01/DQB1*03:02,3,1,13,13,SNSSDPLLV,EWSNSSDPLLVSV,3316.57,22.0
3,HLA-DQA1*03:01/DQB1*03:02,6,1,13,13,FNGTQRFLE,YAFNGTQRFLERY,4128.05,30.0
4,HLA-DQA1*03:01/DQB1*03:02,4,1,13,13,SSSSLSCLN,MPFSSSSLSCLNL,4967.68,37.0
5,HLA-DQA1*03:01/DQB1*03:02,5,1,13,13,KTSEFSRRV,EQKTSEFSRRVAE,9595.9,66.0
0,HLA-DQA1*03:01/DQB1*03:02,33,1,16,16,LAATTAAAA,PATLAATTAAAATSFS,786.52,5.6
1,HLA-DQA1*03:01/DQB1*03:02,24,1,16,16,WFSCATDSL,IFENLWFSCATDSLGV,1091.14,11.0
2,HLA-DQA1*03:01/DQB1*03:02,9,1,16,16,PSESTAEDD,QDLYPSESTAEDDIQP,1143.56,12.0
3,HLA-DQA1*03:01/DQB1*03:02,37,1,16,16,LWSTEVYET,VHLNCALWSTEVYETQ,1248.76,14.0
4,HLA-DQA1*03:01/DQB1*03:02,21,1,16,16,LETIDINKD,LALETIDINKDPYFMK,1304.46,16.0
5,HLA-DQA1*03:01/DQB1*03:02,25,1,16,16,ESTGTAYLE,RVTITADESTGTAYLE,1399.31,17.0
6,HLA-DQA1*03:01/DQB1*03:02,6,1,16,16,LQVGQVELG,RREAEDLQVGQVELGG,1426.29,18.0
7,HLA-DQA1*03:01/DQB1*03:02,30,1,16,16,ITVTNTAIA,SATITVTNTAIATATV,1578.83,21.0
8,HLA-DQA1*03:01/DQB1*03:02,40,1,16,16,LSTGEPLEL,QTLSTGEPLELPELGC,1664.2,22.0
9,HLA-DQA1*03:01/DQB1*03:02,38,1,16,16,AADTAAQIT,WTAADTAAQITQRKWE,1721.69,23.0
10,HLA-DQA1*03:01/DQB1*03:02,27,1,16,16,NYGVETHEA,VFNYGVETHEAYKQRS,1748.88,24.0
11,HLA-DQA1*03:01/DQB1*03:02,35,1,16,16,WVPLEIMIK,DEGWVPLEIMIKFNRL,1798.5,25.0
12,HLA-DQA1*03:01/DQB1*03:02,13,1,16,16,MLLFSATFE,ALPSECQMLLFSATFE,1990.14,28.0
13,HLA-DQA1*03:01/DQB1*03:02,20,1,16,16,RGGASVEET,PTSRGGASVEETDQSH,2052.35,29.0
14,HLA-DQA1*03:01/DQB1*03:02,32,1,16,16,VRLAINYRL,RAEYVRLAINYRLHEF,2199.56,32.0
15,HLA-DQA1*03:01/DQB1*03:02,39,1,16,16,IVGIVAGLA,TIPIVGIVAGLAVLAV,2335.26,34.0
16,HLA-DQA1*03:01/DQB1*03:02,1,1,16,16,LALWGPDPA,LPLLALLALWGPDPAA,2484.46,37.0
17,HLA-DQA1*03:01/DQB1*03:02,29,1,16,16,EVGIPPEQS,DREVGIPPEQSLETAK,2516.43,37.0
18,HLA-DQA1*03:01/DQB1*03:02,3,1,16,16,LCGSHLVEA,FVNQHLCGSHLVEALY,2577.72,38.0
19,HLA-DQA1*03:01/DQB1*03:02,10,1,16,16,VASTDSSAA,ASPSAVASTDSSAATS,2636.71,39.0
20,HLA-DQA1*03:01/DQB1*03:02,2,1,16,16,AAFVNQHLC,DPAAAFVNQHLCGSHL,3110.12,45.0
21,HLA-DQA1*03:01/DQB1*03:02,41,1,16,16,PHLLQVILN,PILPPHLLQVILNKDT,3574.77,51.0
22,HLA-DQA1*03:01/DQB1*03:02,22,1,16,16,SEVIEPPSL,EDSEVIEPPSLPQLQT,3663.54,52.0
23,HLA-DQA1*03:01/DQB1*03:02,12,1,16,16,ASQGTVLLL,QLASQGTVLLLLRVLL,4479.28,60.0
24,HLA-DQA1*03:01/DQB1*03:02,14,1,16,16,NLRIALRYY,TYRENLRIALRYYNQS,5544.02,69.0
25,HLA-DQA1*03:01/DQB1*03:02,28,1,16,16,YWTWIRQPP,ISSHYWTWIRQPPGKG,5625.59,70.0
26,HLA-DQA1*03:01/DQB1*03:02,17,1,16,16,PEGECCPVC,RYYVPEGECCPVCEDP,5771.21,71.0
27,HLA-DQA1*03:01/DQB1*03:02,15,1,16,16,LQEELPSLW,NVDLQEELPSLWNSRV,5807.54,71.0
28,HLA-DQA1*03:01/DQB1*03:02,11,1,16,16,YFIDHNTKT,EVYFIDHNTKTTSWLD,6691.75,76.0
29,HLA-DQA1*03:01/DQB1*03:02,16,1,16,16,PNLLLVAGG,RDLKPPNLLLVAGGTV,7119.75,78.0
30,HLA-DQA1*03:01/DQB1*03:02,19,1,16,16,LYGTHSHGL,LYLYGTHSHGLFKKLG,7648.34,80.0
31,HLA-DQA1*03:01/DQB1*03:02,36,1,16,16,LRGHNQYAY,VGPDGRLLRGHNQYAY,7839.19,81.0
32,HLA-DQA1*03:01/DQB1*03:02,7,1,16,16,VELGGGPGA,LQVGQVELGGGPGAGS,8086.0,82.0
33,HLA-DQA1*03:01/DQB1*03:02,34,1,16,16,ISCSGSSSN,QRVTISCSGSSSNIGS,8223.11,83.0
34,HLA-DQA1*03:01/DQB1*03:02,4,1,16,16,VCGERGFFY,YLVCGERGFFYTPKTR,9910.45,88.0
35,HLA-DQA1*03:01/DQB1*03:02,5,1,16,16,FYTPKTRRE,RGFFYTPKTRREAEDL,10030.3,88.0
36,HLA-DQA1*03:01/DQB1*03:02,23,1,16,16,WDHSGGAGD,RDSESWDHSGGAGDSS,10151.27,89.0
37,HLA-DQA1*03:01/DQB1*03:02,31,1,16,16,PLPSVPPTT,PFPTSRDPLPSVPPTT,10518.0,90.0
38,HLA-DQA1*03:01/DQB1*03:02,42,1,16,16,LQQWRQGEY,STPLQQWRQGEYKCVV,11391.68,91.0
39,HLA-DQA1*03:01/DQB1*03:02,26,1,16,16,RSFENKPPA,LSYFDRRSFENKPPAH,12708.78,93.0
40,HLA-DQA1*03:01/DQB1*03:02,18,1,16,16,LRSPKARRG,SLRSPKARRGKARRRA,21061.96,99.0
41,HLA-DQA1*03:01/DQB1*03:02,8,1,16,16,PQDGKETKA,RPENPKPQDGKETKAA,25288.37,100.0
0,HLA-DQA1*03:01/DQB1*03:02,10,1,15,15,QAFLAEVPD,ANGGQAFLAEVPDSE,800.54,2.3
1,HLA-DQA1*03:01/DQB1*03:02,3,1,15,15,EALYLVCGE,SHLVEALYLVCGERG,1104.7,5.3
2,HLA-DQA1*03:01/DQB1*03:02,4,1,15,15,VRFDSDAAS,VDDTQFVRFDSDAAS,1401.9,8.9
3,HLA-DQA1*03:01/DQB1*03:02,2,1,15,15,PAAAFVNQH,LWGPDPAAAFVNQHL,1777.2,14.0
4,HLA-DQA1*03:01/DQB1*03:02,8,1,15,15,LTSQNLPLL,GLLTSQNLPLLLLDL,3101.82,32.0
5,HLA-DQA1*03:01/DQB1*03:02,9,1,15,15,ERVMDGLLV,PNEREERVMDGLLVI,3695.59,39.0
6,HLA-DQA1*03:01/DQB1*03:02,18,1,15,15,ILPNADDYF,LPILPNADDYFLLRW,3707.56,39.0
7,HLA-DQA1*03:01/DQB1*03:02,1,1,15,15,MRLLPLLAL,MALWMRLLPLLALLA,3786.21,40.0
8,HLA-DQA1*03:01/DQB1*03:02,12,1,15,15,IFVEGVEPG,GIFVEGVEPGSKAAD,3875.4,41.0
9,HLA-DQA1*03:01/DQB1*03:02,7,1,15,15,ITALATLHL,LPFIITALATLHLLF,3991.71,42.0
10,HLA-DQA1*03:01/DQB1*03:02,16,1,15,15,PKGAMITHQ,GDPKGAMITHQNIVS,4611.36,48.0
11,HLA-DQA1*03:01/DQB1*03:02,5,1,15,15,EHGLAPWEQ,PEAPGEHGLAPWEQG,4875.98,50.0
12,HLA-DQA1*03:01/DQB1*03:02,13,1,15,15,LGYCGAVGL,LEPLGTLGYCGAVGL,5276.95,54.0
13,HLA-DQA1*03:01/DQB1*03:02,11,1,15,15,DFAGRPEPL,ADFAGRPEPLTYKLV,5611.3,56.0
14,HLA-DQA1*03:01/DQB1*03:02,17,1,15,15,YSVDSPTLT,GGYSVDSPTLTRFFT,5957.62,59.0
15,HLA-DQA1*03:01/DQB1*03:02,14,1,15,15,LIISKSSSM,ETLIISKSSSMFHIM,6068.28,60.0
16,HLA-DQA1*03:01/DQB1*03:02,6,1,15,15,PYACEVWNW,GPYACEVWNWGSRAR,6655.57,65.0
17,HLA-DQA1*03:01/DQB1*03:02,15,1,15,15,VDTYCRHNY,RAAVDTYCRHNYGVV,11157.35,85.0
0,HLA-DRB1*08:02,6,1,15,15,FVALYVASH,RAFVALYVASHRGHF,67.62,0.35
1,HLA-DRB1*08:02,1,1,15,15,IRRSILPYG,ELERIRRSILPYGDS,282.17,7.5
2,HLA-DRB1*08:02,2,1,15,15,FAKWRRNHN,RAFAKWRRNHNHIWQ,657.64,21.0
3,HLA-DRB1*08:02,3,1,15,15,GRFLRGYRQ,CDVGPDGRFLRGYRQ,5110.79,78.0
4,HLA-DRB1*08:02,4,1,15,15,PKTHVTHHP,LQRADPPKTHVTHHP,10101.75,91.0
5,HLA-DRB1*08:02,5,1,15,15,WSCGSCPVG,PDGSWSCGSCPVGFL,11274.58,93.0
0,HLA-DRB4*01:01,1,1,18,18,IDLTKIDRC,GIVKENIIDLTKIDRCFQ,880.83,11.0
1,HLA-DRB4*01:01,10,1,18,18,LLIVPILIA,MPMANLLLLIVPILIAMA,908.63,12.0
2,HLA-DRB4*01:01,3,1,18,18,LMLQCKMPT,SISKSDLMLQCKMPTEEK,1314.29,19.0
3,HLA-DRB4*01:01,4,1,18,18,FSTSVSRPG,SMRYFSTSVSRPGRGEPR,1818.79,29.0
4,HLA-DRB4*01:01,12,1,18,18,MVVAGIFLL,ALLHSSTMVVAGIFLLIR,2384.61,39.0
5,HLA-DRB4*01:01,7,1,18,18,MSYTNAWAL,HIIETANMSYTNAWALSI,3370.91,51.0
6,HLA-DRB4*01:01,11,1,18,18,LEGTCVEWL,AEQRRAYLEGTCVEWLHR,4313.15,61.0
7,HLA-DRB4*01:01,8,1,18,18,WWAEGTAVA,GLWWAEGTAVATRGFFFG,5518.58,71.0
8,HLA-DRB4*01:01,2,1,18,18,QHGIHIQGS,IVKTGERQHGIHIQGSDP,7477.81,81.0
9,HLA-DRB4*01:01,9,1,18,18,VTPVEGDWL,VPESVTPVEGDWLVWTST,7900.84,82.0
10,HLA-DRB4*01:01,6,1,18,18,EKGTADAAN,VAQEKGTADAANVTSTLE,18375.94,98.0
11,HLA-DRB4*01:01,5,1,18,18,DGSSPDEKY,AKTSDDGSSPDEKYPDPF,26916.57,100.0
0,HLA-DRB1*01:02,2,1,16,16,HILGKARFI,EKLKHILGKARFIKLN,168.13,4.6
1,HLA-DRB1*01:02,3,1,16,16,LGGVLALLL,RSVPNKLGGVLALLLS,274.19,8.6
2,HLA-DRB1*01:02,5,1,16,16,VTSVVGHLS,ANNVTSVVGHLSTSLF,341.51,11.0
3,HLA-DRB1*01:02,7,1,16,16,ATTWFPKQM,TMVATTWFPKQMVLEL,1484.79,45.0
4,HLA-DRB1*01:02,1,1,16,16,IVQLQGDSN,PIVQLQGDSNCLKCFR,2115.14,56.0
5,HLA-DRB1*01:02,4,1,16,16,IENQAFYKL,LWKCGIENQAFYKLEK,2120.45,56.0
6,HLA-DRB1*01:02,11,1,16,16,KNGYTPLHI,DSAGKNGYTPLHIAAK,2287.86,59.0
7,HLA-DRB1*01:02,9,1,16,16,ALDHTADRL,LYLGALDHTADRLQAI,2320.47,60.0
8,HLA-DRB1*01:02,12,1,16,16,DFTLTISRL,GSGSGTDFTLTISRLE,2579.23,63.0
9,HLA-DRB1*01:02,6,1,16,16,PAMAKPLTD,QPAAPAMAKPLTDQEK,4153.94,77.0
10,HLA-DRB1*01:02,8,1,16,16,HLNSGGRGC,RQENHLNSGGRGCSEP,12213.49,97.0
11,HLA-DRB1*01:02,10,1,16,16,DENPESQEM,DEAADENPESQEMLEE,21003.48,100.0
0,HLA-DRB1*03:01,3,1,13,13,VRFDSDAAS,QFVRFDSDAASPR,360.19,1.0
1,HLA-DRB1*03:01,5,1,13,13,KEADIHFLI,TKEADIHFLIDGS,8657.06,29.0
2,HLA-DRB1*03:01,6,1,13,13,LTLIWKVSD,ATSLTLIWKVSDN,8734.49,29.0
3,HLA-DRB1*03:01,1,1,13,13,LDACQDQLL,AKRLDACQDQLLE,9790.76,34.0
4,HLA-DRB1*03:01,4,1,13,13,HTTWFKFSV,EYDHTTWFKFSVA,18629.78,72.0
5,HLA-DRB1*03:01,2,1,13,13,QEGHLPDSS,CQQEGHLPDSSIS,30691.51,98.0
0,HLA-DRB1*03:01,1,1,16,16,LQGDSNCLK,PIVQLQGDSNCLKCFR,213.06,2.4
1,HLA-DRB1*03:01,4,1,16,16,MSFSEKNLK,GKMSFSEKNLKALLKH,820.64,8.1
2,HLA-DRB1*03:01,5,1,16,16,VVIDSDTED,RKGRVVIDSDTEDSGS,2340.62,23.0
3,HLA-DRB1*03:01,6,1,16,16,YHGEKLQPF,KRGLGYHGEKLQPFGQ,8385.01,69.0
4,HLA-DRB1*03:01,3,1,16,16,VKPTTSPLI,TSGLVKPTTSPLIPTT,8425.39,70.0
5,HLA-DRB1*03:01,2,1,16,16,WAGGGGLRQ,PVVSEWAGGGGLRQRE,17869.87,95.0
0,HLA-DRB3*01:01,1,1,15,15,ARVDELERI,VRKLKARVDELERIR,300.74,5.5
1,HLA-DRB3*01:01,3,1,15,15,YVFFASEGL,QIPYVFFASEGLLNT,509.69,8.2
2,HLA-DRB3*01:01,6,1,15,15,GNVDSSGIK,FFGNVDSSGIKHNIF,4477.05,55.0
3,HLA-DRB3*01:01,4,1,15,15,LTGAGGFVL,SARSKTLTGAGGFVL,6168.04,68.0
4,HLA-DRB3*01:01,5,1,15,15,DRATELQEQ,SMKDRATELQEQLSS,8581.24,81.0
5,HLA-DRB3*01:01,2,1,15,15,CGKDKDTWI,GNCGKDKDTWIQCNK,8969.51,82.0
0,HLA-DRB3*01:01,1,1,19,19,WAIDFCPGV,ENGEWAIDFCPGVIRRHHG,105.15,1.7
1,HLA-DRB3*01:01,2,1,19,19,FTSVSRPGR,RYFFTSVSRPGRGEPRFIA,4964.99,58.0
2,HLA-DRB3*01:01,3,1,19,19,YWDEETGKV,PWIEQEGPEYWDEETGKVK,5100.96,59.0
3,HLA-DRB3*01:01,5,1,19,19,GKDNRIPLL,CQCEGKDNRIPLLKEVFEA,8743.0,82.0
4,HLA-DRB3*01:01,6,1,19,19,LEQVIESQK,SIPDTQLEQVIESQKANQC,11691.24,91.0
5,HLA-DRB3*01:01,4,1,19,19,EESCEAVEA,ASSQIPALEESCEAVEARE,13601.6,94.0
0,HLA-DRB1*16:02,4,1,13,13,LMMSHTLKS,GGKLMMSHTLKSD,1111.71,7.5
1,HLA-DRB1*16:02,6,1,13,13,WLVLGTHTS,LHWLVLGTHTSDE,1790.19,14.0
2,HLA-DRB1*16:02,1,1,13,13,TAKARANLA,NQATAKARANLAA,8348.8,61.0
3,HLA-DRB1*16:02,5,1,13,13,FNPDTPFGD,AIFNPDTPFGDIV,10951.28,72.0
4,HLA-DRB1*16:02,2,1,13,13,PNKKNSYPH,LVNPNKKNSYPHY,17551.78,90.0
5,HLA-DRB1*16:02,3,1,13,13,EKPYKCEEC,TGEKPYKCEECGK,24251.08,98.0
0,HLA-DRB1*16:02,1,1,15,15,VHFFKNIVT,ENPVVHFFKNIVTPR,54.95,1.5
1,HLA-DRB1*16:02,6,1,15,15,IKDALGLLL,YTIKDALGLLLFLLS,766.25,37.0
2,HLA-DRB1*16:02,4,1,15,15,KRSHKATVV,KKQKRSHKATVVNNK,1592.42,57.0
3,HLA-DRB1*16:02,5,1,15,15,LTCETQLSL,VTLTCETQLSLERSD,2287.37,67.0
4,HLA-DRB1*16:02,2,1,15,15,FHGNSEVNA,RRSGQGFHGNSEVNA,4515.92,83.0
5,HLA-DRB1*16:02,3,1,15,15,CDSIQPHKN,NSHGPCDSIQPHKNI,9484.32,95.0
0,HLA-DRB1*15:02,1,1,15,15,VHFFKNIVT,ENPVVHFFKNIVTPR,56.06,0.4
1,HLA-DRB1*15:02,2,1,15,15,LALHRSYLT,TRFQTLLALHRSYLT,123.62,2.1
2,HLA-DRB1*15:02,10,1,15,15,LRSWTAADT,LNEDLRSWTAADTVA,809.71,23.0
3,HLA-DRB1*15:02,4,1,15,15,SKMLSGIGG,ESAQSKMLSGIGGFV,1946.15,45.0
4,HLA-DRB1*15:02,12,1,15,15,FLGLGGVEC,FLFLGLGGVECLLLA,1949.62,45.0
5,HLA-DRB1*15:02,8,1,15,15,LNINCGNKG,ENVLNINCGNKGFTT,2017.76,46.0
6,HLA-DRB1*15:02,7,1,15,15,IESHHVAIS,RPTIESHHVAISDAE,2330.84,50.0
7,HLA-DRB1*15:02,5,1,15,15,VRQLLETMA,NAEEVRQLLETMARN,4307.46,68.0
8,HLA-DRB1*15:02,9,1,15,15,VQMSREDIV,TPLHNAVQMSREDIV,4631.91,70.0
9,HLA-DRB1*15:02,6,1,15,15,HGHTVVKKV,IDEHGHTVVKKVTRK,8124.33,85.0
10,HLA-DRB1*15:02,11,1,15,15,YQQTPGQAP,WYQQTPGQAPRTLIY,9082.6,87.0
11,HLA-DRB1*15:02,3,1,15,15,KSLAKPETD,EDKSLAKPETDKEQD,21967.36,99.0
0,HLA-DRB1*04:02,1,1,15,15,IAFKIVSQE,LNSKIAFKIVSQEPA,906.02,12.0
1,HLA-DRB1*04:02,4,1,15,15,LNKMKTFEE,FYLNKMKTFEEPPFE,1962.53,30.0
2,HLA-DRB1*04:02,5,1,15,15,GKQFRSIAF,VNGGKQFRSIAFKNQ,2179.61,33.0
3,HLA-DRB1*04:02,2,1,15,15,RRYQQTMGS,EDESRRYQQTMGSLQ,4974.29,64.0
4,HLA-DRB1*04:02,6,1,15,15,IKELTLEIE,PEDNKIKELTLEIER,6280.3,73.0
5,HLA-DRB1*04:02,3,1,15,15,PQNATDSYV,LKEKGPQNATDSYVH,14252.29,95.0
0,HLA-DRB1*04:04,4,1,18,18,LLYFDSVPT,TEGPHVLLYFDSVPTSRE,238.1,1.8
1,HLA-DRB1*04:04,1,1,18,18,IDLTKIDRC,GIVKENIIDLTKIDRCFQ,2736.75,41.0
2,HLA-DRB1*04:04,3,1,18,18,FRQEASRLT,ESEVKCNFRQEASRLTLE,3672.59,51.0
3,HLA-DRB1*04:04,2,1,18,18,TTVDIKLKQ,TFNTTVDIKLKQWTDKQL,5742.37,68.0
4,HLA-DRB1*04:04,6,1,18,18,YPPTYNVKD,FHYNQSYPPTYNVKDMLV,10142.71,86.0
5,HLA-DRB1*04:04,5,1,18,18,VAPGHSSHH,LTVAPGHSSHHSPGLQGQ,17105.02,96.0
0,HLA-DRB1*04:04,1,1,13,13,IRMVISNPA,NFIRMVISNPAAT,17.76,0.01
1,HLA-DRB1*04:04,3,1,13,13,IVILSPLLN,IIVILSPLLNAQN,327.67,1.3
2,HLA-DRB1*04:04,2,1,13,13,IVMLTPLVE,VIVMLTPLVEDGV,715.72,4.0
3,HLA-DRB1*04:04,6,1,13,13,FIPVALFVT,MMFIPVALFVTWS,2537.18,20.0
4,HLA-DRB1*04:04,7,1,13,13,PLSQSLYWL,FRPLSQSLYWLLA,3151.89,25.0
5,HLA-DRB1*04:04,11,1,13,13,LGSCLAILI,VAVGLGSCLAILI,3370.22,26.0
6,HLA-DRB1*04:04,17,1,13,13,LESLGNGTD,QQLLESLGNGTDF,4739.08,36.0
7,HLA-DRB1*04:04,8,1,13,13,VRFLDRYFH,GTERVRFLDRYFH,5290.73,39.0
8,HLA-DRB1*04:04,16,1,13,13,LIFLITMLI,LLIFLITMLILVT,5674.31,42.0
9,HLA-DRB1*04:04,4,1,13,13,IATYEQNLQ,AEDIATYEQNLQQ,5966.07,43.0
10,HLA-DRB1*04:04,10,1,13,13,VYIRSTDVD,QLTQVYIRSTDVD,6041.09,44.0
11,HLA-DRB1*04:04,9,1,13,13,FDVYGDPKQ,HCFDVYGDPKQWA,7735.73,53.0
12,HLA-DRB1*04:04,15,1,13,13,VEWLRRYLE,GTCVEWLRRYLEN,7970.91,54.0
13,HLA-DRB1*04:04,12,1,13,13,LQGVTGGNT,VTLQGVTGGNTYA,8517.41,57.0
14,HLA-DRB1*04:04,13,1,13,13,EAGASATLS,VQAEAGASATLSC,14472.96,79.0
15,HLA-DRB1*04:04,14,1,13,13,RGKMRVHKI,AKPERGKMRVHKI,16107.75,83.0
16,HLA-DRB1*04:04,5,1,13,13,QRSSHSSSS,SQRSSHSSSSGNG,23027.49,95.0
17,HLA-DRB1*04:04,18,1,13,13,LPPEGTLAR,PALPPEGTLARSP,23403.25,96.0
0,HLA-DRB1*04:05,4,1,13,13,LTNRSVSLL,AAALTNRSVSLLE,6018.19,43.0
1,HLA-DRB1*04:05,3,1,13,13,EATLRCWAL,DHEATLRCWALSF,6112.56,44.0
2,HLA-DRB1*04:05,1,1,13,13,YLQDSDPDS,SYLQDSDPDSFQD,7359.74,51.0
3,HLA-DRB1*04:05,6,1,13,13,LLSQQMKPG,INLLSQQMKPGMK,8733.64,59.0
4,HLA-DRB1*04:05,5,1,13,13,GRGEPRFIA,RPGRGEPRFIAVG,19796.69,91.0
5,HLA-DRB1*04:05,2,1,13,13,PSGGRSLGE,PPSGGRSLGEEGP,32069.79,100.0
0,HLA-DRB1*15:01,24,1,20,20,LLIYGASSR,KRGQAPRLLIYGASSRATGI,34.61,1.1
1,HLA-DRB1*15:01,7,1,20,20,FIMFTSAGS,WVSLWKGFSFIMFTSAGSEG,98.58,6.0
2,HLA-DRB1*15:01,6,1,20,20,VSLWKGFSF,AIPPCPQDWVSLWKGFSFIM,100.83,6.2
3,HLA-DRB1*15:01,3,1,20,20,YSYWLSTPA,VCNFASRNDYSYWLSTPALM,116.95,7.7
4,HLA-DRB1*15:01,20,1,20,20,LRAGANPAA,DVLELLLRAGANPAARMYGG,118.81,7.9
5,HLA-DRB1*15:01,14,1,20,20,LHTLRPRLL,PPSSLLHTLRPRLLSAEITL,123.01,8.2
6,HLA-DRB1*15:01,50,1,20,20,LQKLNSVHA,DLTMLQKLNSVHANNKAFLQ,129.68,8.9
7,HLA-DRB1*15:01,9,1,20,20,IFTRHSQTT,ATGTRMRGFIFTRHSQTTAI,139.84,9.7
8,HLA-DRB1*15:01,21,1,20,20,ILLWFALPP,MPILLWFALPPPSMWLWGFL,150.99,11.0
9,HLA-DRB1*15:01,4,1,20,20,LEPYISRCT,APISGRALEPYISRCTVCEG,178.81,14.0
10,HLA-DRB1*15:01,26,1,20,20,MLAAQERRV,AFLMAQGAMLAAQERRVPRA,185.31,14.0
11,HLA-DRB1*15:01,43,1,20,20,FLMLTERKI,VPILIAMAFLMLTERKILGY,187.57,14.0
12,HLA-DRB1*15:01,22,1,20,20,INGYRIVYN,RLTWDPTSRQINGYRIVYNN,192.5,15.0
13,HLA-DRB1*15:01,52,1,20,20,IGGFGNWLV,IMIGGFGNWLVPLMIGAPDM,193.58,15.0
14,HLA-DRB1*15:01,46,1,20,20,LSNFTLPHL,WTVLSNFTLPHLRSGNRLRR,204.55,16.0
15,HLA-DRB1*15:01,30,1,20,20,NVVYRDLKL,ALDYLHSEKNVVYRDLKLEN,233.41,18.0
16,HLA-DRB1*15:01,54,1,20,20,IVAVPAAVD,MPALIVAVPAAVDYRSYGTD,301.38,24.0
17,HLA-DRB1*15:01,29,1,20,20,LLHLRSEHG,LIKERAAHPLLHLRSEHGAQ,331.5,26.0
18,HLA-DRB1*15:01,36,1,20,20,VTIAQGGVL,EELNKLLGKVTIAQGGVLPN,356.41,28.0
19,HLA-DRB1*15:01,8,1,20,20,LNPERMFRK,SFWLASLNPERMFRKPIPST,412.08,31.0
20,HLA-DRB1*15:01,2,1,20,20,VCNFASRND,FLFCNINNVCNFASRNDYSY,461.66,34.0
21,HLA-DRB1*15:01,15,1,20,20,LAALRERLR,EIREAHLAALRERLREKELH,500.02,37.0
22,HLA-DRB1*15:01,13,1,20,20,VQSLQAMES,KTLAYCIPVVQSLQAMESKI,513.36,37.0
23,HLA-DRB1*15:01,23,1,20,20,IQRMYGCDL,QSEAGSHIIQRMYGCDLGPD,570.86,40.0
24,HLA-DRB1*15:01,19,1,20,20,IHDEPTYAR,FPIIIHDEPTYARSSKNAIK,673.4,45.0
25,HLA-DRB1*15:01,25,1,20,20,LVAAVTYLN,RKHERILSEELVAAVTYLNQ,736.97,47.0
26,HLA-DRB1*15:01,32,1,20,20,LSKQTRTTL,RGKLSKQTRTTLGALVTIDV,768.79,48.0
27,HLA-DRB1*15:01,49,1,20,20,LAMLDLLHV,TRPRPSQPSSLAMLDLLHVA,938.26,54.0
28,HLA-DRB1*15:01,37,1,20,20,LVNATTEYA,VLQLVNATTEYAEFLHCKGK,964.46,54.0
29,HLA-DRB1*15:01,42,1,20,20,ITLLNLYFY,IIPTIMATITLLNLYFYLRL,973.0,55.0
30,HLA-DRB1*15:01,35,1,20,20,ACAYVNLNI,PGPACAYVNLNICANGSEQG,990.87,55.0
31,HLA-DRB1*15:01,53,1,20,20,KKGFLDQAS,MYTYDEYKKGFLDQASGSAV,1304.29,63.0
32,HLA-DRB1*15:01,40,1,20,20,YEEKSNLMF,AHWHINGKYEEKSNLMFWAK,1340.91,63.0
33,HLA-DRB1*15:01,51,1,20,20,LQRMSGCDL,QSEDGSHTLQRMSGCDLGPD,1355.32,64.0
34,HLA-DRB1*15:01,33,1,20,20,VVGFDLDHT,AACDVVGFDLDHTLCRYNLP,1504.66,66.0
35,HLA-DRB1*15:01,1,1,20,20,FTRHSQTTA,FIFTRHSQTTAIPSCPEGTQ,1505.95,66.0
36,HLA-DRB1*15:01,41,1,20,20,MAAYGQTQF,ILPTPSSQTMAAYGQTQFTT,1525.0,66.0
37,HLA-DRB1*15:01,38,1,20,20,LALDVDRTK,LEEQYLGLALDVDRTKKDQE,1625.56,68.0
38,HLA-DRB1*15:01,34,1,20,20,LSASREQEA,EILSLSASREQEAAHKQLMS,1782.69,70.0
39,HLA-DRB1*15:01,28,1,20,20,YLQQNTHTL,NVPYLQQNTHTLPHNHTDLN,1842.18,71.0
40,HLA-DRB1*15:01,31,1,20,20,TRARASCWR,APSLTTPTRARASCWRGRSR,2096.66,74.0
41,HLA-DRB1*15:01,27,1,20,20,LPMEKAIET,DCKASLQLPMEKAIETALDC,2261.09,75.0
42,HLA-DRB1*15:01,17,1,20,20,YHTFEEPVY,NLEWLYGCPPPYHTFEEPVY,2505.65,78.0
43,HLA-DRB1*15:01,47,1,20,20,LSSLLAEGR,AMLSSLLAEGRDSPEDFVFQ,3049.54,81.0
44,HLA-DRB1*15:01,44,1,20,20,ITQRKWEAA,TAADTAAQITQRKWEAAPEA,3180.91,82.0
45,HLA-DRB1*15:01,5,1,20,20,ISRCTVCEG,EPYISRCTVCEGPAMAIAVH,3208.56,82.0
46,HLA-DRB1*15:01,39,1,20,20,AGIISSGPI,NVTGKPGSAGIISSGPITTP,3211.58,82.0
47,HLA-DRB1*15:01,10,1,20,20,PEDKLAQSV,LVVLDLPDLPEDKLAQSVQK,4856.66,89.0
48,HLA-DRB1*15:01,16,1,20,20,VYTCQVEHT,MTPQQGDVYTCQVEHTSLDS,5882.8,92.0
49,HLA-DRB1*15:01,18,1,20,20,KAEWSDSAQ,GSYSKAEWSDSAQGSESHSL,10414.61,97.0
50,HLA-DRB1*15:01,11,1,20,20,PRGEPRAPW,DSDAASPRGEPRAPWVEQEG,15757.3,99.0
51,HLA-DRB1*15:01,48,1,20,20,ICSDRPPEN,DTTICSDRPPENEKKVEEDI,17512.32,100.0
52,HLA-DRB1*15:01,12,1,20,20,QGEEESLPS,GSQQEQGEEESLPSSVPELQ,17730.63,100.0
53,HLA-DRB1*15:01,45,1,20,20,QKANPDGKK,IAAEQKANPDGKKKGDGGGA,17757.7,100.0
0,HLA-DRB1*15:01,2,1,13,13,VKFYFNKRL,SNQVKFYFNKRLN,85.78,0.14
1,HLA-DRB1*15:01,8,1,13,13,LSPYATLTV,TKHLSPYATLTVG,330.88,1.2
2,HLA-DRB1*15:01,3,1,13,13,YEKYSGVFL,KYEKYSGVFLGRA,793.28,4.1
3,HLA-DRB1*15:01,18,1,13,13,ISTWLAWYQ,QSISTWLAWYQQK,1148.56,6.6
4,HLA-DRB1*15:01,13,1,13,13,FLYSEAWNI,YGSFLYSEAWNIG,1198.4,6.8
5,HLA-DRB1*15:01,11,1,13,13,VLYYFGMAS,LVFLVLYYFGMAS,1750.45,11.0
6,HLA-DRB1*15:01,17,1,13,13,YYMSKSLLK,LDRPYYMSKSLLK,1839.57,11.0
7,HLA-DRB1*15:01,12,1,13,13,FYNSLIWIR,TEFYNSLIWIRDN,2561.43,16.0
8,HLA-DRB1*15:01,4,1,13,13,IIEIRLDAY,LLNNIIEIRLDAY,3239.75,20.0
9,HLA-DRB1*15:01,9,1,13,13,FLGLFSLLV,AFLGLFSLLVLQS,3522.29,22.0
10,HLA-DRB1*15:01,1,1,13,13,IVMLTPLVE,VIVMLTPLVEDGV,3560.53,22.0
11,HLA-DRB1*15:01,16,1,13,13,PLQHHNLLV,KTQPLQHHNLLVC,4089.73,25.0
12,HLA-DRB1*15:01,15,1,13,13,QTFLLDPYI,PRPQTFLLDPYIA,6925.17,40.0
13,HLA-DRB1*15:01,10,1,13,13,CKNRLIQMA,TESCKNRLIQMAY,8480.82,48.0
14,HLA-DRB1*15:01,5,1,13,13,DIPLLDNVI,RGLDIPLLDNVIN,13135.46,66.0
15,HLA-DRB1*15:01,6,1,13,13,QKLVTCTGY,PGSQKLVTCTGYH,18803.94,82.0
16,HLA-DRB1*15:01,14,1,13,13,DQSQTARDL,VRDCDQSQTARDL,25642.7,95.0
17,HLA-DRB1*15:01,7,1,13,13,SASAGELSS,GSASAGELSSSEP,32286.69,100.0
0,HLA-DRB1*15:01,2,1,19,19,ILLYYTAKA,SDMADLPGNILLYYTAKAC,36.78,0.37
1,HLA-DRB1*15:01,6,1,19,19,IIQMTDVLM,EGILEVNIIQMTDVLMPVP,538.72,21.0
2,HLA-DRB1*15:01,5,1,19,19,FVEKGLQKV,DGRSFVEKGLQKVGYAVVS,1051.54,36.0
3,HLA-DRB1*15:01,1,1,19,19,RFSWGAEGQ,LSRFSWGAEGQRPGFGYGG,7927.56,87.0
4,HLA-DRB1*15:01,4,1,19,19,VASNCVPAQ,STEDVASNCVPAQSLSEPI,9775.94,91.0
5,HLA-DRB1*15:01,3,1,19,19,PEYWDRETQ,WIEQEGPEYWDRETQISKT,11266.17,93.0
0,HLA-DRB1*15:01,1,1,15,15,VHFFKNIVT,ENPVVHFFKNIVTPR,10.33,0.07
1,HLA-DRB1*15:01,2,1,15,15,VHYFKNIVT,ENPVVHYFKNIVTPR,11.09,0.08
2,HLA-DRB1*15:01,3,1,15,15,LRAVESYLL,ETLLRAVESYLLAHS,11.57,0.11
3,HLA-DRB1*15:01,40,1,15,15,VRCYESLIL,AVRCYESLILKAEGK,44.99,2.0
4,HLA-DRB1*15:01,21,1,15,15,LYWLLAADL,PLSQSLYWLLAADLL,242.59,16.0
5,HLA-DRB1*15:01,18,1,15,15,LCLSLSALG,GGSGLCLSLSALGNV,256.67,17.0
6,HLA-DRB1*15:01,27,1,15,15,MLQAASHYR,LKDMLQAASHYRQNR,331.72,21.0
7,HLA-DRB1*15:01,11,1,15,15,LSTQVVLRR,KPMSLSTQVVLRRKP,334.13,21.0
8,HLA-DRB1*15:01,23,1,15,15,QFLICSICL,IDKQFLICSICLERY,339.62,21.0
9,HLA-DRB1*15:01,37,1,15,15,VGIIVGTVL,GLVGIIVGTVLIIKS,355.28,22.0
10,HLA-DRB1*15:01,31,1,15,15,FILHSNSWD,AWFILHSNSWDPQQM,357.51,22.0
11,HLA-DRB1*15:01,22,1,15,15,WLLTTAKNL,TLINEQWLLTTAKNL,427.98,25.0
12,HLA-DRB1*15:01,7,1,15,15,LSVSPGERV,QSPAILSVSPGERVS,584.69,31.0
13,HLA-DRB1*15:01,33,1,15,15,LSSTINNQA,KVLSSTINNQAVETD,681.26,34.0
14,HLA-DRB1*15:01,34,1,15,15,FHSGHARAL,LFHSGHARALMQAKN,693.71,35.0
15,HLA-DRB1*15:01,32,1,15,15,AIGHGRLLK,IKRAIGHGRLLKDGP,762.43,37.0
16,HLA-DRB1*15:01,10,1,15,15,ISKASNTPK,ALISKASNTPKLLTI,862.89,39.0
17,HLA-DRB1*15:01,9,1,15,15,YQICFDLYE,LLMAYQICFDLYESA,915.92,40.0
18,HLA-DRB1*15:01,26,1,15,15,PAKYKDANI,NLMANRPAKYKDANI,1038.32,43.0
19,HLA-DRB1*15:01,8,1,15,15,MEIVQTMNS,VVLNQGMEIVQTMNS,1538.61,53.0
20,HLA-DRB1*15:01,20,1,15,15,VLPTTKLGS,VQVLPTTKLGSEESC,1638.2,54.0
21,HLA-DRB1*15:01,14,1,15,15,MLDLVKPAV,LCQMLDLVKPAVDGK,1698.82,55.0
22,HLA-DRB1*15:01,5,1,15,15,LRGFPGDRG,KDGPPGLRGFPGDRG,2295.82,61.0
23,HLA-DRB1*15:01,30,1,15,15,SSALCSLGY,GLGSTRSSALCSLGY,2306.63,62.0
24,HLA-DRB1*15:01,28,1,15,15,LDICANGRC,YQGLDICANGRCQKV,2323.76,62.0
25,HLA-DRB1*15:01,15,1,15,15,VNSVEEKIL,RLCTVNSVEEKILAA,3020.32,68.0
26,HLA-DRB1*15:01,12,1,15,15,TAVYYCARC,LRSEDTAVYYCARCP,3283.9,69.0
27,HLA-DRB1*15:01,19,1,15,15,CERASGHLW,SFCHCERASGHLWSS,3596.5,71.0
28,HLA-DRB1*15:01,41,1,15,15,MNQIYGFEG,ETDNMNQIYGFEGEV,4058.08,74.0
29,HLA-DRB1*15:01,29,1,15,15,PRSETIWRK,YCQNKPRSETIWRKY,4468.82,76.0
30,HLA-DRB1*15:01,35,1,15,15,IENILDNDP,KGTIENILDNDPRDL,5757.93,81.0
31,HLA-DRB1*15:01,25,1,15,15,AELIKTHHN,VASGKAELIKTHHND,5972.27,82.0
32,HLA-DRB1*15:01,42,1,15,15,NTMVGNNEG,GSYNTMVGNNEGSMV,6330.78,83.0
33,HLA-DRB1*15:01,36,1,15,15,PQMRGPRPR,KNLPQMRGPRPRPAG,6479.71,83.0
34,HLA-DRB1*15:01,17,1,15,15,VEKMPDGSV,FDTQHRVEKMPDGSV,7091.76,85.0
35,HLA-DRB1*15:01,38,1,15,15,GSGYVSSQQ,SSGGSGSGYVSSQQV,8565.29,88.0
36,HLA-DRB1*15:01,13,1,15,15,YEMLKEEQE,QPPNYEMLKEEQEVA,10298.74,92.0
37,HLA-DRB1*15:01,4,1,15,15,PGPVGEQGL,LRGIPGPVGEQGLPG,11120.71,93.0
38,HLA-DRB1*15:01,16,1,15,15,VANNTNEEA,VQDVANNTNEEAGDG,11896.82,93.0
39,HLA-DRB1*15:01,24,1,15,15,MKEGENNKP,KKMKEGENNKPREKS,12260.1,94.0
40,HLA-DRB1*15:01,39,1,15,15,PKFEEDVLS,WNYECPKFEEDVLSS,12779.38,94.0
41,HLA-DRB1*15:01,6,1,15,15,SEDIADYYC,NTVESEDIADYYCQQ,13360.06,95.0
0,HLA-DRB1*15:01,12,1,18,18,FVKFDGQAV,SKFNFVKFDGQAVAWREQ,162.47,1.3
1,HLA-DRB1*15:01,15,1,18,18,ISSIHSLWQ,KVLKAISSIHSLWQVPYF,257.11,2.4
2,HLA-DRB1*15:01,5,1,18,18,VVVHPLVLL,PELAVQKVVVHPLVLLSV,450.96,5.2
3,HLA-DRB1*15:01,23,1,18,18,LRHWVSKHA,NVLRHWVSKHAQDFELNN,587.13,7.1
4,HLA-DRB1*15:01,18,1,18,18,FTHYDASLE,LLFYFFTHYDASLEDQKG,858.07,12.0
5,HLA-DRB1*15:01,13,1,18,18,IFMINLKRR,FDEIFMINLKRRKDRRDR,1323.07,19.0
6,HLA-DRB1*15:01,8,1,18,18,MQQFYGINM,AMQQFYGINMTGKVDRNT,1529.69,21.0
7,HLA-DRB1*15:01,2,1,18,18,LIFCRSKKK,VIKGGRHLIFCRSKKKCD,1716.71,24.0
8,HLA-DRB1*15:01,6,1,18,18,IALSAGVSL,ICHRGTGIALSAGVSLFG,2027.26,28.0
9,HLA-DRB1*15:01,21,1,18,18,LTSLIPPIL,HTTMTTLTLTSLIPPILT,2187.43,29.0
10,HLA-DRB1*15:01,1,1,18,18,LIFCHSKKK,VIKGGRHLIFCHSKKKCD,2253.57,30.0
11,HLA-DRB1*15:01,4,1,18,18,LIFCHSEKK,VIKGGRHLIFCHSEKKCD,2727.06,35.0
12,HLA-DRB1*15:01,3,1,18,18,IFCHPKKKC,VIKGGRHLIFCHPKKKCD,3083.78,39.0
13,HLA-DRB1*15:01,10,1,18,18,VSSLADVYA,HTLCLPVVSSLADVYAGV,3423.36,43.0
14,HLA-DRB1*15:01,20,1,18,18,VLTSLGDAI,KAHGKKVLTSLGDAIKHL,3431.33,43.0
15,HLA-DRB1*15:01,22,1,18,18,IDINDNAPE,QIYLIDINDNAPELLPKE,4710.86,53.0
16,HLA-DRB1*15:01,11,1,18,18,FKDSSLASV,EEAKFKDSSLASVVVGVI,4821.78,54.0
17,HLA-DRB1*15:01,16,1,18,18,VLLVCGWIC,IVVLPLSLVLLVCGWICG,5023.78,55.0
18,HLA-DRB1*15:01,9,1,18,18,GVPYRVLEH,EHGSRSASGVPYRVLEHT,7272.43,68.0
19,HLA-DRB1*15:01,7,1,18,18,AVNDTILAV,CADTAVNDTILAVLVAFL,7898.36,71.0
20,HLA-DRB1*15:01,24,1,18,18,LSILEEQQR,IQNTNSLSILEEQQRQQQ,8507.74,73.0
21,HLA-DRB1*15:01,19,1,18,18,VSTLPQSPA,TAPAQVSTLPQSPAALSS,12106.14,85.0
22,HLA-DRB1*15:01,17,1,18,18,DVCKSTHHG,KRCRRKDVCKSTHHGCEH,15036.59,91.0
23,HLA-DRB1*15:01,14,1,18,18,LERADPPKT,NGKDKLERADPPKTHVTH,16026.91,92.0
0,HLA-DRB1*11:01,2,1,15,15,FTSQYRIQG,EHPTFTSQYRIQGKL,26.11,0.91
1,HLA-DRB1*11:01,7,1,15,15,FLHICTHAF,AFLHICTHAFFKAML,148.46,8.3
2,HLA-DRB1*11:01,6,1,15,15,FIKQNNPKF,YYSFIKQNNPKFSAV,162.75,9.2
3,HLA-DRB1*11:01,5,1,15,15,LIYTHNTLG,LIALIYTHNTLGSLN,249.34,14.0
4,HLA-DRB1*11:01,10,1,15,15,IVLRDSLHQ,ILSIVLRDSLHQPQY,304.78,16.0
5,HLA-DRB1*11:01,1,1,15,15,VYYCSRNYY,EDTGVYYCSRNYYGS,315.22,17.0
6,HLA-DRB1*11:01,9,1,15,15,FQKSPKQGR,TFQKSPKQGRKAVQK,632.06,26.0
7,HLA-DRB1*11:01,8,1,15,15,YSLTELNMA,STRYSLTELNMAGCN,1007.26,35.0
8,HLA-DRB1*11:01,12,1,15,15,EASKKAWVS,KREASKKAWVSVTNN,1573.49,45.0
9,HLA-DRB1*11:01,4,1,15,15,IVAGLAVLA,GIVAGLAVLAVLAVL,3049.44,61.0
10,HLA-DRB1*11:01,3,1,15,15,LRAEDTAVY,MNSLRAEDTAVYYCA,5236.46,74.0
11,HLA-DRB1*11:01,11,1,15,15,YNQSEDGSH,GYYNQSEDGSHTLQR,13844.21,94.0
0,HLA-DRB1*11:01,1,1,20,20,LVLNPSVAA,QGYKVLVLNPSVAATLGFGA,71.71,4.0
1,HLA-DRB1*11:01,7,1,20,20,VEAAQKANA,VPFEMVVEAAQKANAHGFIM,356.11,22.0
2,HLA-DRB1*11:01,2,1,20,20,YLVAYQATV,KQSGENLPYLVAYQATVCAR,1144.43,46.0
3,HLA-DRB1*11:01,9,1,20,20,FFNNVGGNL,SQTSSRACNFFNNVGGNLKG,1841.05,59.0
4,HLA-DRB1*11:01,10,1,20,20,IVGIVAGLA,VPIVGIVAGLAVLAVVVIGA,2510.59,68.0
5,HLA-DRB1*11:01,8,1,20,20,IWSVGATGD,FSLIWSVGATGDSSGRTSFS,2825.09,71.0
6,HLA-DRB1*11:01,11,1,20,20,FENAESEAD,AEFENAESEADFSIHFNRFN,2994.03,73.0
7,HLA-DRB1*11:01,4,1,20,20,YARFDSDVG,NQEEYARFDSDVGEYRAVRE,3126.62,74.0
8,HLA-DRB1*11:01,3,1,20,20,KVAEQTFIK,EVQKKVAEQTFIKDDYLETI,3164.4,74.0
9,HLA-DRB1*11:01,5,1,20,20,FITVGYVDD,GEPRFITVGYVDDTQFVRFD,3373.9,76.0
10,HLA-DRB1*11:01,6,1,20,20,VKPTQTLTL,LKESGPTLVKPTQTLTLTCT,3813.76,79.0
11,HLA-DRB1*11:01,12,1,20,20,AKATEAGKR,KPRASGPPAKATEAGKRKSS,7291.81,92.0
0,HLA-DRB1*01:01,29,1,20,20,YLVERARDA,GRLRARRRYLVERARDARVV,7.81,0.42
1,HLA-DRB1*01:01,9,1,20,20,LKYMKSKNI,LYLCEFCLKYMKSKNILLRH,15.25,2.2
2,HLA-DRB1*01:01,28,1,20,20,LFSALGQSS,LGLKKLFSALGQSSRPKLGK,23.43,4.4
3,HLA-DRB1*01:01,16,1,20,20,YFKINGFPI,IKGSPGLSFYFKINGFPIFL,24.37,4.7
4,HLA-DRB1*01:01,5,1,20,20,YAVFEAALT,VAAAPQVKYAVFEAALTKAI,29.44,6.0
5,HLA-DRB1*01:01,6,1,20,20,VSCLRIPAV,NLFSLVQVSCLRIPAVRTVL,43.29,9.6
6,HLA-DRB1*01:01,4,1,20,20,LASLNPERM,SFWLASLNPERMFRKPIPST,45.86,11.0
7,HLA-DRB1*01:01,25,1,20,20,LRRVAGTPC,EMEEWVKFLRRVAGTPCGVF,47.52,11.0
8,HLA-DRB1*01:01,22,1,20,20,VTLLLGLLL,GSPWQWVTLLLGLLLPPAAP,73.96,18.0
9,HLA-DRB1*01:01,7,1,20,20,LTGALSALL,PWPLTGALSALLMTSGLAMW,75.0,18.0
10,HLA-DRB1*01:01,27,1,20,20,LFLALAVLV,VHWSRRPLFLALAVLVTTVL,89.12,21.0
11,HLA-DRB1*01:01,10,1,20,20,LVLLVGNYM,NRLLELVLLVGNYMNSGSRN,149.72,33.0
12,HLA-DRB1*01:01,11,1,20,20,VARQALHDV,QVIRVARQALHDVPRHLPAL,227.43,44.0
13,HLA-DRB1*01:01,18,1,20,20,VESLPGGHV,AVESLPGGHVRGVAPQIPGE,244.14,46.0
14,HLA-DRB1*01:01,15,1,20,20,YYNQSEAGS,RVDLGTLRGYYNQSEAGSHT,254.4,46.0
15,HLA-DRB1*01:01,8,1,20,20,FLSRNKQLY,QVVDFLSRNKQLYQKTEILS,297.17,51.0
16,HLA-DRB1*01:01,1,1,20,20,HSQTTAIPS,FIFTRHSQTTAIPSCPEGTQ,328.14,53.0
17,HLA-DRB1*01:01,3,1,20,20,ISRCTVCEG,EPYISRCTVCEGPAMAIAVH,336.23,54.0
18,HLA-DRB1*01:01,21,1,20,20,YQYNTDVVF,PPDGRYQYNTDVVFDSQGKL,461.45,62.0
19,HLA-DRB1*01:01,2,1,20,20,LEPYISRCT,APISGRALEPYISRCTVCEG,496.12,64.0
20,HLA-DRB1*01:01,12,1,20,20,FVVREDLMG,AAFHEEFVVREDLMGLAIGT,496.62,64.0
21,HLA-DRB1*01:01,19,1,20,20,YECEIQNPV,GPYECEIQNPVSANRSDPVT,554.44,67.0
22,HLA-DRB1*01:01,23,1,20,20,FTSTSRSKS,ATARSTESFTSTSRSKSEVS,589.85,68.0
23,HLA-DRB1*01:01,14,1,20,20,WEAAREAEQ,ITQRKWEAAREAEQLRAYLE,692.59,72.0
24,HLA-DRB1*01:01,13,1,20,20,TRPISPKEI,LLREQSRTRPISPKEIERMV,1121.76,81.0
25,HLA-DRB1*01:01,26,1,20,20,NDMGGSQRV,QVCKNDMGGSQRVLEKQWTS,1428.91,86.0
26,HLA-DRB1*01:01,20,1,20,20,ISSSSSSRG,GGISSSSSSRGGSAKGWQYS,1437.1,86.0
27,HLA-DRB1*01:01,17,1,20,20,PKAVSLMTA,CSCIPSTLPDPKAVSLMTAK,1463.67,86.0
28,HLA-DRB1*01:01,24,1,20,20,WTADHLKER,SFPVWTADHLKERSQENQSK,2006.64,90.0
29,HLA-DRB1*01:01,30,1,20,20,ISPRSPQHG,RVPQHRDQISPRSPQHGGQI,4220.08,96.0
0,HLA-DRB1*01:01,1,1,16,16,IAPEYAYKI,SNGNFIAPEYAYKIVK,73.02,8.7
1,HLA-DRB1*01:01,3,1,16,16,NERARLYFL,ICKSPNERARLYFLLA,769.71,48.0
2,HLA-DRB1*01:01,4,1,16,16,VGEQVPSEV,KYVGEQVPSEVHSQTW,3567.28,83.0
3,HLA-DRB1*01:01,2,1,16,16,ICTDPISKQ,QEVPICTDPISKQEDS,7994.05,95.0
4,HLA-DRB1*01:01,5,1,16,16,QLPEEWENN,PHESQLPEEWENNRES,15763.1,100.0
5,HLA-DRB1*01:01,6,1,16,16,CDPDKDHPG,NSGPPDCDPDKDHPGS,31050.91,100.0
0,HLA-DRB1*01:01,2,1,14,14,FMKLGGSGS,ITKYFMKLGGSGSP,39.79,2.3
1,HLA-DRB1*01:01,6,1,14,14,WRFLRGYHQ,DVGSDWRFLRGYHQ,111.92,7.0
2,HLA-DRB1*01:01,8,1,14,14,WTAADTAAQ,DLRSWTAADTAAQI,327.72,18.0
3,HLA-DRB1*01:01,1,1,14,14,YGKIDTIEI,FEEYGKIDTIEIIT,338.65,18.0
4,HLA-DRB1*01:01,4,1,14,14,LRAKLGLKP,ETNKLRAKLGLKPL,797.6,33.0
5,HLA-DRB1*01:01,11,1,14,14,FTDNAVAFD,IKAFTDNAVAFDTG,1665.51,50.0
6,HLA-DRB1*01:01,5,1,14,14,IGRGRYGAV,ELIGRGRYGAVYKG,2575.77,62.0
7,HLA-DRB1*01:01,7,1,14,14,QVPAPLLPS,RQVPAPLLPSCDAT,4750.43,78.0
8,HLA-DRB1*01:01,9,1,14,14,VAEQQRAYL,EAAHVAEQQRAYLE,4753.56,78.0
9,HLA-DRB1*01:01,12,1,14,14,VEWLRRYLE,GECVEWLRRYLENG,5080.96,79.0
10,HLA-DRB1*01:01,3,1,14,14,STQDKPNQQ,IASTQDKPNQQDIV,17660.17,99.0
11,HLA-DRB1*01:01,10,1,14,14,ISDDEAEEE,EISDDEAEEEKGEK,23561.79,100.0
0,HLA-DRB1*01:01,1,1,19,19,CNQMHASYL,GLMQNCNQMHASYLFQQDK,128.99,16.0
1,HLA-DRB1*01:01,5,1,19,19,YITKASSMR,IRDYITKASSMREDLVEKN,381.58,39.0
2,HLA-DRB1*01:01,6,1,19,19,FISVGYVDD,GEPRFISVGYVDDTQFVRF,998.8,62.0
3,HLA-DRB1*01:01,3,1,19,19,FIGPTPCPS,KRIFIGPTPCPSCGSSPSE,1627.11,74.0
4,HLA-DRB1*01:01,2,1,19,19,VDQELFNEY,EEAQAVDQELFNEYQFSVD,5250.75,93.0
5,HLA-DRB1*01:01,4,1,19,19,PAAGCPAPC,LLAPPSRPAAGCPAPCSCA,7184.99,96.0
0,HLA-DRB1*01:01,1,1,13,13,YVKQNTLKL,PKYVKQNTLKLAT,61.86,0.88
1,HLA-DRB1*01:01,4,1,13,13,EQRIGPLAF,SCAEQRIGPLAFL,4618.8,50.0
2,HLA-DRB1*01:01,2,1,13,13,GRLLRGYDQ,PDGRLLRGYDQSA,5209.44,54.0
3,HLA-DRB1*01:01,5,1,13,13,PRFISVGYV,GRGEPRFISVGYV,5236.23,54.0
4,HLA-DRB1*01:01,3,1,13,13,ESPVRILNL,LDPESPVRILNLR,7560.47,68.0
5,HLA-DRB1*01:01,6,1,13,13,QTGVDTSKT,GTIQTGVDTSKTV,11911.5,83.0
0,HLA-DRB1*01:01,6,1,15,15,YASLRSLVA,VPDYASLRSLVASSG,3.48,0.04
1,HLA-DRB1*01:01,32,1,15,15,FYTSVSRPG,MRYFYTSVSRPGRGE,9.03,1.6
2,HLA-DRB1*01:01,8,1,15,15,VRHLAGEVA,EYVRHLAGEVAKEWQ,9.98,1.9
3,HLA-DRB1*01:01,4,1,15,15,IVRMYSPTS,LNKIVRMYSPTSILD,10.7,2.1
4,HLA-DRB1*01:01,1,1,15,15,YVLEGTLTA,VLKSYVLEGTLTAEK,11.84,2.5
5,HLA-DRB1*01:01,5,1,15,15,LTQSPAILS,DILLTQSPAILSVSP,19.65,5.4
6,HLA-DRB1*01:01,21,1,15,15,YRRTALLRA,DYMYRRTALLRAHQS,19.78,5.5
7,HLA-DRB1*01:01,17,1,15,15,VVVVHGRRT,SAADVVVVHGRRTAI,22.54,6.3
8,HLA-DRB1*01:01,29,1,15,15,LCRVQPITS,TLPLCRVQPITSSHL,51.72,15.0
9,HLA-DRB1*01:01,36,1,15,15,LRPLLSLQW,DPDALRPLLSLQWKN,65.16,18.0
10,HLA-DRB1*01:01,33,1,15,15,LYLVNGLHP,GVGDTLYLVNGLHPL,73.06,20.0
11,HLA-DRB1*01:01,34,1,15,15,VSALQQQLL,DPAVSALQQQLLLMV,75.64,21.0
12,HLA-DRB1*01:01,23,1,15,15,MKWSAAVLW,LHGSNMKWSAAVLWA,99.78,25.0
13,HLA-DRB1*01:01,18,1,15,15,YRGQWGTVC,IFYRGQWGTVCDNLW,140.57,31.0
14,HLA-DRB1*01:01,7,1,15,15,VTAPRTVLL,RVTAPRTVLLLLWGA,165.4,35.0
15,HLA-DRB1*01:01,20,1,15,15,VERMGAKGL,AAEVEVERMGAKGLQ,166.99,35.0
16,HLA-DRB1*01:01,14,1,15,15,SKFPVTRLL,ANSKFPVTRLLDTRL,190.66,38.0
17,HLA-DRB1*01:01,2,1,15,15,YRPPNAPIL,PPAYRPPNAPILSTL,370.26,51.0
18,HLA-DRB1*01:01,9,1,15,15,INCKSSQSV,GERATINCKSSQSVL,403.66,53.0
19,HLA-DRB1*01:01,12,1,15,15,TLLLFAAPF,SPLLLWTLLLFAAPF,453.38,56.0
20,HLA-DRB1*01:01,13,1,15,15,IPSYDTHKI,LDQIPSYDTHKIAVL,458.09,56.0
21,HLA-DRB1*01:01,28,1,15,15,HEMQQPLVV,ERFIEPHEMQQPLVV,556.99,60.0
22,HLA-DRB1*01:01,30,1,15,15,ERATLSCRA,LSPGERATLSCRASQ,681.32,64.0
23,HLA-DRB1*01:01,24,1,15,15,HKSFATHKL,DSEKPSHKSFATHKL,728.23,66.0
24,HLA-DRB1*01:01,16,1,15,15,LSPQGVSKT,GDGGELSPQGVSKTL,1073.23,73.0
25,HLA-DRB1*01:01,10,1,15,15,LHTREVSKN,SIGLHTREVSKNYEQ,1084.35,73.0
26,HLA-DRB1*01:01,15,1,15,15,PSQELPSSV,VLHRPSQELPSSVQV,1311.59,77.0
27,HLA-DRB1*01:01,26,1,15,15,ITPVDAVIE,TEITPVDAVIELAND,1541.69,79.0
28,HLA-DRB1*01:01,3,1,15,15,PVGEQGLPG,LRGIPGPVGEQGLPG,2207.59,85.0
29,HLA-DRB1*01:01,35,1,15,15,KTHVTHHPL,EPPKTHVTHHPLSDH,2652.5,87.0
30,HLA-DRB1*01:01,31,1,15,15,MDDSSVTEH,VKAMDDSSVTEHQKV,3090.66,89.0
31,HLA-DRB1*01:01,25,1,15,15,IMPDNNGSS,LIMPDNNGSSMDDWE,4274.22,92.0
32,HLA-DRB1*01:01,19,1,15,15,ISDTFDPYL,CHGISDTFDPYLDIA,5514.46,95.0
33,HLA-DRB1*01:01,27,1,15,15,LPPESSMES,EAPALPPESSMESLT,7135.48,97.0
34,HLA-DRB1*01:01,11,1,15,15,QGNQEPTTT,ARDSQGNQEPTTTPD,15354.55,100.0
35,HLA-DRB1*01:01,22,1,15,15,EQSEEDGKR,GSESEQSEEDGKRKT,21083.85,100.0
0,HLA-DRB1*04:01,1,1,14,14,YGKIDTIEI,FEEYGKIDTIEIIT,808.13,12.0
1,HLA-DRB1*04:01,5,1,14,14,PLLARLLKT,AGGIPLLARLLKTS,3123.48,42.0
2,HLA-DRB1*04:01,6,1,14,14,LGLSLGSNS,SGSSLGLSLGSNST,3598.72,48.0
3,HLA-DRB1*04:01,3,1,14,14,IPRQDCNTS,PFYIPRQDCNTSLV,4355.78,55.0
4,HLA-DRB1*04:01,4,1,14,14,VAEQLRAYL,AARVAEQLRAYLEG,5768.22,66.0
5,HLA-DRB1*04:01,2,1,14,14,CGSPRSHTA,SDECGSPRSHTAAC,26849.38,100.0
0,HLA-DRB1*04:01,6,1,17,17,LTRMESQLS,ELTRMESQLSASKPTGG,259.25,7.4
1,HLA-DRB1*04:01,2,1,17,17,FLLMYTAGF,DQFLLMYTAGFLQIQEI,707.16,24.0
2,HLA-DRB1*04:01,1,1,17,17,YGKIDTIEI,RDYFEEYGKIDTIEIIT,748.45,25.0
3,HLA-DRB1*04:01,4,1,17,17,FAEAGKLLV,LLLTCGFAEAGKLLVVP,1430.44,43.0
4,HLA-DRB1*04:01,5,1,17,17,LALTIALLL,ITAPTLALTIALLLWTP,2780.45,64.0
5,HLA-DRB1*04:01,3,1,17,17,NEAEAREKA,WVSGRNEAEAREKAAKE,8733.45,93.0
0,HLA-DRB1*04:01,4,1,19,19,LLMKFSRRM,SFFETEHLLMKFSRRMAIM,905.08,28.0
1,HLA-DRB1*04:01,6,1,19,19,YKRRLDLDF,CGKGYKRRLDLDFHQRVHR,1737.65,49.0
2,HLA-DRB1*04:01,3,1,19,19,RELLLVHRF,SSFDPCMYRELLLVHRFAP,1944.57,53.0
3,HLA-DRB1*04:01,2,1,19,19,LLALKQQQQ,QQLQQELLALKQQQQLQKQ,2479.94,62.0
4,HLA-DRB1*04:01,1,1,19,19,WGAEGQRPG,LSRFSWGAEGQRPGFGYGG,7114.82,91.0
5,HLA-DRB1*04:01,5,1,19,19,SKSDSSDSN,SSDSDSKSDSSDSNSSDSS,19102.72,100.0
0,HLA-DRB1*04:01,3,1,13,13,FRMVISNPA,NFFRMVISNPAAT,14.71,0.01
1,HLA-DRB1*04:01,4,1,13,13,FTLASSETG,RSFTLASSETGVG,121.86,0.21
2,HLA-DRB1*04:01,1,1,13,13,YRICVTNRG,TVYRICVTNRGSA,270.52,0.84
3,HLA-DRB1*04:01,2,1,13,13,LALEGSLQS,QPLALEGSLQSRG,273.32,0.85
4,HLA-DRB1*04:01,30,1,13,13,MNSDPNINQ,LWYMNSDPNINQF,497.66,2.3
5,HLA-DRB1*04:01,27,1,13,13,YFTNGTERV,GMCYFTNGTERVR,857.89,4.5
6,HLA-DRB1*04:01,29,1,13,13,VKLTVSNVL,SKNVKLTVSNVLK,1082.12,5.8
7,HLA-DRB1*04:01,33,1,13,13,FLLGVTKYT,LFLLGVTKYTAGP,1382.18,7.6
8,HLA-DRB1*04:01,32,1,13,13,IKYIVNRGE,LDIIKYIVNRGEH,1472.04,8.1
9,HLA-DRB1*04:01,16,1,13,13,VCAERTVLL,RIVCAERTVLLLQ,1618.66,9.2
10,HLA-DRB1*04:01,23,1,13,13,VTLAAHLPA,CLLVTLAAHLPAE,2190.37,13.0
11,HLA-DRB1*04:01,11,1,13,13,FNSQLAPGV,HKDFNSQLAPGVD,2252.22,14.0
12,HLA-DRB1*04:01,7,1,13,13,IEKMNTQTE,KMIEKMNTQTEVR,2375.39,15.0
13,HLA-DRB1*04:01,6,1,13,13,VEKMNTQYT,EKVEKMNTQYTAT,2604.5,16.0
14,HLA-DRB1*04:01,8,1,13,13,LAIAMYHLD,FSSGLAIAMYHLD,3389.78,21.0
15,HLA-DRB1*04:01,37,1,13,13,LLRGHDQSA,PDGRLLRGHDQSA,3482.27,22.0
16,HLA-DRB1*04:01,17,1,13,13,WATTQTTQL,HWATTQTTQLSLS,4496.76,29.0
17,HLA-DRB1*04:01,38,1,13,13,IQQLADRFS,KAPIQQLADRFSG,4597.36,30.0
18,HLA-DRB1*04:01,31,1,13,13,VNGQSLEGV,IIAVNGQSLEGVT,5952.66,38.0
19,HLA-DRB1*04:01,35,1,13,13,WEAARAAEQ,WEAARAAEQQRAY,6845.16,44.0
20,HLA-DRB1*04:01,39,1,13,13,LSSNKLKTV,CLDLSSNKLKTVK,6895.49,44.0
21,HLA-DRB1*04:01,13,1,13,13,WLGLNVFLF,LVVWLGLNVFLFV,7420.67,47.0
22,HLA-DRB1*04:01,5,1,13,13,FTNRINKLK,QDFTNRINKLKNS,7585.13,48.0
23,HLA-DRB1*04:01,9,1,13,13,ILRQNEQRW,QGILRQNEQRWRW,7724.69,49.0
24,HLA-DRB1*04:01,25,1,13,13,LNSQVTGLP,SLNSQVTGLPLGT,8575.21,54.0
25,HLA-DRB1*04:01,15,1,13,13,ISISGSSRP,SISISGSSRPCLD,9617.1,59.0
26,HLA-DRB1*04:01,41,1,13,13,LTQDSRMES,MTSKLTQDSRMES,9845.79,61.0
27,HLA-DRB1*04:01,24,1,13,13,VEFVCKVYS,GDVEFVCKVYSDA,11035.49,66.0
28,HLA-DRB1*04:01,18,1,13,13,VASLRQAPG,GKSNVASLRQAPG,11271.17,67.0
29,HLA-DRB1*04:01,28,1,13,13,EKSCSVWHA,SPAEKSCSVWHAA,11559.3,69.0
30,HLA-DRB1*04:01,22,1,13,13,HASVESASS,HTHASVESASSHQ,12343.69,72.0
31,HLA-DRB1*04:01,20,1,13,13,LSVLEFCIA,LLLSVLEFCIAVS,12376.72,72.0
32,HLA-DRB1*04:01,36,1,13,13,AVPADLAEM,PEPAVPADLAEMA,14171.57,78.0
33,HLA-DRB1*04:01,12,1,13,13,VLPYPCWSG,PQVLPYPCWSGAP,14680.83,80.0
34,HLA-DRB1*04:01,40,1,13,13,VTELGRPDA,RAVTELGRPDAEY,16026.74,84.0
35,HLA-DRB1*04:01,34,1,13,13,LFEKQDTYL,DKNHLFEKQDTYL,18161.87,89.0
36,HLA-DRB1*04:01,26,1,13,13,TTPLPVTDA,GHTTPLPVTDASS,18440.47,90.0
37,HLA-DRB1*04:01,10,1,13,13,MTEREDDLN,VWPMTEREDDLNV,20550.52,93.0
38,HLA-DRB1*04:01,19,1,13,13,DTPNLSFYR,NGDTPNLSFYRNE,21004.16,94.0
39,HLA-DRB1*04:01,14,1,13,13,NIAGLSHFC,SDPPNIAGLSHFC,22960.56,96.0
40,HLA-DRB1*04:01,21,1,13,13,LSSPASSGS,SPLSSPASSGSCA,23142.38,96.0
41,HLA-DRB1*04:01,42,1,13,13,VCTPREELS,RCPVCTPREELSS,24175.63,97.0
0,HLA-DRB1*04:01,1,1,16,16,YQQLNSERG,ELEKYQQLNSERGVPN,212.83,4.4
1,HLA-DRB1*04:01,6,1,16,16,LVLDTVGAG,VLLVLDTVGAGNGMIG,221.73,4.6
2,HLA-DRB1*04:01,5,1,16,16,VTLLRSPKR,YTVNVTLLRSPKRHSV,709.15,18.0
3,HLA-DRB1*04:01,3,1,16,16,IIAESLQGW,VTSIIAESLQGWNLVQ,2131.45,47.0
4,HLA-DRB1*04:01,2,1,16,16,TRGCVSHGA,GRTRGCVSHGAGVLTC,6059.75,82.0
5,HLA-DRB1*04:01,4,1,16,16,VRNAQAPPR,RNVRNAQAPPRPGACL,8233.88,89.0
0,HLA-DRB1*04:01,7,1,20,20,FRMVISNPA,KVNFFRMVISNPAATHQDID,7.74,0.01
1,HLA-DRB1*04:01,3,1,20,20,YASLRSLVA,CYPYDVPDYASLRSLVASSG,45.98,0.54
2,HLA-DRB1*04:01,60,1,20,20,YLQMNSLKT,DSKTTLYLQMNSLKTDDTAV,60.89,1.1
3,HLA-DRB1*04:01,6,1,20,20,FTSEHSHFS,LIAFTSEHSHFSLKKGAAAL,87.09,2.0
4,HLA-DRB1*04:01,27,1,20,20,FDTAVSRPG,HSMRYFDTAVSRPGRGEPRF,100.19,2.5
5,HLA-DRB1*04:01,50,1,20,20,LQMQTTALE,VVVRRTKLQMQTTALEFRQR,102.16,2.5
6,HLA-DRB1*04:01,23,1,20,20,IKAIGNEVT,LDALEKIKAIGNEVTVDKWE,130.94,3.6
7,HLA-DRB1*04:01,28,1,20,20,YHLSPLPKP,QLKMLNTNYHLSPLPKPMKM,300.2,13.0
8,HLA-DRB1*04:01,4,1,20,20,FVQNALNGN,GLQRRRFVQNALNGNGDPNN,363.88,17.0
9,HLA-DRB1*04:01,35,1,20,20,FIGDEAIEK,KGVDDLDFFIGDEAIEKPTY,381.48,18.0
10,HLA-DRB1*04:01,58,1,20,20,FRSWASGAL,LWLSFRSWASGALVSLVDTS,385.44,18.0
11,HLA-DRB1*04:01,1,1,20,20,LNKIQNSLS,EYLNKIQNSLSTEWSPCSVT,439.37,21.0
12,HLA-DRB1*04:01,5,1,20,20,ILLQYVVKS,DVMNILLQYVVKSFDRSTKV,442.24,21.0
13,HLA-DRB1*04:01,8,1,20,20,IEKMNTQFT,EITNKVNSVIEKMNTQFTAV,444.93,21.0
14,HLA-DRB1*04:01,57,1,20,20,FIDLPTPSN,INPLMKLINRSFIDLPTPSN,474.79,23.0
15,HLA-DRB1*04:01,12,1,20,20,FRPVRPQIR,IGERTGFRPVRPQIRLEREQ,509.74,24.0
16,HLA-DRB1*04:01,54,1,20,20,IALNDHLKQ,SGMQIALNDHLKQRREVAKT,515.3,25.0
17,HLA-DRB1*04:01,32,1,20,20,VAIARAILK,SGGEKQRVAIARAILKDPPV,578.07,28.0
18,HLA-DRB1*04:01,49,1,20,20,FQQSPVRPS,QGHGNLSGTSFQQSPVRPSF,724.29,34.0
19,HLA-DRB1*04:01,55,1,20,20,FEDVAVNFS,NSVQGTVAFEDVAVNFSQEE,762.47,36.0
20,HLA-DRB1*04:01,37,1,20,20,KAIASSLKS,QNQKAIASSLKSWNETLTSR,790.29,37.0
21,HLA-DRB1*04:01,33,1,20,20,RIAEHIAKE,RYSATRIAEHIAKEMKMKIF,815.63,38.0
22,HLA-DRB1*04:01,52,1,20,20,LRSEDTAVY,MELSSLRSEDTAVYYCAGGD,844.65,39.0
23,HLA-DRB1*04:01,9,1,20,20,LFCDESLSS,WEDLFCDESLSSPEPPSSSE,945.27,43.0
24,HLA-DRB1*04:01,13,1,20,20,LGILVSYQI,DRTVLGILVSYQIKVKLTVS,982.45,44.0
25,HLA-DRB1*04:01,48,1,20,20,LTKDLPAIQ,LPHQDPLLTKDLPAIQESPT,989.65,45.0
26,HLA-DRB1*04:01,17,1,20,20,LGAVVTAMM,VLVVLAVLGAVVTAMMCRRK,998.14,45.0
27,HLA-DRB1*04:01,14,1,20,20,VAAQGVPQH,VVAAAAAAAVAAQGVPQHLL,1231.92,52.0
28,HLA-DRB1*04:01,42,1,20,20,NKSLKNQLG,SNAGNKSLKNQLGLTFQLHL,1252.73,53.0
29,HLA-DRB1*04:01,20,1,20,20,FKSTKLPTP,HEQTLASPSVFKSTKLPTPG,1295.14,54.0
30,HLA-DRB1*04:01,31,1,20,20,LIPVLVFPE,AAPTGNTSLIPVLVFPEGSF,1302.12,54.0
31,HLA-DRB1*04:01,11,1,20,20,YTSFNTVDE,DRTIPDYTSFNTVDEWLEAI,1326.9,55.0
32,HLA-DRB1*04:01,16,1,20,20,LGLMMVTIG,VAFSTSSQLGLMMVTIGINQ,1338.1,55.0
33,HLA-DRB1*04:01,59,1,20,20,FLGFIVWAH,WAMMSIGFLGFIVWAHHMFT,1444.44,58.0
34,HLA-DRB1*04:01,19,1,20,20,LRTEAKVKE,RCHQHFLRTEAKVKEEIPDP,1598.44,62.0
35,HLA-DRB1*04:01,53,1,20,20,LLLLSGALA,RVTAPRTVLLLLSGALALTE,1651.21,63.0
36,HLA-DRB1*04:01,41,1,20,20,ISSLEPEDF,FTLTISSLEPEDFAIYYCQQ,1789.49,66.0
37,HLA-DRB1*04:01,22,1,20,20,FWGGSPRRG,QNFFWGGSPRRGTRWDCGYC,1819.09,66.0
38,HLA-DRB1*04:01,10,1,20,20,HCSLKTLKQ,CISCKLSRQHCSLKTLKQKN,1903.17,68.0
39,HLA-DRB1*04:01,38,1,20,20,VFTQRKITR,AQLNHCVFTQRKITRPSQRP,1908.07,68.0
40,HLA-DRB1*04:01,29,1,20,20,LYSGRPNSG,ATLAGRLYSGRPNSGSREDS,1991.58,70.0
41,HLA-DRB1*04:01,15,1,20,20,LSSPTTPRD,ESRPSMGRKLSSPTTPRDML,2682.86,79.0
42,HLA-DRB1*04:01,24,1,20,20,VTAMMCRRK,GAVVTAMMCRRKSSGGKGGS,2881.83,81.0
43,HLA-DRB1*04:01,2,1,20,20,MQEQNAKFF,DEEFNKKMQEQNAKFFADKP,3050.27,82.0
44,HLA-DRB1*04:01,51,1,20,20,RMGQQVLDN,SPCSRKKPRMGQQVLDNFFR,3186.11,83.0
45,HLA-DRB1*04:01,45,1,20,20,LRPEMRTKE,QELCHGWLRPEMRTKEQILE,3775.0,87.0
46,HLA-DRB1*04:01,56,1,20,20,LVCGDHLRG,GDSGGPLVCGDHLRGLVSWG,3834.15,88.0
47,HLA-DRB1*04:01,25,1,20,20,LYGSKGETQ,PPELYGSKGETQIKENHGWI,4122.38,89.0
48,HLA-DRB1*04:01,21,1,20,20,VKSCDDFMG,PAAPTCEVKSCDDFMGQLLN,4208.14,89.0
49,HLA-DRB1*04:01,30,1,20,20,IYCKSDDRT,PNPGNWPPIYCKSDDRTRVN,4841.07,92.0
50,HLA-DRB1*04:01,36,1,20,20,LEREPCKIS,LRGHPTPLEREPCKISFSRI,5090.76,93.0
51,HLA-DRB1*04:01,44,1,20,20,HTGEKPYVC,SQLHVHKRIHTGEKPYVCNK,5291.42,93.0
52,HLA-DRB1*04:01,18,1,20,20,PKTHVTHHP,ETLQRAEHPKTHVTHHPVSD,5668.05,94.0
53,HLA-DRB1*04:01,39,1,20,20,LAILAVLGA,AVLAVLAVLAILAVLGAVVA,5841.7,94.0
54,HLA-DRB1*04:01,26,1,20,20,MAPRAPWIE,DSDAASPRMAPRAPWIEQEG,6147.78,95.0
55,HLA-DRB1*04:01,46,1,20,20,LPHQDPLLT,LPAGQEPLPHQDPLLTKDLP,7148.0,96.0
56,HLA-DRB1*04:01,34,1,20,20,GLTEAPQLL,CNGEAGGLPGLTEAPQLLPP,7676.44,97.0
57,HLA-DRB1*04:01,40,1,20,20,TKHQRTHTG,HLTKHQRTHTGERPYKCLVC,7825.55,97.0
58,HLA-DRB1*04:01,43,1,20,20,AVAAEAEPG,QGSAVAAEAEPGKEEPPARS,9775.62,98.0
59,HLA-DRB1*04:01,47,1,20,20,DSSGYYYWW,YCAKEGGDSSGYYYWWYFDY,10976.19,99.0
0,HLA-DRB1*04:01,5,1,15,15,YRLIPNARA,GTYRLIPNARANLTA,7.82,0.01
1,HLA-DRB1*04:01,1,1,15,15,YVLEGTLTA,VLKSYVLEGTLTAEK,16.44,0.07
2,HLA-DRB1*04:01,30,1,15,15,WAAVVVPSG,FQKWAAVVVPSGEEQ,135.7,5.4
3,HLA-DRB1*04:01,7,1,15,15,YVRFDSDVG,EEYVRFDSDVGEYRA,155.24,6.4
4,HLA-DRB1*04:01,16,1,15,15,YTVITAILN,MVAVFYTVITAILNP,238.92,11.0
5,HLA-DRB1*04:01,3,1,15,15,LALEGSLQK,SLQPLALEGSLQKRG,435.03,20.0
6,HLA-DRB1*04:01,20,1,15,15,YRAMVLDVE,GTFTRGYRAMVLDVE,444.6,20.0
7,HLA-DRB1*04:01,8,1,15,15,YIWTFRLKS,KLRGPSYIWTFRLKS,660.75,28.0
8,HLA-DRB1*04:01,15,1,15,15,QRLTRACHQ,EVQRLTRACHQAMMV,677.5,29.0
9,HLA-DRB1*04:01,2,1,15,15,FLPSDFFPS,LSFLPSDFFPSVRDL,947.71,37.0
10,HLA-DRB1*04:01,14,1,15,15,LVVVRSKTE,YPASSLVVVRSKTED,1087.27,41.0
11,HLA-DRB1*04:01,10,1,15,15,VLRKLRFTA,LGWPAVLRKLRFTAV,1377.23,48.0
12,HLA-DRB1*04:01,26,1,15,15,VNSSIIAAP,LPPVNSSIIAAPITD,1638.95,54.0
13,HLA-DRB1*04:01,27,1,15,15,KLLLWTQKV,DMSAKEKLLLWTQKV,1895.81,58.0
14,HLA-DRB1*04:01,6,1,15,15,WTLTEHQKI,RLWTLTEHQKIHTGE,1972.6,60.0
15,HLA-DRB1*04:01,24,1,15,15,PGWSAMVRS,FCSCCPGWSAMVRSR,2171.25,62.0
16,HLA-DRB1*04:01,22,1,15,15,VPAGRVLSA,AVEVPAGRVLSAREL,2341.81,64.0
17,HLA-DRB1*04:01,29,1,15,15,VSNNRLTGL,LNVSNNRLTGLEPLA,2379.97,65.0
18,HLA-DRB1*04:01,21,1,15,15,IQEENVIPR,KIQEENVIPREKTLR,2542.96,67.0
19,HLA-DRB1*04:01,25,1,15,15,VRFLDRYFY,TERVRFLDRYFYHQE,2781.86,70.0
20,HLA-DRB1*04:01,4,1,15,15,VEQCCTSIC,GIVEQCCTSICSLYQ,2876.94,71.0
21,HLA-DRB1*04:01,18,1,15,15,DQASLPDFQ,QPVDQASLPDFQIQT,5224.51,85.0
22,HLA-DRB1*04:01,13,1,15,15,ITPTDKKIG,VNGSITPTDKKIGFL,6026.93,88.0
23,HLA-DRB1*04:01,17,1,15,15,LSVPEKYKS,SVGELSVPEKYKSIH,6221.25,89.0
24,HLA-DRB1*04:01,28,1,15,15,GRGEPRFIS,SRPGRGEPRFISVGY,6266.58,89.0
25,HLA-DRB1*04:01,23,1,15,15,LNSEKQSGG,NLDLNSEKQSGGAST,9285.91,95.0
26,HLA-DRB1*04:01,19,1,15,15,TKHKKIHTG,STLTKHKKIHTGEKP,9440.7,95.0
27,HLA-DRB1*04:01,11,1,15,15,AGSETTTTS,TTASTAGSETTTTST,11045.05,96.0
28,HLA-DRB1*04:01,12,1,15,15,HTGEKPYVC,THQRTHTGEKPYVCR,11146.37,96.0
29,HLA-DRB1*04:01,9,1,15,15,QKREAEEKE,EEERQKREAEEKEAQ,18529.87,100.0
