,allele,seq_num,start,end,length,core_peptide,peptide,score,percentile_rank
0,HLA-DRB1*13:02,5,1,15,15,LRGYRQDAY,GRFLRGYRQDAYDGK,0.319775,5.5
1,HLA-DRB1*13:02,9,1,15,15,FSQLPSQVV,FAGLFSQLPSQVVKP,0.309472,6.0
2,HLA-DRB1*13:02,2,1,15,15,VRKNKRRRG,AGLQVRKNKRRRGCP,0.234468,11.0
3,HLA-DRB1*13:02,1,1,15,15,LQVRKNKRR,ATRAGLQVRKNKRRR,0.178171,15.0
4,HLA-DRB1*13:02,12,1,15,15,ITESGRIGF,LNEITESGRIGFGSF,0.169273,16.0
5,HLA-DRB1*13:02,13,1,15,15,LRSHHILER,EELRSHHILERLDAH,0.150688,18.0
6,HLA-DRB1*13:02,18,1,15,15,VGPDGRLLR,YGCDVGPDGRLLRGH,0.099482,27.0
7,HLA-DRB1*13:02,3,1,15,15,VRKNKRRRG,LQVRKNKRRRGCPIL,0.09668,27.0
8,HLA-DRB1*13:02,10,1,15,15,LRSWTAADT,EDLRSWTAADTAAQI,0.09567,27.0
9,HLA-DRB1*13:02,17,1,15,15,LQQHVKSVT,QLTKELQQHVKSVTC,0.073796,33.0
10,HLA-DRB1*13:02,4,1,15,15,VSLRNLRGY,QADRVSLRNLRGYYN,0.037985,48.0
11,HLA-DRB1*13:02,11,1,15,15,LHTDVGSVR,LNLHTDVGSVRMRRP,0.036287,49.0
12,HLA-DRB1*13:02,7,1,15,15,LQAQLEKEL,MEELQAQLEKELEGG,0.016698,66.0
13,HLA-DRB1*13:02,8,1,15,15,TAADTAVYF,SVTAADTAVYFCARG,0.012453,72.0
14,HLA-DRB1*13:02,16,1,15,15,VLLFYIPMI,AHLSAVLLFYIPMIL,0.003206,91.0
15,HLA-DRB1*13:02,14,1,15,15,LEEKFLFLF,QIKELEEKFLFLFLF,0.001462,96.0
16,HLA-DRB1*13:02,15,1,15,15,WKCIWHCKT,DLNFGDWKCIWHCKT,0.001438,96.0
17,HLA-DRB1*13:02,6,1,15,15,SSSSYGQHG,SAGSSSSYGQHGSGS,0.001298,97.0
0,HLA-DRB1*13:02,1,1,20,20,VRKNKRRRG,ATRAGLQVRKNKRRRGCPIL,0.092467,14.0
1,HLA-DRB1*13:02,4,1,20,20,ISPSRTEAL,TVTISPSRTEALNHHNLLIC,0.082169,16.0
2,HLA-DRB1*13:02,5,1,20,20,YTCHMQHEG,SGQEQRYTCHMQHEGLQEPL,0.048252,26.0
3,HLA-DRB1*13:02,2,1,20,20,LAKQKQKQV,RRSPPPSLAKQKQKQVTDMM,0.041205,30.0
4,HLA-DRB1*13:02,3,1,20,20,IRRQKERIT,GSNQEIRRQKERITEQPLKE,0.032741,35.0
5,HLA-DRB1*13:02,6,1,20,20,FTLQSQLQL,IRNLEDSLFTLQSQLQLLQS,0.003595,83.0
0,HLA-DRB5*01:01,3,1,20,20,YKCEEYNKS,KIYTEEKPYKCEEYNKSPKQ,0.041437,17.0
1,HLA-DRB5*01:01,1,1,20,20,MKAAFKRSC,GNIPLMKAAFKRSCLKHHPD,0.008983,43.0
2,HLA-DRB5*01:01,5,1,20,20,YYNQSEAGS,HRVDLGTLRGYYNQSEAGSH,0.005656,53.0
3,HLA-DRB5*01:01,4,1,20,20,LREAKEREL,TAEQLLREAKERELELLPPP,0.002314,72.0
4,HLA-DRB5*01:01,2,1,20,20,CENKAALLV,INGKVCGQCENKAALLVCLE,0.000206,98.0
5,HLA-DRB5*01:01,6,1,20,20,LLGECETPL,GLRRDVLLGECETPLIALLP,0.000164,99.0
0,HLA-DPA1*01:03/DPB1*04:01,3,1,19,19,LGSALYQEN,ASLGTQPDLGSALYQENYK,0.048577,3.3
1,HLA-DPA1*01:03/DPB1*04:01,1,1,19,19,FSSLNLRET,LPNFSSLNLRETNLDSLPL,0.006922,20.0
2,HLA-DPA1*01:03/DPB1*04:01,4,1,19,19,SSYDMYHLS,VTLSCSSRSSYDMYHLSRE,0.002006,52.0
3,HLA-DPA1*01:03/DPB1*04:01,2,1,19,19,FVMKNGTNV,RSQPHTKPSVFVMKNGTNV,0.00146,62.0
4,HLA-DPA1*01:03/DPB1*04:01,6,1,19,19,VTISPSRTE,QRRVEPTVTISPSRTEALN,0.000958,74.0
5,HLA-DPA1*01:03/DPB1*04:01,5,1,19,19,KYKEKGIPA,RFSCDVAEGKYKEKGIPAL,0.000619,84.0
0,HLA-DQA1*03:01/DQB1*03:02,5,1,19,19,LRGYYNQSE,DRVDLGTLRGYYNQSEAGS,0.001633,26.0
1,HLA-DQA1*03:01/DQB1*03:02,2,1,19,19,WAAVVVPSG,KWAAVVVPSGEEQRYTCHV,0.001314,34.0
2,HLA-DQA1*03:01/DQB1*03:02,6,1,19,19,LEGECVDGL,YLEGECVDGLRRYLENGKD,0.000561,66.0
3,HLA-DQA1*03:01/DQB1*03:02,3,1,19,19,PGAAPEAGG,EVCAGDSGPGAAPEAGGAG,0.000526,69.0
4,HLA-DQA1*03:01/DQB1*03:02,4,1,19,19,LQALEFLHS,AAVCRECLQALEFLHSNQV,0.000243,90.0
5,HLA-DQA1*03:01/DQB1*03:02,1,1,19,19,CTSICSLYQ,VEQCCTSICSLYQLENYCN,0.000153,96.0
0,HLA-DQA1*03:01/DQB1*03:02,2,1,18,18,RYTCHVQHE,SGEEQRYTCHVQHEGLPK,0.007721,3.3
1,HLA-DQA1*03:01/DQB1*03:02,5,1,18,18,LEGTCVEWL,RAYLEGTCVEWLRRYLEN,0.001009,49.0
2,HLA-DQA1*03:01/DQB1*03:02,4,1,18,18,ATPTGQQQS,HPQPSATPTGQQQSQHGG,0.000431,79.0
3,HLA-DQA1*03:01/DQB1*03:02,1,1,18,18,QKRGIVEQC,LALEGSLQKRGIVEQCCT,0.000216,93.0
4,HLA-DQA1*03:01/DQB1*03:02,3,1,18,18,PSLNVSLLL,ISPSLNVSLLLTLSILSI,0.000124,98.0
5,HLA-DQA1*03:01/DQB1*03:02,6,1,18,18,ECSSKCFHC,LLCTECYSNECSSKCFHC,5.9e-05,100.0
0,HLA-DQA1*03:01/DQB1*03:02,3,1,17,17,VKQEPTDIQ,VEHLKVKQEPTDIQLQP,0.003053,23.0
1,HLA-DQA1*03:01/DQB1*03:02,4,1,17,17,PKTALTGPT,SVNASPKTALTGPTEGA,0.001841,39.0
2,HLA-DQA1*03:01/DQB1*03:02,2,1,17,17,AEGIALVWE,QALIAEGIALVWESYKL,0.001798,40.0
3,HLA-DQA1*03:01/DQB1*03:02,1,1,17,17,AGSLQPLAL,GGPGAGSLQPLALEGSL,0.001645,43.0
4,HLA-DQA1*03:01/DQB1*03:02,6,1,17,17,RNSSFSQQQ,PSGNLARNSSFSQQQFA,0.000754,69.0
5,HLA-DQA1*03:01/DQB1*03:02,5,1,17,17,EELFKLLKE,VEELFKLLKEGHRMDKP,0.000533,80.0
0,HLA-DQA1*03:01/DQB1*03:02,1,1,13,13,PAAAFVNQH,GPDPAAAFVNQHL,0.013004,2.8
1,HLA-DQA1*03:01/DQB1*03:02,2,1,13,13,LADVATVLG,TAKALADVATVLG,0.002646,26.0
2,HLA-DQA1*03:01/DQB1*03:02,3,1,13,13,SNSSDPLLV,EWSNSSDPLLVSV,0.001458,42.0
3,HLA-DQA1*03:01/DQB1*03:02,6,1,13,13,FNGTQRFLE,YAFNGTQRFLERY,0.001172,49.0
4,HLA-DQA1*03:01/DQB1*03:02,5,1,13,13,KTSEFSRRV,EQKTSEFSRRVAE,0.000745,63.0
5,HLA-DQA1*03:01/DQB1*03:02,4,1,13,13,SSSSLSCLN,MPFSSSSLSCLNL,0.000705,64.0
0,HLA-DQA1*03:01/DQB1*03:02,21,1,16,16,LETIDINKD,LALETIDINKDPYFMK,0.013746,3.6
1,HLA-DQA1*03:01/DQB1*03:02,9,1,16,16,PSESTAEDD,QDLYPSESTAEDDIQP,0.01264,4.1
2,HLA-DQA1*03:01/DQB1*03:02,27,1,16,16,NYGVETHEA,VFNYGVETHEAYKQRS,0.011952,4.5
3,HLA-DQA1*03:01/DQB1*03:02,33,1,16,16,LAATTAAAA,PATLAATTAAAATSFS,0.009735,6.4
4,HLA-DQA1*03:01/DQB1*03:02,20,1,16,16,RGGASVEET,PTSRGGASVEETDQSH,0.006899,11.0
5,HLA-DQA1*03:01/DQB1*03:02,10,1,16,16,VASTDSSAA,ASPSAVASTDSSAATS,0.005207,16.0
6,HLA-DQA1*03:01/DQB1*03:02,30,1,16,16,ITVTNTAIA,SATITVTNTAIATATV,0.005045,17.0
7,HLA-DQA1*03:01/DQB1*03:02,24,1,16,16,WFSCATDSL,IFENLWFSCATDSLGV,0.004926,17.0
8,HLA-DQA1*03:01/DQB1*03:02,25,1,16,16,ESTGTAYLE,RVTITADESTGTAYLE,0.004604,19.0
9,HLA-DQA1*03:01/DQB1*03:02,41,1,16,16,PHLLQVILN,PILPPHLLQVILNKDT,0.004573,19.0
10,HLA-DQA1*03:01/DQB1*03:02,6,1,16,16,LQVGQVELG,RREAEDLQVGQVELGG,0.003565,25.0
11,HLA-DQA1*03:01/DQB1*03:02,38,1,16,16,AADTAAQIT,WTAADTAAQITQRKWE,0.003057,29.0
12,HLA-DQA1*03:01/DQB1*03:02,39,1,16,16,IVGIVAGLA,TIPIVGIVAGLAVLAV,0.003057,29.0
13,HLA-DQA1*03:01/DQB1*03:02,5,1,16,16,FYTPKTRRE,RGFFYTPKTRREAEDL,0.003014,30.0
14,HLA-DQA1*03:01/DQB1*03:02,15,1,16,16,LQEELPSLW,NVDLQEELPSLWNSRV,0.002875,31.0
15,HLA-DQA1*03:01/DQB1*03:02,29,1,16,16,EVGIPPEQS,DREVGIPPEQSLETAK,0.002823,32.0
16,HLA-DQA1*03:01/DQB1*03:02,23,1,16,16,WDHSGGAGD,RDSESWDHSGGAGDSS,0.002664,34.0
17,HLA-DQA1*03:01/DQB1*03:02,40,1,16,16,LSTGEPLEL,QTLSTGEPLELPELGC,0.002539,35.0
18,HLA-DQA1*03:01/DQB1*03:02,32,1,16,16,VRLAINYRL,RAEYVRLAINYRLHEF,0.0025,36.0
19,HLA-DQA1*03:01/DQB1*03:02,1,1,16,16,LALWGPDPA,LPLLALLALWGPDPAA,0.002253,39.0
20,HLA-DQA1*03:01/DQB1*03:02,2,1,16,16,AAFVNQHLC,DPAAAFVNQHLCGSHL,0.00188,45.0
21,HLA-DQA1*03:01/DQB1*03:02,28,1,16,16,YWTWIRQPP,ISSHYWTWIRQPPGKG,0.001755,47.0
22,HLA-DQA1*03:01/DQB1*03:02,37,1,16,16,LWSTEVYET,VHLNCALWSTEVYETQ,0.00135,56.0
23,HLA-DQA1*03:01/DQB1*03:02,3,1,16,16,LCGSHLVEA,FVNQHLCGSHLVEALY,0.001335,56.0
24,HLA-DQA1*03:01/DQB1*03:02,35,1,16,16,WVPLEIMIK,DEGWVPLEIMIKFNRL,0.001028,65.0
25,HLA-DQA1*03:01/DQB1*03:02,36,1,16,16,LRGHNQYAY,VGPDGRLLRGHNQYAY,0.001007,65.0
26,HLA-DQA1*03:01/DQB1*03:02,22,1,16,16,SEVIEPPSL,EDSEVIEPPSLPQLQT,0.000795,73.0
27,HLA-DQA1*03:01/DQB1*03:02,11,1,16,16,YFIDHNTKT,EVYFIDHNTKTTSWLD,0.00077,74.0
28,HLA-DQA1*03:01/DQB1*03:02,7,1,16,16,VELGGGPGA,LQVGQVELGGGPGAGS,0.000689,77.0
29,HLA-DQA1*03:01/DQB1*03:02,19,1,16,16,LYGTHSHGL,LYLYGTHSHGLFKKLG,0.000488,85.0
30,HLA-DQA1*03:01/DQB1*03:02,34,1,16,16,ISCSGSSSN,QRVTISCSGSSSNIGS,0.000459,86.0
31,HLA-DQA1*03:01/DQB1*03:02,17,1,16,16,PEGECCPVC,RYYVPEGECCPVCEDP,0.000458,86.0
32,HLA-DQA1*03:01/DQB1*03:02,12,1,16,16,ASQGTVLLL,QLASQGTVLLLLRVLL,0.000408,88.0
33,HLA-DQA1*03:01/DQB1*03:02,31,1,16,16,PLPSVPPTT,PFPTSRDPLPSVPPTT,0.000393,89.0
34,HLA-DQA1*03:01/DQB1*03:02,13,1,16,16,MLLFSATFE,ALPSECQMLLFSATFE,0.000391,89.0
35,HLA-DQA1*03:01/DQB1*03:02,42,1,16,16,LQQWRQGEY,STPLQQWRQGEYKCVV,0.000388,89.0
36,HLA-DQA1*03:01/DQB1*03:02,14,1,16,16,NLRIALRYY,TYRENLRIALRYYNQS,0.000379,89.0
37,HLA-DQA1*03:01/DQB1*03:02,16,1,16,16,PNLLLVAGG,RDLKPPNLLLVAGGTV,0.000341,91.0
38,HLA-DQA1*03:01/DQB1*03:02,26,1,16,16,RSFENKPPA,LSYFDRRSFENKPPAH,0.000311,92.0
39,HLA-DQA1*03:01/DQB1*03:02,8,1,16,16,PQDGKETKA,RPENPKPQDGKETKAA,0.000283,93.0
40,HLA-DQA1*03:01/DQB1*03:02,4,1,16,16,VCGERGFFY,YLVCGERGFFYTPKTR,0.000279,94.0
41,HLA-DQA1*03:01/DQB1*03:02,18,1,16,16,LRSPKARRG,SLRSPKARRGKARRRA,0.00026,94.0
0,HLA-DQA1*03:01/DQB1*03:02,4,1,15,15,VRFDSDAAS,VDDTQFVRFDSDAAS,0.037715,0.4
1,HLA-DQA1*03:01/DQB1*03:02,10,1,15,15,QAFLAEVPD,ANGGQAFLAEVPDSE,0.013576,4.0
2,HLA-DQA1*03:01/DQB1*03:02,2,1,15,15,PAAAFVNQH,LWGPDPAAAFVNQHL,0.009367,7.5
3,HLA-DQA1*03:01/DQB1*03:02,5,1,15,15,EHGLAPWEQ,PEAPGEHGLAPWEQG,0.004053,23.0
4,HLA-DQA1*03:01/DQB1*03:02,16,1,15,15,PKGAMITHQ,GDPKGAMITHQNIVS,0.002974,31.0
5,HLA-DQA1*03:01/DQB1*03:02,12,1,15,15,IFVEGVEPG,GIFVEGVEPGSKAAD,0.002054,42.0
6,HLA-DQA1*03:01/DQB1*03:02,9,1,15,15,ERVMDGLLV,PNEREERVMDGLLVI,0.001927,44.0
7,HLA-DQA1*03:01/DQB1*03:02,3,1,15,15,EALYLVCGE,SHLVEALYLVCGERG,0.001553,52.0
8,HLA-DQA1*03:01/DQB1*03:02,17,1,15,15,YSVDSPTLT,GGYSVDSPTLTRFFT,0.001362,56.0
9,HLA-DQA1*03:01/DQB1*03:02,7,1,15,15,ITALATLHL,LPFIITALATLHLLF,0.001213,60.0
10,HLA-DQA1*03:01/DQB1*03:02,11,1,15,15,DFAGRPEPL,ADFAGRPEPLTYKLV,0.000987,66.0
11,HLA-DQA1*03:01/DQB1*03:02,8,1,15,15,LTSQNLPLL,GLLTSQNLPLLLLDL,0.000872,70.0
12,HLA-DQA1*03:01/DQB1*03:02,6,1,15,15,PYACEVWNW,GPYACEVWNWGSRAR,0.000871,70.0
13,HLA-DQA1*03:01/DQB1*03:02,14,1,15,15,LIISKSSSM,ETLIISKSSSMFHIM,0.000854,70.0
14,HLA-DQA1*03:01/DQB1*03:02,18,1,15,15,ILPNADDYF,LPILPNADDYFLLRW,0.000774,73.0
15,HLA-DQA1*03:01/DQB1*03:02,15,1,15,15,VDTYCRHNY,RAAVDTYCRHNYGVV,0.000705,76.0
16,HLA-DQA1*03:01/DQB1*03:02,13,1,15,15,LGYCGAVGL,LEPLGTLGYCGAVGL,0.000526,83.0
17,HLA-DQA1*03:01/DQB1*03:02,1,1,15,15,MRLLPLLAL,MALWMRLLPLLALLA,0.00045,86.0
0,HLA-DRB1*08:02,6,1,15,15,FVALYVASH,RAFVALYVASHRGHF,0.442877,4.1
1,HLA-DRB1*08:02,1,1,15,15,IRRSILPYG,ELERIRRSILPYGDS,0.202447,16.0
2,HLA-DRB1*08:02,2,1,15,15,FAKWRRNHN,RAFAKWRRNHNHIWQ,0.161712,20.0
3,HLA-DRB1*08:02,3,1,15,15,GRFLRGYRQ,CDVGPDGRFLRGYRQ,0.004434,88.0
4,HLA-DRB1*08:02,4,1,15,15,PKTHVTHHP,LQRADPPKTHVTHHP,0.002605,93.0
5,HLA-DRB1*08:02,5,1,15,15,WSCGSCPVG,PDGSWSCGSCPVGFL,0.001459,96.0
0,HLA-DRB4*01:01,1,1,18,18,IDLTKIDRC,GIVKENIIDLTKIDRCFQ,0.171249,1.7
1,HLA-DRB4*01:01,4,1,18,18,FSTSVSRPG,SMRYFSTSVSRPGRGEPR,0.018277,24.0
2,HLA-DRB4*01:01,2,1,18,18,QHGIHIQGS,IVKTGERQHGIHIQGSDP,0.01404,30.0
3,HLA-DRB4*01:01,3,1,18,18,LMLQCKMPT,SISKSDLMLQCKMPTEEK,0.007702,47.0
4,HLA-DRB4*01:01,9,1,18,18,VTPVEGDWL,VPESVTPVEGDWLVWTST,0.003828,67.0
5,HLA-DRB4*01:01,8,1,18,18,WWAEGTAVA,GLWWAEGTAVATRGFFFG,0.003189,72.0
6,HLA-DRB4*01:01,10,1,18,18,LLIVPILIA,MPMANLLLLIVPILIAMA,0.002145,81.0
7,HLA-DRB4*01:01,11,1,18,18,LEGTCVEWL,AEQRRAYLEGTCVEWLHR,0.001281,89.0
8,HLA-DRB4*01:01,7,1,18,18,MSYTNAWAL,HIIETANMSYTNAWALSI,0.001224,90.0
9,HLA-DRB4*01:01,6,1,18,18,EKGTADAAN,VAQEKGTADAANVTSTLE,0.001172,90.0
10,HLA-DRB4*01:01,5,1,18,18,DGSSPDEKY,AKTSDDGSSPDEKYPDPF,0.00112,91.0
11,HLA-DRB4*01:01,12,1,18,18,MVVAGIFLL,ALLHSSTMVVAGIFLLIR,0.000587,96.0
0,HLA-DRB1*01:02,5,1,16,16,VTSVVGHLS,ANNVTSVVGHLSTSLF,0.335386,6.2
1,HLA-DRB1*01:02,3,1,16,16,LGGVLALLL,RSVPNKLGGVLALLLS,0.032709,29.0
2,HLA-DRB1*01:02,2,1,16,16,HILGKARFI,EKLKHILGKARFIKLN,0.024229,34.0
3,HLA-DRB1*01:02,6,1,16,16,PAMAKPLTD,QPAAPAMAKPLTDQEK,0.010539,48.0
4,HLA-DRB1*01:02,4,1,16,16,IENQAFYKL,LWKCGIENQAFYKLEK,0.009868,49.0
5,HLA-DRB1*01:02,1,1,16,16,IVQLQGDSN,PIVQLQGDSNCLKCFR,0.005389,60.0
6,HLA-DRB1*01:02,11,1,16,16,KNGYTPLHI,DSAGKNGYTPLHIAAK,0.003899,67.0
7,HLA-DRB1*01:02,12,1,16,16,DFTLTISRL,GSGSGTDFTLTISRLE,0.002334,77.0
8,HLA-DRB1*01:02,9,1,16,16,ALDHTADRL,LYLGALDHTADRLQAI,0.002097,79.0
9,HLA-DRB1*01:02,7,1,16,16,ATTWFPKQM,TMVATTWFPKQMVLEL,0.001214,88.0
10,HLA-DRB1*01:02,8,1,16,16,HLNSGGRGC,RQENHLNSGGRGCSEP,0.000431,97.0
11,HLA-DRB1*01:02,10,1,16,16,DENPESQEM,DEAADENPESQEMLEE,0.000272,99.0
0,HLA-DRB1*03:01,3,1,13,13,VRFDSDAAS,QFVRFDSDAASPR,0.798383,0.57
1,HLA-DRB1*03:01,6,1,13,13,LTLIWKVSD,ATSLTLIWKVSDN,0.01204,23.0
2,HLA-DRB1*03:01,1,1,13,13,LDACQDQLL,AKRLDACQDQLLE,0.008269,28.0
3,HLA-DRB1*03:01,5,1,13,13,KEADIHFLI,TKEADIHFLIDGS,0.005411,35.0
4,HLA-DRB1*03:01,4,1,13,13,HTTWFKFSV,EYDHTTWFKFSVA,0.00054,79.0
5,HLA-DRB1*03:01,2,1,13,13,QEGHLPDSS,CQQEGHLPDSSIS,9.7e-05,97.0
0,HLA-DRB1*03:01,5,1,16,16,VVIDSDTED,RKGRVVIDSDTEDSGS,0.554644,2.0
1,HLA-DRB1*03:01,1,1,16,16,LQGDSNCLK,PIVQLQGDSNCLKCFR,0.159183,7.4
2,HLA-DRB1*03:01,4,1,16,16,MSFSEKNLK,GKMSFSEKNLKALLKH,0.037037,21.0
3,HLA-DRB1*03:01,6,1,16,16,YHGEKLQPF,KRGLGYHGEKLQPFGQ,0.016685,31.0
4,HLA-DRB1*03:01,3,1,16,16,VKPTTSPLI,TSGLVKPTTSPLIPTT,0.014885,33.0
5,HLA-DRB1*03:01,2,1,16,16,WAGGGGLRQ,PVVSEWAGGGGLRQRE,0.001125,81.0
0,HLA-DRB3*01:01,1,1,15,15,ARVDELERI,VRKLKARVDELERIR,0.094762,5.7
1,HLA-DRB3*01:01,3,1,15,15,YVFFASEGL,QIPYVFFASEGLLNT,0.044907,10.0
2,HLA-DRB3*01:01,6,1,15,15,GNVDSSGIK,FFGNVDSSGIKHNIF,0.001252,64.0
3,HLA-DRB3*01:01,2,1,15,15,CGKDKDTWI,GNCGKDKDTWIQCNK,0.00113,66.0
4,HLA-DRB3*01:01,4,1,15,15,LTGAGGFVL,SARSKTLTGAGGFVL,0.000361,87.0
5,HLA-DRB3*01:01,5,1,15,15,DRATELQEQ,SMKDRATELQEQLSS,0.000328,89.0
0,HLA-DRB3*01:01,1,1,19,19,WAIDFCPGV,ENGEWAIDFCPGVIRRHHG,0.24282,1.7
1,HLA-DRB3*01:01,3,1,19,19,YWDEETGKV,PWIEQEGPEYWDEETGKVK,0.033119,8.3
2,HLA-DRB3*01:01,2,1,19,19,FTSVSRPGR,RYFFTSVSRPGRGEPRFIA,0.006953,22.0
3,HLA-DRB3*01:01,6,1,19,19,LEQVIESQK,SIPDTQLEQVIESQKANQC,0.000472,76.0
4,HLA-DRB3*01:01,5,1,19,19,GKDNRIPLL,CQCEGKDNRIPLLKEVFEA,0.000171,93.0
5,HLA-DRB3*01:01,4,1,19,19,EESCEAVEA,ASSQIPALEESCEAVEARE,0.000146,94.0
0,HLA-DRB1*16:02,6,1,13,13,WLVLGTHTS,LHWLVLGTHTSDE,0.131582,7.6
1,HLA-DRB1*16:02,4,1,13,13,LMMSHTLKS,GGKLMMSHTLKSD,0.105522,9.5
2,HLA-DRB1*16:02,5,1,13,13,FNPDTPFGD,AIFNPDTPFGDIV,0.018098,31.0
3,HLA-DRB1*16:02,3,1,13,13,EKPYKCEEC,TGEKPYKCEECGK,0.005865,53.0
4,HLA-DRB1*16:02,1,1,13,13,TAKARANLA,NQATAKARANLAA,0.004998,56.0
5,HLA-DRB1*16:02,2,1,13,13,PNKKNSYPH,LVNPNKKNSYPHY,0.003884,61.0
0,HLA-DRB1*16:02,1,1,15,15,VHFFKNIVT,ENPVVHFFKNIVTPR,0.747349,0.36
1,HLA-DRB1*16:02,4,1,15,15,KRSHKATVV,KKQKRSHKATVVNNK,0.040899,31.0
2,HLA-DRB1*16:02,2,1,15,15,FHGNSEVNA,RRSGQGFHGNSEVNA,0.015735,50.0
3,HLA-DRB1*16:02,5,1,15,15,LTCETQLSL,VTLTCETQLSLERSD,0.003218,82.0
4,HLA-DRB1*16:02,6,1,15,15,IKDALGLLL,YTIKDALGLLLFLLS,0.0029,84.0
5,HLA-DRB1*16:02,3,1,15,15,CDSIQPHKN,NSHGPCDSIQPHKNI,0.000707,98.0
0,HLA-DRB1*15:02,1,1,15,15,VHFFKNIVT,ENPVVHFFKNIVTPR,0.75151,0.05
1,HLA-DRB1*15:02,10,1,15,15,LRSWTAADT,LNEDLRSWTAADTVA,0.195712,4.0
2,HLA-DRB1*15:02,7,1,15,15,IESHHVAIS,RPTIESHHVAISDAE,0.095832,8.5
3,HLA-DRB1*15:02,2,1,15,15,LALHRSYLT,TRFQTLLALHRSYLT,0.024589,24.0
4,HLA-DRB1*15:02,8,1,15,15,LNINCGNKG,ENVLNINCGNKGFTT,0.013252,34.0
5,HLA-DRB1*15:02,5,1,15,15,VRQLLETMA,NAEEVRQLLETMARN,0.007033,47.0
6,HLA-DRB1*15:02,6,1,15,15,HGHTVVKKV,IDEHGHTVVKKVTRK,0.004035,60.0
7,HLA-DRB1*15:02,9,1,15,15,VQMSREDIV,TPLHNAVQMSREDIV,0.00183,77.0
8,HLA-DRB1*15:02,3,1,15,15,KSLAKPETD,EDKSLAKPETDKEQD,0.001113,86.0
9,HLA-DRB1*15:02,12,1,15,15,FLGLGGVEC,FLFLGLGGVECLLLA,0.000779,91.0
10,HLA-DRB1*15:02,4,1,15,15,SKMLSGIGG,ESAQSKMLSGIGGFV,0.000732,92.0
11,HLA-DRB1*15:02,11,1,15,15,YQQTPGQAP,WYQQTPGQAPRTLIY,0.000326,98.0
0,HLA-DRB1*04:02,1,1,15,15,IAFKIVSQE,LNSKIAFKIVSQEPA,0.271959,6.5
1,HLA-DRB1*04:02,4,1,15,15,LNKMKTFEE,FYLNKMKTFEEPPFE,0.100456,18.0
2,HLA-DRB1*04:02,6,1,15,15,IKELTLEIE,PEDNKIKELTLEIER,0.024461,41.0
3,HLA-DRB1*04:02,5,1,15,15,GKQFRSIAF,VNGGKQFRSIAFKNQ,0.013776,53.0
4,HLA-DRB1*04:02,2,1,15,15,RRYQQTMGS,EDESRRYQQTMGSLQ,0.011421,56.0
5,HLA-DRB1*04:02,3,1,15,15,PQNATDSYV,LKEKGPQNATDSYVH,0.0016,90.0
0,HLA-DRB1*04:04,4,1,18,18,LLYFDSVPT,TEGPHVLLYFDSVPTSRE,0.459774,2.6
1,HLA-DRB1*04:04,1,1,18,18,IDLTKIDRC,GIVKENIIDLTKIDRCFQ,0.044767,21.0
2,HLA-DRB1*04:04,3,1,18,18,FRQEASRLT,ESEVKCNFRQEASRLTLE,0.005845,55.0
3,HLA-DRB1*04:04,2,1,18,18,TTVDIKLKQ,TFNTTVDIKLKQWTDKQL,0.001782,77.0
4,HLA-DRB1*04:04,6,1,18,18,YPPTYNVKD,FHYNQSYPPTYNVKDMLV,0.001514,80.0
5,HLA-DRB1*04:04,5,1,18,18,VAPGHSSHH,LTVAPGHSSHHSPGLQGQ,0.000738,89.0
0,HLA-DRB1*04:04,1,1,13,13,IRMVISNPA,NFIRMVISNPAAT,0.937125,0.11
1,HLA-DRB1*04:04,4,1,13,13,IATYEQNLQ,AEDIATYEQNLQQ,0.185994,6.3
2,HLA-DRB1*04:04,3,1,13,13,IVILSPLLN,IIVILSPLLNAQN,0.099546,11.0
3,HLA-DRB1*04:04,17,1,13,13,LESLGNGTD,QQLLESLGNGTDF,0.093186,11.0
4,HLA-DRB1*04:04,2,1,13,13,IVMLTPLVE,VIVMLTPLVEDGV,0.086801,12.0
5,HLA-DRB1*04:04,9,1,13,13,FDVYGDPKQ,HCFDVYGDPKQWA,0.067887,14.0
6,HLA-DRB1*04:04,10,1,13,13,VYIRSTDVD,QLTQVYIRSTDVD,0.008501,38.0
7,HLA-DRB1*04:04,8,1,13,13,VRFLDRYFH,GTERVRFLDRYFH,0.003759,51.0
8,HLA-DRB1*04:04,15,1,13,13,VEWLRRYLE,GTCVEWLRRYLEN,0.003661,51.0
9,HLA-DRB1*04:04,12,1,13,13,LQGVTGGNT,VTLQGVTGGNTYA,0.003426,53.0
10,HLA-DRB1*04:04,11,1,13,13,LGSCLAILI,VAVGLGSCLAILI,0.001119,72.0
11,HLA-DRB1*04:04,18,1,13,13,LPPEGTLAR,PALPPEGTLARSP,0.000903,75.0
12,HLA-DRB1*04:04,13,1,13,13,EAGASATLS,VQAEAGASATLSC,0.000744,78.0
13,HLA-DRB1*04:04,5,1,13,13,QRSSHSSSS,SQRSSHSSSSGNG,0.00067,80.0
14,HLA-DRB1*04:04,14,1,13,13,RGKMRVHKI,AKPERGKMRVHKI,0.00055,83.0
15,HLA-DRB1*04:04,6,1,13,13,FIPVALFVT,MMFIPVALFVTWS,0.000343,89.0
16,HLA-DRB1*04:04,16,1,13,13,LIFLITMLI,LLIFLITMLILVT,0.000342,89.0
17,HLA-DRB1*04:04,7,1,13,13,PLSQSLYWL,FRPLSQSLYWLLA,0.000232,92.0
0,HLA-DRB1*04:05,1,1,13,13,YLQDSDPDS,SYLQDSDPDSFQD,0.099054,8.3
1,HLA-DRB1*04:05,6,1,13,13,LLSQQMKPG,INLLSQQMKPGMK,0.002107,58.0
2,HLA-DRB1*04:05,4,1,13,13,LTNRSVSLL,AAALTNRSVSLLE,0.000822,75.0
3,HLA-DRB1*04:05,3,1,13,13,EATLRCWAL,DHEATLRCWALSF,0.000374,88.0
4,HLA-DRB1*04:05,2,1,13,13,PSGGRSLGE,PPSGGRSLGEEGP,0.000207,94.0
5,HLA-DRB1*04:05,5,1,13,13,GRGEPRFIA,RPGRGEPRFIAVG,0.000177,95.0
0,HLA-DRB1*15:01,24,1,20,20,LLIYGASSR,KRGQAPRLLIYGASSRATGI,0.336103,1.4
1,HLA-DRB1*15:01,30,1,20,20,NVVYRDLKL,ALDYLHSEKNVVYRDLKLEN,0.08826,5.3
2,HLA-DRB1*15:01,7,1,20,20,FIMFTSAGS,WVSLWKGFSFIMFTSAGSEG,0.06981,6.4
3,HLA-DRB1*15:01,6,1,20,20,VSLWKGFSF,AIPPCPQDWVSLWKGFSFIM,0.042144,9.2
4,HLA-DRB1*15:01,4,1,20,20,LEPYISRCT,APISGRALEPYISRCTVCEG,0.036457,11.0
5,HLA-DRB1*15:01,50,1,20,20,LQKLNSVHA,DLTMLQKLNSVHANNKAFLQ,0.033887,11.0
6,HLA-DRB1*15:01,54,1,20,20,IVAVPAAVD,MPALIVAVPAAVDYRSYGTD,0.028847,12.0
7,HLA-DRB1*15:01,3,1,20,20,YSYWLSTPA,VCNFASRNDYSYWLSTPALM,0.027397,13.0
8,HLA-DRB1*15:01,22,1,20,20,INGYRIVYN,RLTWDPTSRQINGYRIVYNN,0.019496,17.0
9,HLA-DRB1*15:01,52,1,20,20,IGGFGNWLV,IMIGGFGNWLVPLMIGAPDM,0.019133,17.0
10,HLA-DRB1*15:01,19,1,20,20,IHDEPTYAR,FPIIIHDEPTYARSSKNAIK,0.015985,19.0
11,HLA-DRB1*15:01,14,1,20,20,LHTLRPRLL,PPSSLLHTLRPRLLSAEITL,0.011345,23.0
12,HLA-DRB1*15:01,23,1,20,20,IQRMYGCDL,QSEAGSHIIQRMYGCDLGPD,0.010974,23.0
13,HLA-DRB1*15:01,29,1,20,20,LLHLRSEHG,LIKERAAHPLLHLRSEHGAQ,0.010539,24.0
14,HLA-DRB1*15:01,20,1,20,20,LRAGANPAA,DVLELLLRAGANPAARMYGG,0.010123,25.0
15,HLA-DRB1*15:01,28,1,20,20,YLQQNTHTL,NVPYLQQNTHTLPHNHTDLN,0.009913,25.0
16,HLA-DRB1*15:01,2,1,20,20,VCNFASRND,FLFCNINNVCNFASRNDYSY,0.008164,28.0
17,HLA-DRB1*15:01,15,1,20,20,LAALRERLR,EIREAHLAALRERLREKELH,0.007935,28.0
18,HLA-DRB1*15:01,46,1,20,20,LSNFTLPHL,WTVLSNFTLPHLRSGNRLRR,0.005746,34.0
19,HLA-DRB1*15:01,26,1,20,20,MLAAQERRV,AFLMAQGAMLAAQERRVPRA,0.005489,35.0
20,HLA-DRB1*15:01,36,1,20,20,VTIAQGGVL,EELNKLLGKVTIAQGGVLPN,0.005432,35.0
21,HLA-DRB1*15:01,9,1,20,20,IFTRHSQTT,ATGTRMRGFIFTRHSQTTAI,0.005169,36.0
22,HLA-DRB1*15:01,43,1,20,20,FLMLTERKI,VPILIAMAFLMLTERKILGY,0.005075,36.0
23,HLA-DRB1*15:01,51,1,20,20,LQRMSGCDL,QSEDGSHTLQRMSGCDLGPD,0.00481,38.0
24,HLA-DRB1*15:01,21,1,20,20,ILLWFALPP,MPILLWFALPPPSMWLWGFL,0.004523,39.0
25,HLA-DRB1*15:01,41,1,20,20,MAAYGQTQF,ILPTPSSQTMAAYGQTQFTT,0.004223,40.0
26,HLA-DRB1*15:01,40,1,20,20,YEEKSNLMF,AHWHINGKYEEKSNLMFWAK,0.003738,43.0
27,HLA-DRB1*15:01,44,1,20,20,ITQRKWEAA,TAADTAAQITQRKWEAAPEA,0.003149,46.0
28,HLA-DRB1*15:01,53,1,20,20,KKGFLDQAS,MYTYDEYKKGFLDQASGSAV,0.002931,48.0
29,HLA-DRB1*15:01,35,1,20,20,ACAYVNLNI,PGPACAYVNLNICANGSEQG,0.002104,56.0
30,HLA-DRB1*15:01,8,1,20,20,LNPERMFRK,SFWLASLNPERMFRKPIPST,0.001349,68.0
31,HLA-DRB1*15:01,38,1,20,20,LALDVDRTK,LEEQYLGLALDVDRTKKDQE,0.001331,68.0
32,HLA-DRB1*15:01,37,1,20,20,LVNATTEYA,VLQLVNATTEYAEFLHCKGK,0.001284,69.0
33,HLA-DRB1*15:01,13,1,20,20,VQSLQAMES,KTLAYCIPVVQSLQAMESKI,0.001121,72.0
34,HLA-DRB1*15:01,25,1,20,20,LVAAVTYLN,RKHERILSEELVAAVTYLNQ,0.001097,73.0
35,HLA-DRB1*15:01,33,1,20,20,VVGFDLDHT,AACDVVGFDLDHTLCRYNLP,0.001097,73.0
36,HLA-DRB1*15:01,32,1,20,20,LSKQTRTTL,RGKLSKQTRTTLGALVTIDV,0.000889,78.0
37,HLA-DRB1*15:01,17,1,20,20,YHTFEEPVY,NLEWLYGCPPPYHTFEEPVY,0.000883,78.0
38,HLA-DRB1*15:01,16,1,20,20,VYTCQVEHT,MTPQQGDVYTCQVEHTSLDS,0.000709,82.0
39,HLA-DRB1*15:01,47,1,20,20,LSSLLAEGR,AMLSSLLAEGRDSPEDFVFQ,0.000589,85.0
40,HLA-DRB1*15:01,42,1,20,20,ITLLNLYFY,IIPTIMATITLLNLYFYLRL,0.000587,85.0
41,HLA-DRB1*15:01,49,1,20,20,LAMLDLLHV,TRPRPSQPSSLAMLDLLHVA,0.000572,86.0
42,HLA-DRB1*15:01,34,1,20,20,LSASREQEA,EILSLSASREQEAAHKQLMS,0.000461,89.0
43,HLA-DRB1*15:01,31,1,20,20,TRARASCWR,APSLTTPTRARASCWRGRSR,0.00046,89.0
44,HLA-DRB1*15:01,10,1,20,20,PEDKLAQSV,LVVLDLPDLPEDKLAQSVQK,0.000392,91.0
45,HLA-DRB1*15:01,27,1,20,20,LPMEKAIET,DCKASLQLPMEKAIETALDC,0.000344,92.0
46,HLA-DRB1*15:01,45,1,20,20,QKANPDGKK,IAAEQKANPDGKKKGDGGGA,0.000342,92.0
47,HLA-DRB1*15:01,39,1,20,20,AGIISSGPI,NVTGKPGSAGIISSGPITTP,0.00031,94.0
48,HLA-DRB1*15:01,1,1,20,20,FTRHSQTTA,FIFTRHSQTTAIPSCPEGTQ,0.00021,97.0
49,HLA-DRB1*15:01,11,1,20,20,PRGEPRAPW,DSDAASPRGEPRAPWVEQEG,0.000193,97.0
50,HLA-DRB1*15:01,48,1,20,20,ICSDRPPEN,DTTICSDRPPENEKKVEEDI,0.000181,97.0
51,HLA-DRB1*15:01,18,1,20,20,KAEWSDSAQ,GSYSKAEWSDSAQGSESHSL,0.000176,98.0
52,HLA-DRB1*15:01,5,1,20,20,ISRCTVCEG,EPYISRCTVCEGPAMAIAVH,0.000145,99.0
53,HLA-DRB1*15:01,12,1,20,20,QGEEESLPS,GSQQEQGEEESLPSSVPELQ,6.9e-05,100.0
0,HLA-DRB1*15:01,2,1,13,13,VKFYFNKRL,SNQVKFYFNKRLN,0.979011,0.01
1,HLA-DRB1*15:01,8,1,13,13,LSPYATLTV,TKHLSPYATLTVG,0.883195,0.15
2,HLA-DRB1*15:01,3,1,13,13,YEKYSGVFL,KYEKYSGVFLGRA,0.244151,2.8
3,HLA-DRB1*15:01,18,1,13,13,ISTWLAWYQ,QSISTWLAWYQQK,0.244109,2.8
4,HLA-DRB1*15:01,13,1,13,13,FLYSEAWNI,YGSFLYSEAWNIG,0.089438,6.6
5,HLA-DRB1*15:01,16,1,13,13,PLQHHNLLV,KTQPLQHHNLLVC,0.012189,23.0
6,HLA-DRB1*15:01,17,1,13,13,YYMSKSLLK,LDRPYYMSKSLLK,0.008782,27.0
7,HLA-DRB1*15:01,15,1,13,13,QTFLLDPYI,PRPQTFLLDPYIA,0.007816,29.0
8,HLA-DRB1*15:01,11,1,13,13,VLYYFGMAS,LVFLVLYYFGMAS,0.007813,29.0
9,HLA-DRB1*15:01,4,1,13,13,IIEIRLDAY,LLNNIIEIRLDAY,0.003583,42.0
10,HLA-DRB1*15:01,12,1,13,13,FYNSLIWIR,TEFYNSLIWIRDN,0.003058,45.0
11,HLA-DRB1*15:01,1,1,13,13,IVMLTPLVE,VIVMLTPLVEDGV,0.003044,45.0
12,HLA-DRB1*15:01,5,1,13,13,DIPLLDNVI,RGLDIPLLDNVIN,0.002066,53.0
13,HLA-DRB1*15:01,9,1,13,13,FLGLFSLLV,AFLGLFSLLVLQS,0.001466,60.0
14,HLA-DRB1*15:01,10,1,13,13,CKNRLIQMA,TESCKNRLIQMAY,0.000313,89.0
15,HLA-DRB1*15:01,6,1,13,13,QKLVTCTGY,PGSQKLVTCTGYH,0.000284,91.0
16,HLA-DRB1*15:01,14,1,13,13,DQSQTARDL,VRDCDQSQTARDL,0.000179,95.0
17,HLA-DRB1*15:01,7,1,13,13,SASAGELSS,GSASAGELSSSEP,6.1e-05,100.0
0,HLA-DRB1*15:01,2,1,19,19,ILLYYTAKA,SDMADLPGNILLYYTAKAC,0.313111,2.0
1,HLA-DRB1*15:01,6,1,19,19,IIQMTDVLM,EGILEVNIIQMTDVLMPVP,0.201314,3.1
2,HLA-DRB1*15:01,3,1,19,19,PEYWDRETQ,WIEQEGPEYWDRETQISKT,0.005067,41.0
3,HLA-DRB1*15:01,5,1,19,19,FVEKGLQKV,DGRSFVEKGLQKVGYAVVS,0.003536,49.0
4,HLA-DRB1*15:01,4,1,19,19,VASNCVPAQ,STEDVASNCVPAQSLSEPI,0.00033,94.0
5,HLA-DRB1*15:01,1,1,19,19,RFSWGAEGQ,LSRFSWGAEGQRPGFGYGG,0.000211,97.0
0,HLA-DRB1*15:01,2,1,15,15,VHYFKNIVT,ENPVVHYFKNIVTPR,0.986217,0.01
1,HLA-DRB1*15:01,1,1,15,15,VHFFKNIVT,ENPVVHFFKNIVTPR,0.983438,0.01
2,HLA-DRB1*15:01,3,1,15,15,LRAVESYLL,ETLLRAVESYLLAHS,0.84319,0.45
3,HLA-DRB1*15:01,40,1,15,15,VRCYESLIL,AVRCYESLILKAEGK,0.25903,4.8
4,HLA-DRB1*15:01,27,1,15,15,MLQAASHYR,LKDMLQAASHYRQNR,0.143904,8.5
5,HLA-DRB1*15:01,5,1,15,15,LRGFPGDRG,KDGPPGLRGFPGDRG,0.094144,12.0
6,HLA-DRB1*15:01,16,1,15,15,VANNTNEEA,VQDVANNTNEEAGDG,0.04697,18.0
7,HLA-DRB1*15:01,7,1,15,15,LSVSPGERV,QSPAILSVSPGERVS,0.044293,19.0
8,HLA-DRB1*15:01,41,1,15,15,MNQIYGFEG,ETDNMNQIYGFEGEV,0.041696,20.0
9,HLA-DRB1*15:01,35,1,15,15,IENILDNDP,KGTIENILDNDPRDL,0.03423,22.0
10,HLA-DRB1*15:01,28,1,15,15,LDICANGRC,YQGLDICANGRCQKV,0.027679,25.0
11,HLA-DRB1*15:01,26,1,15,15,PAKYKDANI,NLMANRPAKYKDANI,0.026368,25.0
12,HLA-DRB1*15:01,33,1,15,15,LSSTINNQA,KVLSSTINNQAVETD,0.025697,26.0
13,HLA-DRB1*15:01,11,1,15,15,LSTQVVLRR,KPMSLSTQVVLRRKP,0.01048,39.0
14,HLA-DRB1*15:01,31,1,15,15,FILHSNSWD,AWFILHSNSWDPQQM,0.009858,41.0
15,HLA-DRB1*15:01,13,1,15,15,YEMLKEEQE,QPPNYEMLKEEQEVA,0.009494,41.0
16,HLA-DRB1*15:01,37,1,15,15,VGIIVGTVL,GLVGIIVGTVLIIKS,0.00806,44.0
17,HLA-DRB1*15:01,21,1,15,15,LYWLLAADL,PLSQSLYWLLAADLL,0.007985,44.0
18,HLA-DRB1*15:01,22,1,15,15,WLLTTAKNL,TLINEQWLLTTAKNL,0.006939,47.0
19,HLA-DRB1*15:01,17,1,15,15,VEKMPDGSV,FDTQHRVEKMPDGSV,0.00579,51.0
20,HLA-DRB1*15:01,20,1,15,15,VLPTTKLGS,VQVLPTTKLGSEESC,0.005459,52.0
21,HLA-DRB1*15:01,14,1,15,15,MLDLVKPAV,LCQMLDLVKPAVDGK,0.00518,53.0
22,HLA-DRB1*15:01,24,1,15,15,MKEGENNKP,KKMKEGENNKPREKS,0.004826,55.0
23,HLA-DRB1*15:01,12,1,15,15,TAVYYCARC,LRSEDTAVYYCARCP,0.004504,56.0
24,HLA-DRB1*15:01,32,1,15,15,AIGHGRLLK,IKRAIGHGRLLKDGP,0.004337,57.0
25,HLA-DRB1*15:01,42,1,15,15,NTMVGNNEG,GSYNTMVGNNEGSMV,0.004238,57.0
26,HLA-DRB1*15:01,10,1,15,15,ISKASNTPK,ALISKASNTPKLLTI,0.003238,63.0
27,HLA-DRB1*15:01,25,1,15,15,AELIKTHHN,VASGKAELIKTHHND,0.002356,69.0
28,HLA-DRB1*15:01,15,1,15,15,VNSVEEKIL,RLCTVNSVEEKILAA,0.002167,71.0
29,HLA-DRB1*15:01,38,1,15,15,GSGYVSSQQ,SSGGSGSGYVSSQQV,0.002166,71.0
30,HLA-DRB1*15:01,9,1,15,15,YQICFDLYE,LLMAYQICFDLYESA,0.002065,72.0
31,HLA-DRB1*15:01,18,1,15,15,LCLSLSALG,GGSGLCLSLSALGNV,0.00174,75.0
32,HLA-DRB1*15:01,8,1,15,15,MEIVQTMNS,VVLNQGMEIVQTMNS,0.001561,78.0
33,HLA-DRB1*15:01,36,1,15,15,PQMRGPRPR,KNLPQMRGPRPRPAG,0.001311,81.0
34,HLA-DRB1*15:01,34,1,15,15,FHSGHARAL,LFHSGHARALMQAKN,0.001084,84.0
35,HLA-DRB1*15:01,23,1,15,15,QFLICSICL,IDKQFLICSICLERY,0.000917,86.0
36,HLA-DRB1*15:01,6,1,15,15,SEDIADYYC,NTVESEDIADYYCQQ,0.000747,89.0
37,HLA-DRB1*15:01,29,1,15,15,PRSETIWRK,YCQNKPRSETIWRKY,0.000695,90.0
38,HLA-DRB1*15:01,4,1,15,15,PGPVGEQGL,LRGIPGPVGEQGLPG,0.00055,93.0
39,HLA-DRB1*15:01,39,1,15,15,PKFEEDVLS,WNYECPKFEEDVLSS,0.000227,98.0
40,HLA-DRB1*15:01,30,1,15,15,SSALCSLGY,GLGSTRSSALCSLGY,0.000142,100.0
41,HLA-DRB1*15:01,19,1,15,15,CERASGHLW,SFCHCERASGHLWSS,0.000108,100.0
0,HLA-DRB1*15:01,12,1,18,18,FVKFDGQAV,SKFNFVKFDGQAVAWREQ,0.52152,1.3
1,HLA-DRB1*15:01,23,1,18,18,LRHWVSKHA,NVLRHWVSKHAQDFELNN,0.217524,3.8
2,HLA-DRB1*15:01,18,1,18,18,FTHYDASLE,LLFYFFTHYDASLEDQKG,0.035626,17.0
3,HLA-DRB1*15:01,15,1,18,18,ISSIHSLWQ,KVLKAISSIHSLWQVPYF,0.022624,22.0
4,HLA-DRB1*15:01,13,1,18,18,IFMINLKRR,FDEIFMINLKRRKDRRDR,0.02006,24.0
5,HLA-DRB1*15:01,24,1,18,18,LSILEEQQR,IQNTNSLSILEEQQRQQQ,0.019396,24.0
6,HLA-DRB1*15:01,5,1,18,18,VVVHPLVLL,PELAVQKVVVHPLVLLSV,0.016335,26.0
7,HLA-DRB1*15:01,6,1,18,18,IALSAGVSL,ICHRGTGIALSAGVSLFG,0.015476,27.0
8,HLA-DRB1*15:01,20,1,18,18,VLTSLGDAI,KAHGKKVLTSLGDAIKHL,0.009507,35.0
9,HLA-DRB1*15:01,8,1,18,18,MQQFYGINM,AMQQFYGINMTGKVDRNT,0.007507,39.0
10,HLA-DRB1*15:01,10,1,18,18,VSSLADVYA,HTLCLPVVSSLADVYAGV,0.006919,41.0
11,HLA-DRB1*15:01,22,1,18,18,IDINDNAPE,QIYLIDINDNAPELLPKE,0.006793,41.0
12,HLA-DRB1*15:01,4,1,18,18,LIFCHSEKK,VIKGGRHLIFCHSEKKCD,0.005543,46.0
13,HLA-DRB1*15:01,1,1,18,18,LIFCHSKKK,VIKGGRHLIFCHSKKKCD,0.005061,47.0
14,HLA-DRB1*15:01,14,1,18,18,LERADPPKT,NGKDKLERADPPKTHVTH,0.004029,52.0
15,HLA-DRB1*15:01,2,1,18,18,LIFCRSKKK,VIKGGRHLIFCRSKKKCD,0.002931,59.0
16,HLA-DRB1*15:01,3,1,18,18,IFCHPKKKC,VIKGGRHLIFCHPKKKCD,0.002686,61.0
17,HLA-DRB1*15:01,19,1,18,18,VSTLPQSPA,TAPAQVSTLPQSPAALSS,0.002241,66.0
18,HLA-DRB1*15:01,9,1,18,18,GVPYRVLEH,EHGSRSASGVPYRVLEHT,0.001839,70.0
19,HLA-DRB1*15:01,11,1,18,18,FKDSSLASV,EEAKFKDSSLASVVVGVI,0.001563,73.0
20,HLA-DRB1*15:01,21,1,18,18,LTSLIPPIL,HTTMTTLTLTSLIPPILT,0.001468,74.0
21,HLA-DRB1*15:01,17,1,18,18,DVCKSTHHG,KRCRRKDVCKSTHHGCEH,0.00049,92.0
22,HLA-DRB1*15:01,7,1,18,18,AVNDTILAV,CADTAVNDTILAVLVAFL,0.000259,97.0
23,HLA-DRB1*15:01,16,1,18,18,VLLVCGWIC,IVVLPLSLVLLVCGWICG,0.000195,98.0
0,HLA-DRB1*11:01,2,1,15,15,FTSQYRIQG,EHPTFTSQYRIQGKL,0.968632,0.04
1,HLA-DRB1*11:01,1,1,15,15,VYYCSRNYY,EDTGVYYCSRNYYGS,0.337829,6.2
2,HLA-DRB1*11:01,10,1,15,15,IVLRDSLHQ,ILSIVLRDSLHQPQY,0.230134,8.6
3,HLA-DRB1*11:01,5,1,15,15,LIYTHNTLG,LIALIYTHNTLGSLN,0.086926,18.0
4,HLA-DRB1*11:01,6,1,15,15,FIKQNNPKF,YYSFIKQNNPKFSAV,0.074034,19.0
5,HLA-DRB1*11:01,9,1,15,15,FQKSPKQGR,TFQKSPKQGRKAVQK,0.024428,34.0
6,HLA-DRB1*11:01,8,1,15,15,YSLTELNMA,STRYSLTELNMAGCN,0.021788,35.0
7,HLA-DRB1*11:01,3,1,15,15,LRAEDTAVY,MNSLRAEDTAVYYCA,0.009821,49.0
8,HLA-DRB1*11:01,12,1,15,15,EASKKAWVS,KREASKKAWVSVTNN,0.005514,58.0
9,HLA-DRB1*11:01,7,1,15,15,FLHICTHAF,AFLHICTHAFFKAML,0.003803,65.0
10,HLA-DRB1*11:01,11,1,15,15,YNQSEDGSH,GYYNQSEDGSHTLQR,0.001382,82.0
11,HLA-DRB1*11:01,4,1,15,15,IVAGLAVLA,GIVAGLAVLAVLAVL,0.00057,92.0
0,HLA-DRB1*11:01,7,1,20,20,VEAAQKANA,VPFEMVVEAAQKANAHGFIM,0.225541,4.6
1,HLA-DRB1*11:01,4,1,20,20,YARFDSDVG,NQEEYARFDSDVGEYRAVRE,0.06173,13.0
2,HLA-DRB1*11:01,1,1,20,20,LVLNPSVAA,QGYKVLVLNPSVAATLGFGA,0.035215,18.0
3,HLA-DRB1*11:01,5,1,20,20,FITVGYVDD,GEPRFITVGYVDDTQFVRFD,0.008135,38.0
4,HLA-DRB1*11:01,2,1,20,20,YLVAYQATV,KQSGENLPYLVAYQATVCAR,0.003591,53.0
5,HLA-DRB1*11:01,3,1,20,20,KVAEQTFIK,EVQKKVAEQTFIKDDYLETI,0.003188,55.0
6,HLA-DRB1*11:01,12,1,20,20,AKATEAGKR,KPRASGPPAKATEAGKRKSS,0.001923,65.0
7,HLA-DRB1*11:01,9,1,20,20,FFNNVGGNL,SQTSSRACNFFNNVGGNLKG,0.001288,73.0
8,HLA-DRB1*11:01,11,1,20,20,FENAESEAD,AEFENAESEADFSIHFNRFN,0.001052,77.0
9,HLA-DRB1*11:01,10,1,20,20,IVGIVAGLA,VPIVGIVAGLAVLAVVVIGA,0.000688,84.0
10,HLA-DRB1*11:01,8,1,20,20,IWSVGATGD,FSLIWSVGATGDSSGRTSFS,0.000592,86.0
11,HLA-DRB1*11:01,6,1,20,20,VKPTQTLTL,LKESGPTLVKPTQTLTLTCT,0.00052,88.0
0,HLA-DRB1*01:01,29,1,20,20,YLVERARDA,GRLRARRRYLVERARDARVV,0.607683,0.58
1,HLA-DRB1*01:01,5,1,20,20,YAVFEAALT,VAAAPQVKYAVFEAALTKAI,0.143432,4.1
2,HLA-DRB1*01:01,14,1,20,20,WEAAREAEQ,ITQRKWEAAREAEQLRAYLE,0.049656,8.7
3,HLA-DRB1*01:01,25,1,20,20,LRRVAGTPC,EMEEWVKFLRRVAGTPCGVF,0.044061,9.5
4,HLA-DRB1*01:01,28,1,20,20,LFSALGQSS,LGLKKLFSALGQSSRPKLGK,0.035682,11.0
5,HLA-DRB1*01:01,9,1,20,20,LKYMKSKNI,LYLCEFCLKYMKSKNILLRH,0.023972,14.0
6,HLA-DRB1*01:01,10,1,20,20,LVLLVGNYM,NRLLELVLLVGNYMNSGSRN,0.021709,15.0
7,HLA-DRB1*01:01,16,1,20,20,YFKINGFPI,IKGSPGLSFYFKINGFPIFL,0.020084,15.0
8,HLA-DRB1*01:01,21,1,20,20,YQYNTDVVF,PPDGRYQYNTDVVFDSQGKL,0.018347,16.0
9,HLA-DRB1*01:01,4,1,20,20,LASLNPERM,SFWLASLNPERMFRKPIPST,0.016889,17.0
10,HLA-DRB1*01:01,27,1,20,20,LFLALAVLV,VHWSRRPLFLALAVLVTTVL,0.013286,19.0
11,HLA-DRB1*01:01,15,1,20,20,YYNQSEAGS,RVDLGTLRGYYNQSEAGSHT,0.007116,26.0
12,HLA-DRB1*01:01,18,1,20,20,VESLPGGHV,AVESLPGGHVRGVAPQIPGE,0.005705,29.0
13,HLA-DRB1*01:01,19,1,20,20,YECEIQNPV,GPYECEIQNPVSANRSDPVT,0.004778,32.0
14,HLA-DRB1*01:01,22,1,20,20,VTLLLGLLL,GSPWQWVTLLLGLLLPPAAP,0.002978,40.0
15,HLA-DRB1*01:01,6,1,20,20,VSCLRIPAV,NLFSLVQVSCLRIPAVRTVL,0.001952,49.0
16,HLA-DRB1*01:01,23,1,20,20,FTSTSRSKS,ATARSTESFTSTSRSKSEVS,0.001714,53.0
17,HLA-DRB1*01:01,8,1,20,20,FLSRNKQLY,QVVDFLSRNKQLYQKTEILS,0.001402,58.0
18,HLA-DRB1*01:01,7,1,20,20,LTGALSALL,PWPLTGALSALLMTSGLAMW,0.001325,59.0
19,HLA-DRB1*01:01,11,1,20,20,VARQALHDV,QVIRVARQALHDVPRHLPAL,0.00125,61.0
20,HLA-DRB1*01:01,13,1,20,20,TRPISPKEI,LLREQSRTRPISPKEIERMV,0.001105,64.0
21,HLA-DRB1*01:01,12,1,20,20,FVVREDLMG,AAFHEEFVVREDLMGLAIGT,0.001023,66.0
22,HLA-DRB1*01:01,24,1,20,20,WTADHLKER,SFPVWTADHLKERSQENQSK,0.000889,69.0
23,HLA-DRB1*01:01,30,1,20,20,ISPRSPQHG,RVPQHRDQISPRSPQHGGQI,0.000827,71.0
24,HLA-DRB1*01:01,2,1,20,20,LEPYISRCT,APISGRALEPYISRCTVCEG,0.000549,81.0
25,HLA-DRB1*01:01,3,1,20,20,ISRCTVCEG,EPYISRCTVCEGPAMAIAVH,0.000439,86.0
26,HLA-DRB1*01:01,1,1,20,20,HSQTTAIPS,FIFTRHSQTTAIPSCPEGTQ,0.000301,92.0
27,HLA-DRB1*01:01,20,1,20,20,ISSSSSSRG,GGISSSSSSRGGSAKGWQYS,0.000257,94.0
28,HLA-DRB1*01:01,17,1,20,20,PKAVSLMTA,CSCIPSTLPDPKAVSLMTAK,0.00022,95.0
29,HLA-DRB1*01:01,26,1,20,20,NDMGGSQRV,QVCKNDMGGSQRVLEKQWTS,0.000133,98.0
0,HLA-DRB1*01:01,1,1,16,16,IAPEYAYKI,SNGNFIAPEYAYKIVK,0.6816,1.7
1,HLA-DRB1*01:01,4,1,16,16,VGEQVPSEV,KYVGEQVPSEVHSQTW,0.003477,57.0
2,HLA-DRB1*01:01,2,1,16,16,ICTDPISKQ,QEVPICTDPISKQEDS,0.001027,82.0
3,HLA-DRB1*01:01,3,1,16,16,NERARLYFL,ICKSPNERARLYFLLA,0.000357,96.0
4,HLA-DRB1*01:01,5,1,16,16,QLPEEWENN,PHESQLPEEWENNRES,0.00031,97.0
5,HLA-DRB1*01:01,6,1,16,16,CDPDKDHPG,NSGPPDCDPDKDHPGS,5.8e-05,100.0
0,HLA-DRB1*01:01,6,1,14,14,WRFLRGYHQ,DVGSDWRFLRGYHQ,0.680081,1.4
1,HLA-DRB1*01:01,2,1,14,14,FMKLGGSGS,ITKYFMKLGGSGSP,0.522366,2.3
2,HLA-DRB1*01:01,1,1,14,14,YGKIDTIEI,FEEYGKIDTIEIIT,0.197683,6.4
3,HLA-DRB1*01:01,8,1,14,14,WTAADTAAQ,DLRSWTAADTAAQI,0.187912,6.7
4,HLA-DRB1*01:01,11,1,14,14,FTDNAVAFD,IKAFTDNAVAFDTG,0.006724,38.0
5,HLA-DRB1*01:01,4,1,14,14,LRAKLGLKP,ETNKLRAKLGLKPL,0.002502,56.0
6,HLA-DRB1*01:01,9,1,14,14,VAEQQRAYL,EAAHVAEQQRAYLE,0.001514,67.0
7,HLA-DRB1*01:01,5,1,14,14,IGRGRYGAV,ELIGRGRYGAVYKG,0.001427,68.0
8,HLA-DRB1*01:01,12,1,14,14,VEWLRRYLE,GECVEWLRRYLENG,0.001033,75.0
9,HLA-DRB1*01:01,10,1,14,14,ISDDEAEEE,EISDDEAEEEKGEK,0.00098,76.0
10,HLA-DRB1*01:01,7,1,14,14,QVPAPLLPS,RQVPAPLLPSCDAT,0.000309,94.0
11,HLA-DRB1*01:01,3,1,14,14,STQDKPNQQ,IASTQDKPNQQDIV,0.000206,97.0
0,HLA-DRB1*01:01,6,1,19,19,FISVGYVDD,GEPRFISVGYVDDTQFVRF,0.005296,36.0
1,HLA-DRB1*01:01,1,1,19,19,CNQMHASYL,GLMQNCNQMHASYLFQQDK,0.004321,39.0
2,HLA-DRB1*01:01,5,1,19,19,YITKASSMR,IRDYITKASSMREDLVEKN,0.003908,41.0
3,HLA-DRB1*01:01,3,1,19,19,FIGPTPCPS,KRIFIGPTPCPSCGSSPSE,0.000566,84.0
4,HLA-DRB1*01:01,4,1,19,19,PAAGCPAPC,LLAPPSRPAAGCPAPCSCA,0.000309,93.0
5,HLA-DRB1*01:01,2,1,19,19,VDQELFNEY,EEAQAVDQELFNEYQFSVD,0.000263,95.0
0,HLA-DRB1*01:01,1,1,13,13,YVKQNTLKL,PKYVKQNTLKLAT,0.833016,0.4
1,HLA-DRB1*01:01,5,1,13,13,PRFISVGYV,GRGEPRFISVGYV,0.002635,43.0
2,HLA-DRB1*01:01,2,1,13,13,GRLLRGYDQ,PDGRLLRGYDQSA,0.001989,49.0
3,HLA-DRB1*01:01,6,1,13,13,QTGVDTSKT,GTIQTGVDTSKTV,0.000427,83.0
4,HLA-DRB1*01:01,3,1,13,13,ESPVRILNL,LDPESPVRILNLR,0.000419,83.0
5,HLA-DRB1*01:01,4,1,13,13,EQRIGPLAF,SCAEQRIGPLAFL,0.000173,95.0
0,HLA-DRB1*01:01,6,1,15,15,YASLRSLVA,VPDYASLRSLVASSG,0.986693,0.01
1,HLA-DRB1*01:01,8,1,15,15,VRHLAGEVA,EYVRHLAGEVAKEWQ,0.784354,1.1
2,HLA-DRB1*01:01,32,1,15,15,FYTSVSRPG,MRYFYTSVSRPGRGE,0.769105,1.2
3,HLA-DRB1*01:01,1,1,15,15,YVLEGTLTA,VLKSYVLEGTLTAEK,0.678399,1.8
4,HLA-DRB1*01:01,4,1,15,15,IVRMYSPTS,LNKIVRMYSPTSILD,0.371345,4.7
5,HLA-DRB1*01:01,17,1,15,15,VVVVHGRRT,SAADVVVVHGRRTAI,0.311849,5.8
6,HLA-DRB1*01:01,20,1,15,15,VERMGAKGL,AAEVEVERMGAKGLQ,0.291369,6.1
7,HLA-DRB1*01:01,5,1,15,15,LTQSPAILS,DILLTQSPAILSVSP,0.101639,13.0
8,HLA-DRB1*01:01,18,1,15,15,YRGQWGTVC,IFYRGQWGTVCDNLW,0.076062,15.0
9,HLA-DRB1*01:01,2,1,15,15,YRPPNAPIL,PPAYRPPNAPILSTL,0.065687,17.0
10,HLA-DRB1*01:01,34,1,15,15,VSALQQQLL,DPAVSALQQQLLLMV,0.044711,20.0
11,HLA-DRB1*01:01,21,1,15,15,YRRTALLRA,DYMYRRTALLRAHQS,0.043853,20.0
12,HLA-DRB1*01:01,36,1,15,15,LRPLLSLQW,DPDALRPLLSLQWKN,0.021051,28.0
13,HLA-DRB1*01:01,9,1,15,15,INCKSSQSV,GERATINCKSSQSVL,0.015014,33.0
14,HLA-DRB1*01:01,26,1,15,15,ITPVDAVIE,TEITPVDAVIELAND,0.006071,48.0
15,HLA-DRB1*01:01,33,1,15,15,LYLVNGLHP,GVGDTLYLVNGLHPL,0.004914,52.0
16,HLA-DRB1*01:01,23,1,15,15,MKWSAAVLW,LHGSNMKWSAAVLWA,0.004478,53.0
17,HLA-DRB1*01:01,29,1,15,15,LCRVQPITS,TLPLCRVQPITSSHL,0.003517,58.0
18,HLA-DRB1*01:01,16,1,15,15,LSPQGVSKT,GDGGELSPQGVSKTL,0.00302,62.0
19,HLA-DRB1*01:01,35,1,15,15,KTHVTHHPL,EPPKTHVTHHPLSDH,0.002846,63.0
20,HLA-DRB1*01:01,30,1,15,15,ERATLSCRA,LSPGERATLSCRASQ,0.002726,64.0
21,HLA-DRB1*01:01,13,1,15,15,IPSYDTHKI,LDQIPSYDTHKIAVL,0.002373,67.0
22,HLA-DRB1*01:01,28,1,15,15,HEMQQPLVV,ERFIEPHEMQQPLVV,0.002241,68.0
23,HLA-DRB1*01:01,14,1,15,15,SKFPVTRLL,ANSKFPVTRLLDTRL,0.001838,72.0
24,HLA-DRB1*01:01,10,1,15,15,LHTREVSKN,SIGLHTREVSKNYEQ,0.001458,77.0
25,HLA-DRB1*01:01,15,1,15,15,PSQELPSSV,VLHRPSQELPSSVQV,0.001413,78.0
26,HLA-DRB1*01:01,3,1,15,15,PVGEQGLPG,LRGIPGPVGEQGLPG,0.001384,78.0
27,HLA-DRB1*01:01,24,1,15,15,HKSFATHKL,DSEKPSHKSFATHKL,0.001195,81.0
28,HLA-DRB1*01:01,11,1,15,15,QGNQEPTTT,ARDSQGNQEPTTTPD,0.000713,89.0
29,HLA-DRB1*01:01,31,1,15,15,MDDSSVTEH,VKAMDDSSVTEHQKV,0.000705,90.0
30,HLA-DRB1*01:01,7,1,15,15,VTAPRTVLL,RVTAPRTVLLLLWGA,0.000691,90.0
31,HLA-DRB1*01:01,19,1,15,15,ISDTFDPYL,CHGISDTFDPYLDIA,0.000465,95.0
32,HLA-DRB1*01:01,12,1,15,15,TLLLFAAPF,SPLLLWTLLLFAAPF,0.000282,98.0
33,HLA-DRB1*01:01,25,1,15,15,IMPDNNGSS,LIMPDNNGSSMDDWE,0.000182,99.0
34,HLA-DRB1*01:01,22,1,15,15,EQSEEDGKR,GSESEQSEEDGKRKT,0.000178,99.0
35,HLA-DRB1*01:01,27,1,15,15,LPPESSMES,EAPALPPESSMESLT,0.000139,100.0
0,HLA-DRB1*04:01,1,1,14,14,YGKIDTIEI,FEEYGKIDTIEIIT,0.183472,7.4
1,HLA-DRB1*04:01,3,1,14,14,IPRQDCNTS,PFYIPRQDCNTSLV,0.001923,65.0
2,HLA-DRB1*04:01,6,1,14,14,LGLSLGSNS,SGSSLGLSLGSNST,0.001633,68.0
3,HLA-DRB1*04:01,4,1,14,14,VAEQLRAYL,AARVAEQLRAYLEG,0.001139,74.0
4,HLA-DRB1*04:01,5,1,14,14,PLLARLLKT,AGGIPLLARLLKTS,0.000669,83.0
5,HLA-DRB1*04:01,2,1,14,14,CGSPRSHTA,SDECGSPRSHTAAC,2.7e-05,100.0
0,HLA-DRB1*04:01,1,1,17,17,YGKIDTIEI,RDYFEEYGKIDTIEIIT,0.060203,18.0
1,HLA-DRB1*04:01,6,1,17,17,LTRMESQLS,ELTRMESQLSASKPTGG,0.020779,31.0
2,HLA-DRB1*04:01,3,1,17,17,NEAEAREKA,WVSGRNEAEAREKAAKE,0.001846,73.0
3,HLA-DRB1*04:01,2,1,17,17,FLLMYTAGF,DQFLLMYTAGFLQIQEI,0.00142,78.0
4,HLA-DRB1*04:01,4,1,17,17,FAEAGKLLV,LLLTCGFAEAGKLLVVP,0.001352,78.0
5,HLA-DRB1*04:01,5,1,17,17,LALTIALLL,ITAPTLALTIALLLWTP,0.000683,88.0
0,HLA-DRB1*04:01,2,1,19,19,LLALKQQQQ,QQLQQELLALKQQQQLQKQ,0.006987,40.0
1,HLA-DRB1*04:01,6,1,19,19,YKRRLDLDF,CGKGYKRRLDLDFHQRVHR,0.002938,56.0
2,HLA-DRB1*04:01,1,1,19,19,WGAEGQRPG,LSRFSWGAEGQRPGFGYGG,0.002389,59.0
3,HLA-DRB1*04:01,5,1,19,19,SKSDSSDSN,SSDSDSKSDSSDSNSSDSS,0.001827,65.0
4,HLA-DRB1*04:01,3,1,19,19,RELLLVHRF,SSFDPCMYRELLLVHRFAP,0.000196,96.0
5,HLA-DRB1*04:01,4,1,19,19,LLMKFSRRM,SFFETEHLLMKFSRRMAIM,0.000196,96.0
0,HLA-DRB1*04:01,3,1,13,13,FRMVISNPA,NFFRMVISNPAAT,0.893715,0.09
1,HLA-DRB1*04:01,1,1,13,13,YRICVTNRG,TVYRICVTNRGSA,0.858738,0.16
2,HLA-DRB1*04:01,4,1,13,13,FTLASSETG,RSFTLASSETGVG,0.833647,0.19
3,HLA-DRB1*04:01,2,1,13,13,LALEGSLQS,QPLALEGSLQSRG,0.695604,0.55
4,HLA-DRB1*04:01,7,1,13,13,IEKMNTQTE,KMIEKMNTQTEVR,0.301318,3.1
5,HLA-DRB1*04:01,27,1,13,13,YFTNGTERV,GMCYFTNGTERVR,0.282105,3.3
6,HLA-DRB1*04:01,30,1,13,13,MNSDPNINQ,LWYMNSDPNINQF,0.240579,3.9
7,HLA-DRB1*04:01,11,1,13,13,FNSQLAPGV,HKDFNSQLAPGVD,0.226677,4.1
8,HLA-DRB1*04:01,32,1,13,13,IKYIVNRGE,LDIIKYIVNRGEH,0.221334,4.2
9,HLA-DRB1*04:01,6,1,13,13,VEKMNTQYT,EKVEKMNTQYTAT,0.213341,4.4
10,HLA-DRB1*04:01,38,1,13,13,IQQLADRFS,KAPIQQLADRFSG,0.149946,6.1
11,HLA-DRB1*04:01,29,1,13,13,VKLTVSNVL,SKNVKLTVSNVLK,0.070211,11.0
12,HLA-DRB1*04:01,37,1,13,13,LLRGHDQSA,PDGRLLRGHDQSA,0.043246,15.0
13,HLA-DRB1*04:01,17,1,13,13,WATTQTTQL,HWATTQTTQLSLS,0.012309,27.0
14,HLA-DRB1*04:01,22,1,13,13,HASVESASS,HTHASVESASSHQ,0.008244,32.0
15,HLA-DRB1*04:01,33,1,13,13,FLLGVTKYT,LFLLGVTKYTAGP,0.005862,36.0
16,HLA-DRB1*04:01,18,1,13,13,VASLRQAPG,GKSNVASLRQAPG,0.004093,42.0
17,HLA-DRB1*04:01,12,1,13,13,VLPYPCWSG,PQVLPYPCWSGAP,0.004039,42.0
18,HLA-DRB1*04:01,41,1,13,13,LTQDSRMES,MTSKLTQDSRMES,0.003807,43.0
19,HLA-DRB1*04:01,35,1,13,13,WEAARAAEQ,WEAARAAEQQRAY,0.0038,43.0
20,HLA-DRB1*04:01,16,1,13,13,VCAERTVLL,RIVCAERTVLLLQ,0.003531,44.0
21,HLA-DRB1*04:01,28,1,13,13,EKSCSVWHA,SPAEKSCSVWHAA,0.00336,45.0
22,HLA-DRB1*04:01,31,1,13,13,VNGQSLEGV,IIAVNGQSLEGVT,0.00318,46.0
23,HLA-DRB1*04:01,9,1,13,13,ILRQNEQRW,QGILRQNEQRWRW,0.002871,47.0
24,HLA-DRB1*04:01,5,1,13,13,FTNRINKLK,QDFTNRINKLKNS,0.002563,49.0
25,HLA-DRB1*04:01,36,1,13,13,AVPADLAEM,PEPAVPADLAEMA,0.002309,51.0
26,HLA-DRB1*04:01,40,1,13,13,VTELGRPDA,RAVTELGRPDAEY,0.002046,54.0
27,HLA-DRB1*04:01,23,1,13,13,VTLAAHLPA,CLLVTLAAHLPAE,0.00182,56.0
28,HLA-DRB1*04:01,25,1,13,13,LNSQVTGLP,SLNSQVTGLPLGT,0.001452,60.0
29,HLA-DRB1*04:01,24,1,13,13,VEFVCKVYS,GDVEFVCKVYSDA,0.00144,60.0
30,HLA-DRB1*04:01,26,1,13,13,TTPLPVTDA,GHTTPLPVTDASS,0.000866,69.0
31,HLA-DRB1*04:01,8,1,13,13,LAIAMYHLD,FSSGLAIAMYHLD,0.000602,76.0
32,HLA-DRB1*04:01,10,1,13,13,MTEREDDLN,VWPMTEREDDLNV,0.000512,79.0
33,HLA-DRB1*04:01,34,1,13,13,LFEKQDTYL,DKNHLFEKQDTYL,0.000471,80.0
34,HLA-DRB1*04:01,15,1,13,13,ISISGSSRP,SISISGSSRPCLD,0.000334,85.0
35,HLA-DRB1*04:01,39,1,13,13,LSSNKLKTV,CLDLSSNKLKTVK,0.000303,86.0
36,HLA-DRB1*04:01,21,1,13,13,LSSPASSGS,SPLSSPASSGSCA,0.00024,89.0
37,HLA-DRB1*04:01,14,1,13,13,NIAGLSHFC,SDPPNIAGLSHFC,0.000199,91.0
38,HLA-DRB1*04:01,19,1,13,13,DTPNLSFYR,NGDTPNLSFYRNE,0.000186,92.0
39,HLA-DRB1*04:01,42,1,13,13,VCTPREELS,RCPVCTPREELSS,0.000105,96.0
40,HLA-DRB1*04:01,13,1,13,13,WLGLNVFLF,LVVWLGLNVFLFV,5e-05,99.0
41,HLA-DRB1*04:01,20,1,13,13,LSVLEFCIA,LLLSVLEFCIAVS,1.5e-05,100.0
0,HLA-DRB1*04:01,1,1,16,16,YQQLNSERG,ELEKYQQLNSERGVPN,0.912421,0.14
1,HLA-DRB1*04:01,6,1,16,16,LVLDTVGAG,VLLVLDTVGAGNGMIG,0.109987,13.0
2,HLA-DRB1*04:01,5,1,16,16,VTLLRSPKR,YTVNVTLLRSPKRHSV,0.028431,28.0
3,HLA-DRB1*04:01,4,1,16,16,VRNAQAPPR,RNVRNAQAPPRPGACL,0.017225,35.0
4,HLA-DRB1*04:01,3,1,16,16,IIAESLQGW,VTSIIAESLQGWNLVQ,0.000688,88.0
5,HLA-DRB1*04:01,2,1,16,16,TRGCVSHGA,GRTRGCVSHGAGVLTC,0.000299,95.0
0,HLA-DRB1*04:01,7,1,20,20,FRMVISNPA,KVNFFRMVISNPAATHQDID,0.578291,0.38
1,HLA-DRB1*04:01,27,1,20,20,FDTAVSRPG,HSMRYFDTAVSRPGRGEPRF,0.462791,0.77
2,HLA-DRB1*04:01,3,1,20,20,YASLRSLVA,CYPYDVPDYASLRSLVASSG,0.34852,1.3
3,HLA-DRB1*04:01,60,1,20,20,YLQMNSLKT,DSKTTLYLQMNSLKTDDTAV,0.283654,1.8
4,HLA-DRB1*04:01,50,1,20,20,LQMQTTALE,VVVRRTKLQMQTTALEFRQR,0.187138,3.2
5,HLA-DRB1*04:01,23,1,20,20,IKAIGNEVT,LDALEKIKAIGNEVTVDKWE,0.183448,3.2
6,HLA-DRB1*04:01,55,1,20,20,FEDVAVNFS,NSVQGTVAFEDVAVNFSQEE,0.078604,7.2
7,HLA-DRB1*04:01,4,1,20,20,FVQNALNGN,GLQRRRFVQNALNGNGDPNN,0.073411,7.6
8,HLA-DRB1*04:01,6,1,20,20,FTSEHSHFS,LIAFTSEHSHFSLKKGAAAL,0.071324,7.7
9,HLA-DRB1*04:01,35,1,20,20,FIGDEAIEK,KGVDDLDFFIGDEAIEKPTY,0.041158,12.0
10,HLA-DRB1*04:01,48,1,20,20,LTKDLPAIQ,LPHQDPLLTKDLPAIQESPT,0.026461,16.0
11,HLA-DRB1*04:01,9,1,20,20,LFCDESLSS,WEDLFCDESLSSPEPPSSSE,0.025832,17.0
12,HLA-DRB1*04:01,11,1,20,20,YTSFNTVDE,DRTIPDYTSFNTVDEWLEAI,0.025513,17.0
13,HLA-DRB1*04:01,29,1,20,20,LYSGRPNSG,ATLAGRLYSGRPNSGSREDS,0.022791,18.0
14,HLA-DRB1*04:01,8,1,20,20,IEKMNTQFT,EITNKVNSVIEKMNTQFTAV,0.015982,22.0
15,HLA-DRB1*04:01,32,1,20,20,VAIARAILK,SGGEKQRVAIARAILKDPPV,0.011777,25.0
16,HLA-DRB1*04:01,49,1,20,20,FQQSPVRPS,QGHGNLSGTSFQQSPVRPSF,0.009688,28.0
17,HLA-DRB1*04:01,12,1,20,20,FRPVRPQIR,IGERTGFRPVRPQIRLEREQ,0.009612,29.0
18,HLA-DRB1*04:01,28,1,20,20,YHLSPLPKP,QLKMLNTNYHLSPLPKPMKM,0.009297,29.0
19,HLA-DRB1*04:01,30,1,20,20,IYCKSDDRT,PNPGNWPPIYCKSDDRTRVN,0.008712,30.0
20,HLA-DRB1*04:01,43,1,20,20,AVAAEAEPG,QGSAVAAEAEPGKEEPPARS,0.007075,33.0
21,HLA-DRB1*04:01,54,1,20,20,IALNDHLKQ,SGMQIALNDHLKQRREVAKT,0.00673,34.0
22,HLA-DRB1*04:01,5,1,20,20,ILLQYVVKS,DVMNILLQYVVKSFDRSTKV,0.005345,38.0
23,HLA-DRB1*04:01,57,1,20,20,FIDLPTPSN,INPLMKLINRSFIDLPTPSN,0.005074,39.0
24,HLA-DRB1*04:01,19,1,20,20,LRTEAKVKE,RCHQHFLRTEAKVKEEIPDP,0.004067,43.0
25,HLA-DRB1*04:01,36,1,20,20,LEREPCKIS,LRGHPTPLEREPCKISFSRI,0.003898,43.0
26,HLA-DRB1*04:01,52,1,20,20,LRSEDTAVY,MELSSLRSEDTAVYYCAGGD,0.003818,44.0
27,HLA-DRB1*04:01,22,1,20,20,FWGGSPRRG,QNFFWGGSPRRGTRWDCGYC,0.003652,45.0
28,HLA-DRB1*04:01,25,1,20,20,LYGSKGETQ,PPELYGSKGETQIKENHGWI,0.003642,45.0
29,HLA-DRB1*04:01,14,1,20,20,VAAQGVPQH,VVAAAAAAAVAAQGVPQHLL,0.00282,50.0
30,HLA-DRB1*04:01,20,1,20,20,FKSTKLPTP,HEQTLASPSVFKSTKLPTPG,0.002804,50.0
31,HLA-DRB1*04:01,33,1,20,20,RIAEHIAKE,RYSATRIAEHIAKEMKMKIF,0.002085,56.0
32,HLA-DRB1*04:01,15,1,20,20,LSSPTTPRD,ESRPSMGRKLSSPTTPRDML,0.001806,59.0
33,HLA-DRB1*04:01,1,1,20,20,LNKIQNSLS,EYLNKIQNSLSTEWSPCSVT,0.001276,66.0
34,HLA-DRB1*04:01,2,1,20,20,MQEQNAKFF,DEEFNKKMQEQNAKFFADKP,0.001258,66.0
35,HLA-DRB1*04:01,58,1,20,20,FRSWASGAL,LWLSFRSWASGALVSLVDTS,0.00116,68.0
36,HLA-DRB1*04:01,31,1,20,20,LIPVLVFPE,AAPTGNTSLIPVLVFPEGSF,0.001047,70.0
37,HLA-DRB1*04:01,42,1,20,20,NKSLKNQLG,SNAGNKSLKNQLGLTFQLHL,0.001032,70.0
38,HLA-DRB1*04:01,37,1,20,20,KAIASSLKS,QNQKAIASSLKSWNETLTSR,0.000911,72.0
39,HLA-DRB1*04:01,51,1,20,20,RMGQQVLDN,SPCSRKKPRMGQQVLDNFFR,0.000843,74.0
40,HLA-DRB1*04:01,13,1,20,20,LGILVSYQI,DRTVLGILVSYQIKVKLTVS,0.000735,77.0
41,HLA-DRB1*04:01,56,1,20,20,LVCGDHLRG,GDSGGPLVCGDHLRGLVSWG,0.000669,78.0
42,HLA-DRB1*04:01,46,1,20,20,LPHQDPLLT,LPAGQEPLPHQDPLLTKDLP,0.000638,79.0
43,HLA-DRB1*04:01,39,1,20,20,LAILAVLGA,AVLAVLAVLAILAVLGAVVA,0.000624,79.0
44,HLA-DRB1*04:01,26,1,20,20,MAPRAPWIE,DSDAASPRMAPRAPWIEQEG,0.000555,81.0
45,HLA-DRB1*04:01,40,1,20,20,TKHQRTHTG,HLTKHQRTHTGERPYKCLVC,0.000525,82.0
46,HLA-DRB1*04:01,18,1,20,20,PKTHVTHHP,ETLQRAEHPKTHVTHHPVSD,0.000511,83.0
47,HLA-DRB1*04:01,44,1,20,20,HTGEKPYVC,SQLHVHKRIHTGEKPYVCNK,0.000446,85.0
48,HLA-DRB1*04:01,53,1,20,20,LLLLSGALA,RVTAPRTVLLLLSGALALTE,0.000427,85.0
49,HLA-DRB1*04:01,21,1,20,20,VKSCDDFMG,PAAPTCEVKSCDDFMGQLLN,0.000423,86.0
50,HLA-DRB1*04:01,45,1,20,20,LRPEMRTKE,QELCHGWLRPEMRTKEQILE,0.000337,89.0
51,HLA-DRB1*04:01,10,1,20,20,HCSLKTLKQ,CISCKLSRQHCSLKTLKQKN,0.000334,89.0
52,HLA-DRB1*04:01,16,1,20,20,LGLMMVTIG,VAFSTSSQLGLMMVTIGINQ,0.000333,89.0
53,HLA-DRB1*04:01,38,1,20,20,VFTQRKITR,AQLNHCVFTQRKITRPSQRP,0.000324,89.0
54,HLA-DRB1*04:01,41,1,20,20,ISSLEPEDF,FTLTISSLEPEDFAIYYCQQ,0.000315,90.0
55,HLA-DRB1*04:01,59,1,20,20,FLGFIVWAH,WAMMSIGFLGFIVWAHHMFT,0.000231,93.0
56,HLA-DRB1*04:01,34,1,20,20,GLTEAPQLL,CNGEAGGLPGLTEAPQLLPP,0.000182,95.0
57,HLA-DRB1*04:01,17,1,20,20,LGAVVTAMM,VLVVLAVLGAVVTAMMCRRK,0.000179,95.0
58,HLA-DRB1*04:01,24,1,20,20,VTAMMCRRK,GAVVTAMMCRRKSSGGKGGS,0.000176,95.0
59,HLA-DRB1*04:01,47,1,20,20,DSSGYYYWW,YCAKEGGDSSGYYYWWYFDY,1.7e-05,100.0
0,HLA-DRB1*04:01,1,1,15,15,YVLEGTLTA,VLKSYVLEGTLTAEK,0.944691,0.06
1,HLA-DRB1*04:01,5,1,15,15,YRLIPNARA,GTYRLIPNARANLTA,0.943633,0.06
2,HLA-DRB1*04:01,7,1,15,15,YVRFDSDVG,EEYVRFDSDVGEYRA,0.933066,0.09
3,HLA-DRB1*04:01,30,1,15,15,WAAVVVPSG,FQKWAAVVVPSGEEQ,0.819979,0.47
4,HLA-DRB1*04:01,16,1,15,15,YTVITAILN,MVAVFYTVITAILNP,0.114791,13.0
5,HLA-DRB1*04:01,14,1,15,15,LVVVRSKTE,YPASSLVVVRSKTED,0.04587,22.0
6,HLA-DRB1*04:01,3,1,15,15,LALEGSLQK,SLQPLALEGSLQKRG,0.030189,27.0
7,HLA-DRB1*04:01,20,1,15,15,YRAMVLDVE,GTFTRGYRAMVLDVE,0.028231,28.0
8,HLA-DRB1*04:01,23,1,15,15,LNSEKQSGG,NLDLNSEKQSGGAST,0.022723,31.0
9,HLA-DRB1*04:01,13,1,15,15,ITPTDKKIG,VNGSITPTDKKIGFL,0.008053,48.0
10,HLA-DRB1*04:01,25,1,15,15,VRFLDRYFY,TERVRFLDRYFYHQE,0.005542,54.0
11,HLA-DRB1*04:01,26,1,15,15,VNSSIIAAP,LPPVNSSIIAAPITD,0.005457,54.0
12,HLA-DRB1*04:01,21,1,15,15,IQEENVIPR,KIQEENVIPREKTLR,0.004992,56.0
13,HLA-DRB1*04:01,18,1,15,15,DQASLPDFQ,QPVDQASLPDFQIQT,0.004644,57.0
14,HLA-DRB1*04:01,8,1,15,15,YIWTFRLKS,KLRGPSYIWTFRLKS,0.003042,64.0
15,HLA-DRB1*04:01,6,1,15,15,WTLTEHQKI,RLWTLTEHQKIHTGE,0.003032,64.0
16,HLA-DRB1*04:01,22,1,15,15,VPAGRVLSA,AVEVPAGRVLSAREL,0.002063,71.0
17,HLA-DRB1*04:01,11,1,15,15,AGSETTTTS,TTASTAGSETTTTST,0.002046,72.0
18,HLA-DRB1*04:01,9,1,15,15,QKREAEEKE,EEERQKREAEEKEAQ,0.00191,73.0
19,HLA-DRB1*04:01,2,1,15,15,FLPSDFFPS,LSFLPSDFFPSVRDL,0.001195,80.0
20,HLA-DRB1*04:01,19,1,15,15,TKHKKIHTG,STLTKHKKIHTGEKP,0.001088,82.0
21,HLA-DRB1*04:01,17,1,15,15,LSVPEKYKS,SVGELSVPEKYKSIH,0.000916,84.0
22,HLA-DRB1*04:01,12,1,15,15,HTGEKPYVC,THQRTHTGEKPYVCR,0.000715,87.0
23,HLA-DRB1*04:01,28,1,15,15,GRGEPRFIS,SRPGRGEPRFISVGY,0.000689,88.0
24,HLA-DRB1*04:01,15,1,15,15,QRLTRACHQ,EVQRLTRACHQAMMV,0.000632,89.0
25,HLA-DRB1*04:01,29,1,15,15,VSNNRLTGL,LNVSNNRLTGLEPLA,0.000353,94.0
26,HLA-DRB1*04:01,27,1,15,15,KLLLWTQKV,DMSAKEKLLLWTQKV,0.000267,96.0
27,HLA-DRB1*04:01,10,1,15,15,VLRKLRFTA,LGWPAVLRKLRFTAV,0.000209,97.0
28,HLA-DRB1*04:01,4,1,15,15,VEQCCTSIC,GIVEQCCTSICSLYQ,0.000205,97.0
29,HLA-DRB1*04:01,24,1,15,15,PGWSAMVRS,FCSCCPGWSAMVRSR,7.2e-05,100.0
