"Protein Number","Protein Description","Peptide","Start","End","Combined Score","Immunogenicity Score","Peptide core","Median Percentile Rank (7-allele)","HLA-DRB1:03:01","HLA-DRB1:07:01","HLA-DRB1:15:01","HLA-DRB3:01:01","HLA-DRB3:02:02","HLA-DRB4:01:01","HLA-DRB5:01:01"
"1","seq1, seq109","VLKSYVLEGTLTAEK","1","15","48.7008","84.252","YVLEGTLTA","25.0","25.0","61.0","17.0","20.0","12.0","55.0","29.0"
"1","seq1, seq109","VLKSYVLEGTLTAEK","1","15","48.7008","84.252","YVLEGTLTA","25.0","25.0","61.0","17.0","20.0","12.0","55.0","29.0"
"1","seq1, seq109","VLKSYVLEGTLTAEK","1","15","48.7008","84.252","YVLEGTLTA","25.0","25.0","61.0","17.0","20.0","12.0","55.0","29.0"
"1","seq1, seq109","VLKSYVLEGTLTAEK","1","15","48.7008","84.252","YVLEGTLTA","25.0","25.0","61.0","17.0","20.0","12.0","55.0","29.0"
"10","seq10","VPDYASLRSLVASSG","6","20","48.84816","92.1204","LRSLVASSG","20.0","52.0","15.0","20.0","77.0","17.0","41.0","20.0"
"10","seq10","VPDYASLRSLVASSG","6","20","48.84816","92.1204","LRSLVASSG","20.0","52.0","15.0","20.0","77.0","17.0","41.0","20.0"
"10","seq10","VPDYASLRSLVASSG","6","20","48.84816","92.1204","LRSLVASSG","20.0","52.0","15.0","20.0","77.0","17.0","41.0","20.0"
"10","seq10","VPDYASLRSLVASSG","6","20","48.84816","92.1204","LRSLVASSG","20.0","52.0","15.0","20.0","77.0","17.0","41.0","20.0"
"12","seq12","LLQYVVKSFDRSTKV","6","20","49.84488","93.1122","YVVKSFDRS","21.0","15.0","21.0","15.0","21.0","20.0","28.0","21.0"
"13","seq13","LIAFTSEHSHFSLKK","1","15","47.64076","93.6019","LIAFTSEHS","17.0","48.0","13.0","17.0","18.0","17.0","66.0","6.5"
"14","seq14","KVNFFRMVISNPAAT","1","15","35.70732","84.0183","FRMVISNPA","3.5","14.0","3.5","2.3","18.0","0.05","5.7","3.2"
"16","seq16","GTYRLIPNARANLTA","1","15","37.2534","69.1335","YRLIPNARA","16.0","16.0","23.0","5.6","18.0","0.41","26.0","2.6"
"21","seq21","DRTVLGILVSYQIKV","1","15","46.8512","93.128","ILVSYQIKV","16.0","18.0","5.6","0.49","30.0","31.0","16.0","13.0"
"21","seq21","GILVSYQIKVKLTVS","6","20","41.5844","84.461","ILVSYQIKV","13.0","13.0","43.0","12.0","53.0","23.0","13.0","12.0"
"36","seq36","DQFLLMYTAGFLQIQ","1","15","38.27312","81.1328","FLLMYTAGF","9.7","24.0","9.7","1.5","9.6","26.0","31.0","3.1"
"36","seq36","FLLMYTAGFLQIQEI","3","17","46.9718","87.4295","FLLMYTAGF","20.0","48.0","12.0","4.6","26.0","40.0","20.0","6.5"
"43","seq43","HSMRYFDTAVSRPGR","1","15","46.915","93.2875","RYFDTAVSR","16.0","8.2","24.0","9.5","29.0","14.0","72.0","16.0"
"44","seq44","QLKMLNTNYHLSPLP","1","15","46.91564","79.7891","LKMLNTNYH","25.0","28.0","27.0","16.0","25.0","3.5","32.0","13.0"
"56","seq56","QRVAIARAILKDPPV","6","20","49.05348","94.1337","RAILKDPPV","19.0","11.0","22.0","33.0","48.0","19.0","15.0","2.2"
"59","seq59","LDFFIGDEAIEKPTY","6","20","48.62556","96.0639","FIGDEAIEK","17.0","5.7","77.0","54.0","4.3","17.0","61.0","7.4"
"65","seq65","MVAVFYTVITAILNP","1","15","45.75208","88.8802","VAVFYTVIT","17.0","54.0","2.4","13.0","30.0","17.0","49.0","11.0"
"71","seq71","TEHLLMKFSRRMAIM","5","19","20.628","43.02","LMKFSRRMA","5.7","2.9","2.7","2.4","25.0","5.7","8.7","8.4"
"88","seq88","YTVNVTLLRSPKRHS","1","15","37.91368","82.9342","VTLLRSPKR","7.9","7.9","37.0","4.7","55.0","6.2","27.0","3.7"
"88","seq88","TVNVTLLRSPKRHSV","2","16","42.62","81.05","VTLLRSPKR","17.0","7.3","24.0","3.5","64.0","17.0","26.0","3.5"
"93","seq93","RTVLLLLSGALALTE","6","20","42.92472","90.8118","LLLLSGALA","11.0","21.0","6.6","2.5","42.0","6.8","24.0","11.0"
"94","seq94","SGMQIALNDHLKQRR","1","15","48.25616","93.6404","GMQIALNDH","18.0","11.0","42.0","18.0","33.0","7.2","17.0","32.0"
"97","seq97","INPLMKLINRSFIDL","1","15","34.5192","72.048","LMKLINRSF","9.5","12.0","7.8","5.0","33.0","9.5","5.5","21.0"
"98","seq98","LWLSFRSWASGALVS","1","15","48.78996","96.4749","LWLSFRSWA","17.0","61.0","3.1","4.5","35.0","7.9","52.0","17.0"
"99","seq99","IGFLGFIVWAHHMFT","6","20","44.82952","85.0738","LGFIVWAHH","18.0","26.0","18.0","17.0","17.0","31.0","22.0","18.0"
"100","seq100","DSKTTLYLQMNSLKT","1","15","40.78656","91.7664","YLQMNSLKT","6.8","55.0","24.0","4.1","68.0","6.6","6.8","2.5"
"100","seq100","LYLQMNSLKTDDTAV","6","20","44.42644","78.0661","MNSLKTDDT","22.0","61.0","64.0","15.0","34.0","8.2","22.0","4.9"
"109","seq1, seq109","VLKSYVLEGTLTAEK","1","15","48.7008","84.252","YVLEGTLTA","25.0","25.0","61.0","17.0","20.0","12.0","55.0","29.0"
"109","seq1, seq109","VLKSYVLEGTLTAEK","1","15","48.7008","84.252","YVLEGTLTA","25.0","25.0","61.0","17.0","20.0","12.0","55.0","29.0"
"109","seq1, seq109","VLKSYVLEGTLTAEK","1","15","48.7008","84.252","YVLEGTLTA","25.0","25.0","61.0","17.0","20.0","12.0","55.0","29.0"
"109","seq1, seq109","VLKSYVLEGTLTAEK","1","15","48.7008","84.252","YVLEGTLTA","25.0","25.0","61.0","17.0","20.0","12.0","55.0","29.0"
"112","seq112","NGNFIAPEYAYKIVK","2","16","48.12404","91.8101","IAPEYAYKI","19.0","59.0","32.0","14.0","9.7","19.0","60.0","8.0"
"116","seq116, seq226","SFWLASLNPERMFRK","1","15","35.25948","59.6487","LASLNPERM","19.0","13.0","39.0","33.0","20.0","2.6","19.0","9.4"
"116","seq116, seq226","SFWLASLNPERMFRK","1","15","35.25948","59.6487","LASLNPERM","19.0","13.0","39.0","33.0","20.0","2.6","19.0","9.4"
"116","seq116, seq226","SFWLASLNPERMFRK","1","15","35.25948","59.6487","LASLNPERM","19.0","13.0","39.0","33.0","20.0","2.6","19.0","9.4"
"116","seq116, seq226","SFWLASLNPERMFRK","1","15","35.25948","59.6487","LASLNPERM","19.0","13.0","39.0","33.0","20.0","2.6","19.0","9.4"
"118","seq118","QVKYAVFEAALTKAI","6","20","46.78264","95.9566","YAVFEAALT","14.0","68.0","4.0","19.0","14.0","16.0","13.0","4.0"
"119","seq119","LNKIVRMYSPTSILD","1","15","35.99516","81.5879","IVRMYSPTS","5.6","31.0","5.6","0.13","20.0","2.6","1.1","16.0"
"120","seq120","DILLTQSPAILSVSP","1","15","42.81644","95.4911","LLTQSPAIL","7.7","18.0","2.7","7.7","31.0","2.5","1.5","26.0"
"121","seq121","VPDYASLRSLVASSG","1","15","48.84816","92.1204","LRSLVASSG","20.0","52.0","15.0","20.0","77.0","17.0","41.0","20.0"
"121","seq121","VPDYASLRSLVASSG","1","15","48.84816","92.1204","LRSLVASSG","20.0","52.0","15.0","20.0","77.0","17.0","41.0","20.0"
"121","seq121","VPDYASLRSLVASSG","1","15","48.84816","92.1204","LRSLVASSG","20.0","52.0","15.0","20.0","77.0","17.0","41.0","20.0"
"121","seq121","VPDYASLRSLVASSG","1","15","48.84816","92.1204","LRSLVASSG","20.0","52.0","15.0","20.0","77.0","17.0","41.0","20.0"
"129","seq129","GALSALLMTSGLAMW","6","20","47.92732","95.8183","SALLMTSGL","16.0","37.0","5.6","7.7","35.0","8.3","16.0","34.0"
"130","seq130","QVVDFLSRNKQLYQK","1","15","46.69108","88.2277","VDFLSRNKQ","19.0","12.0","43.0","19.0","39.0","17.0","38.0","17.0"
"131","seq131","FCLKYMKSKNILLRH","6","20","30.64524","74.3631","LKYMKSKNI","1.5","16.0","0.78","0.33","15.0","1.3","19.0","1.5"
"139","seq139","SAADVVVVHGRRTAI","1","15","44.95484","83.8871","VVVVHGRRT","19.0","19.0","11.0","14.0","61.0","27.0","39.0","18.0"
"141","seq141","QVIRVARQALHDVPR","1","15","47.83224","92.5806","QVIRVARQA","18.0","12.0","33.0","18.0","43.0","24.0","3.4","18.0"
"150","seq150","DYMYRRTALLRAHQS","1","15","43.14172","83.8543","YMYRRTALL","16.0","50.0","9.1","16.0","34.0","5.7","17.0","12.0"
"154","seq154","GLSFYFKINGFPIFL","6","20","34.747","80.2675","YFKINGFPI","4.4","50.0","2.7","8.6","0.93","0.17","22.0","4.4"
"171","seq171","VKFLRRVAGTPCGVF","6","20","46.4552","78.638","LRRVAGTPC","25.0","56.0","13.0","22.0","58.0","12.0","43.0","25.0"
"175","seq175","MRYFYTSVSRPGRGE","1","15","37.45896","68.1474","MRYFYTSVS","17.0","35.0","7.5","17.0","53.0","2.3","78.0","8.8"
"182","seq182","LGLKKLFSALGQSSR","1","15","45.20088","89.0022","LKKLFSALG","16.0","57.0","19.0","11.0","80.0","16.0","11.0","9.2"
"183","seq183","RRRYLVERARDARVV","6","20","48.61772","91.5443","LVERARDAR","20.0","20.0","19.0","44.0","20.0","5.7","28.0","19.0"
"187","seq187","QGYKVLVLNPSVAAT","1","15","43.14504","88.3626","YKVLVLNPS","13.0","13.0","28.0","5.5","14.0","0.01","4.9","29.0"
"188","seq188","NLPYLVAYQATVCAR","6","20","49.898","85.745","LVAYQATVC","26.0","41.0","27.0","3.1","35.0","9.6","26.0","19.0"
"197","seq197","LIALIYTHNTLGSLN","1","15","43.75844","76.3961","IALIYTHNT","22.0","36.0","8.2","11.0","35.0","2.2","22.0","31.0"
"198","seq198","YYSFIKQNNPKFSAV","1","15","38.12936","69.8234","YSFIKQNNP","17.0","17.0","39.0","20.0","6.6","0.35","21.0","2.9"
"201","seq201","AFLHICTHAFFKAML","1","15","44.12528","90.8132","LHICTHAFF","13.0","43.0","13.0","21.0","12.0","5.7","14.0","3.3"
"203","seq203","RACNFFNNVGGNLKG","6","20","49.35864","82.8966","FFNNVGGNL","27.0","77.0","27.0","34.0","24.0","1.7","87.0","2.7"
"212","seq212, seq349, seq361","ENPVVHFFKNIVTPR","1","15","30.51716","44.7929","VVHFFKNIV","21.0","21.0","24.0","0.63","33.0","0.99","39.0","17.0"
"212","seq212, seq349, seq361","ENPVVHFFKNIVTPR","1","15","30.51716","44.7929","VVHFFKNIV","21.0","21.0","24.0","0.63","33.0","0.99","39.0","17.0"
"212","seq212, seq349, seq361","ENPVVHFFKNIVTPR","1","15","30.51716","44.7929","VVHFFKNIV","21.0","21.0","24.0","0.63","33.0","0.99","39.0","17.0"
"212","seq212, seq349, seq361","ENPVVHFFKNIVTPR","1","15","30.51716","44.7929","VVHFFKNIV","21.0","21.0","24.0","0.63","33.0","0.99","39.0","17.0"
"212","seq212, seq349, seq361","ENPVVHFFKNIVTPR","1","15","30.51716","44.7929","VVHFFKNIV","21.0","21.0","24.0","0.63","33.0","0.99","39.0","17.0"
"212","seq212, seq349, seq361","ENPVVHFFKNIVTPR","1","15","30.51716","44.7929","VVHFFKNIV","21.0","21.0","24.0","0.63","33.0","0.99","39.0","17.0"
"212","seq212, seq349, seq361","ENPVVHFFKNIVTPR","1","15","30.51716","44.7929","VVHFFKNIV","21.0","21.0","24.0","0.63","33.0","0.99","39.0","17.0"
"212","seq212, seq349, seq361","ENPVVHFFKNIVTPR","1","15","30.51716","44.7929","VVHFFKNIV","21.0","21.0","24.0","0.63","33.0","0.99","39.0","17.0"
"212","seq212, seq349, seq361","ENPVVHFFKNIVTPR","1","15","30.51716","44.7929","VVHFFKNIV","21.0","21.0","24.0","0.63","33.0","0.99","39.0","17.0"
"214","seq214","ENPVVHYFKNIVTPR","1","15","35.25684","56.6421","VVHYFKNIV","21.0","21.0","29.0","0.24","29.0","1.8","27.0","21.0"
"218","seq218","ETLLRAVESYLLAHS","1","15","42.28704","84.7176","LRAVESYLL","14.0","26.0","4.0","0.37","19.0","14.0","24.0","6.7"
"221","seq221","SRNDYSYWLSTPALM","6","20","47.32388","88.3097","YWLSTPALM","20.0","33.0","5.9","20.0","8.7","5.5","66.0","20.0"
"225","seq225","KGFSFIMFTSAGSEG","6","20","44.647","78.6175","FIMFTSAGS","22.0","63.0","13.0","4.1","60.0","15.0","24.0","22.0"
"226","seq116, seq226","SFWLASLNPERMFRK","1","15","35.25948","59.6487","LASLNPERM","19.0","13.0","39.0","33.0","20.0","2.6","19.0","9.4"
"226","seq116, seq226","SFWLASLNPERMFRK","1","15","35.25948","59.6487","LASLNPERM","19.0","13.0","39.0","33.0","20.0","2.6","19.0","9.4"
"226","seq116, seq226","SFWLASLNPERMFRK","1","15","35.25948","59.6487","LASLNPERM","19.0","13.0","39.0","33.0","20.0","2.6","19.0","9.4"
"226","seq116, seq226","SFWLASLNPERMFRK","1","15","35.25948","59.6487","LASLNPERM","19.0","13.0","39.0","33.0","20.0","2.6","19.0","9.4"
"236","seq236","PPSSLLHTLRPRLLS","1","15","42.58488","93.2622","LLHTLRPRL","8.8","13.0","4.5","1.9","52.0","12.0","6.2","8.8"
"248","seq248","AVQKVVVHPLVLLSV","4","18","48.77624","99.4406","VQKVVVHPL","15.0","15.0","7.3","14.0","63.0","21.0","9.0","36.0"
"251","seq251","AMQQFYGINMTGKVD","1","15","41.52076","78.3019","MQQFYGINM","17.0","59.0","41.0","17.0","17.0","1.6","65.0","8.5"
"251","seq251","QFYGINMTGKVDRNT","4","18","43.26744","81.1686","INMTGKVDR","18.0","16.0","49.0","52.0","18.0","1.4","68.0","15.0"
"255","seq255","MPILLWFALPPPSMW","1","15","48.10132","96.2533","LWFALPPPS","16.0","40.0","34.0","16.0","14.0","6.6","8.6","18.0"
"258","seq258","PRLLIYGASSRATGI","6","20","42.4878","92.7195","LLIYGASSR","9.0","27.0","9.0","4.1","68.0","4.8","25.0","8.8"
"260","seq260","AFLMAQGAMLAAQER","1","15","38.63232","81.5808","FLMAQGAML","10.0","24.0","5.8","11.0","16.0","1.3","10.0","7.0"
"272","seq272","SKFNFVKFDGQAVAW","1","15","43.43592","84.5898","FVKFDGQAV","16.0","16.0","26.0","7.8","12.0","8.8","33.0","23.0"
"272","seq272","NFVKFDGQAVAWREQ","4","18","42.856","86.14","FVKFDGQAV","14.0","13.0","38.0","7.8","14.0","13.0","48.0","15.0"
"276","seq276","ALDYLHSEKNVVYRD","1","15","42.3838","81.9595","YLHSEKNVV","16.0","15.0","16.0","19.0","12.0","6.5","52.0","26.0"
"290","seq290","FDEIFMINLKRRKDR","1","15","35.06004","60.6501","FMINLKRRK","18.0","2.9","35.0","18.0","41.0","8.6","34.0","1.2"
"290","seq290","IFMINLKRRKDRRDR","4","18","48.46232","61.1558","FMINLKRRK","40.0","3.6","73.0","40.0","63.0","16.0","48.0","1.4"
"292","seq292","KVLKAISSIHSLWQV","1","15","41.0936","89.534","LKAISSIHS","8.8","34.0","3.4","0.53","51.0","8.8","6.8","9.1"
"301","seq301","VPILIAMAFLMLTER","1","15","41.70364","93.6091","ILIAMAFLM","7.1","6.1","39.0","6.4","31.0","48.0","1.6","7.1"
"301","seq301","AMAFLMLTERKILGY","6","20","38.16212","74.4053","FLMLTERKI","14.0","3.6","8.2","14.0","22.0","15.0","39.0","6.5"
"312","seq312","LLFYFFTHYDASLED","1","15","39.60132","63.0033","FYFFTHYDA","24.0","60.0","15.0","14.0","16.0","24.0","65.0","38.0"
"316","seq316","WTVLSNFTLPHLRSG","1","15","46.32568","93.3142","WTVLSNFTL","15.0","14.0","25.0","11.0","39.0","2.2","27.0","15.0"
"316","seq316","NFTLPHLRSGNRLRR","6","20","48.6494","90.1235","PHLRSGNRL","21.0","3.5","59.0","21.0","80.0","21.0","52.0","8.2"
"320","seq320","DLTMLQKLNSVHANN","1","15","48.04164","76.6041","LQKLNSVHA","29.0","52.0","29.0","12.0","66.0","7.7","4.1","32.0"
"320","seq320","QKLNSVHANNKAFLQ","6","20","47.5894","87.4735","NSVHANNKA","21.0","28.0","21.0","36.0","21.0","3.3","35.0","2.7"
"326","seq326","GLVGIIVGTVLIIKS","1","15","46.84724","93.1181","VGIIVGTVL","16.0","14.0","16.0","8.2","50.0","50.0","8.0","33.0"
"333","seq333","QIYLIDINDNAPELL","1","15","43.28228","79.7057","YLIDINDNA","19.0","15.0","68.0","50.0","0.94","3.7","19.0","83.0"
"337","seq337, seq397","GIVKENIIDLTKIDR","1","15","47.86624","73.1656","IVKENIIDL","31.0","34.0","82.0","56.0","24.0","31.0","8.3","31.0"
"337","seq337, seq397","GIVKENIIDLTKIDR","1","15","47.86624","73.1656","IVKENIIDL","31.0","34.0","82.0","56.0","24.0","31.0","8.3","31.0"
"337","seq337, seq397","GIVKENIIDLTKIDR","1","15","47.86624","73.1656","IVKENIIDL","31.0","34.0","82.0","56.0","24.0","31.0","8.3","31.0"
"337","seq337, seq397","GIVKENIIDLTKIDR","1","15","47.86624","73.1656","IVKENIIDL","31.0","34.0","82.0","56.0","24.0","31.0","8.3","31.0"
"339","seq339","VKCNFRQEASRLTLE","4","18","48.77268","93.4317","FRQEASRLT","19.0","34.0","25.0","19.0","6.6","12.0","50.0","16.0"
"340","seq340","PHVLLYFDSVPTSRE","4","18","38.219","84.7475","LLYFDSVPT","7.2","4.8","22.0","2.4","14.0","7.2","7.2","19.0"
"349","seq212, seq349, seq361","ENPVVHFFKNIVTPR","1","15","30.51716","44.7929","VVHFFKNIV","21.0","21.0","24.0","0.63","33.0","0.99","39.0","17.0"
"349","seq212, seq349, seq361","ENPVVHFFKNIVTPR","1","15","30.51716","44.7929","VVHFFKNIV","21.0","21.0","24.0","0.63","33.0","0.99","39.0","17.0"
"349","seq212, seq349, seq361","ENPVVHFFKNIVTPR","1","15","30.51716","44.7929","VVHFFKNIV","21.0","21.0","24.0","0.63","33.0","0.99","39.0","17.0"
"349","seq212, seq349, seq361","ENPVVHFFKNIVTPR","1","15","30.51716","44.7929","VVHFFKNIV","21.0","21.0","24.0","0.63","33.0","0.99","39.0","17.0"
"349","seq212, seq349, seq361","ENPVVHFFKNIVTPR","1","15","30.51716","44.7929","VVHFFKNIV","21.0","21.0","24.0","0.63","33.0","0.99","39.0","17.0"
"349","seq212, seq349, seq361","ENPVVHFFKNIVTPR","1","15","30.51716","44.7929","VVHFFKNIV","21.0","21.0","24.0","0.63","33.0","0.99","39.0","17.0"
"349","seq212, seq349, seq361","ENPVVHFFKNIVTPR","1","15","30.51716","44.7929","VVHFFKNIV","21.0","21.0","24.0","0.63","33.0","0.99","39.0","17.0"
"349","seq212, seq349, seq361","ENPVVHFFKNIVTPR","1","15","30.51716","44.7929","VVHFFKNIV","21.0","21.0","24.0","0.63","33.0","0.99","39.0","17.0"
"349","seq212, seq349, seq361","ENPVVHFFKNIVTPR","1","15","30.51716","44.7929","VVHFFKNIV","21.0","21.0","24.0","0.63","33.0","0.99","39.0","17.0"
"350","seq350","TRFQTLLALHRSYLT","1","15","38.0922","81.4305","FQTLLALHR","9.2","25.0","4.1","1.2","35.0","9.2","16.0","0.35"
"361","seq212, seq349, seq361","ENPVVHFFKNIVTPR","1","15","30.51716","44.7929","VVHFFKNIV","21.0","21.0","24.0","0.63","33.0","0.99","39.0","17.0"
"361","seq212, seq349, seq361","ENPVVHFFKNIVTPR","1","15","30.51716","44.7929","VVHFFKNIV","21.0","21.0","24.0","0.63","33.0","0.99","39.0","17.0"
"361","seq212, seq349, seq361","ENPVVHFFKNIVTPR","1","15","30.51716","44.7929","VVHFFKNIV","21.0","21.0","24.0","0.63","33.0","0.99","39.0","17.0"
"361","seq212, seq349, seq361","ENPVVHFFKNIVTPR","1","15","30.51716","44.7929","VVHFFKNIV","21.0","21.0","24.0","0.63","33.0","0.99","39.0","17.0"
"361","seq212, seq349, seq361","ENPVVHFFKNIVTPR","1","15","30.51716","44.7929","VVHFFKNIV","21.0","21.0","24.0","0.63","33.0","0.99","39.0","17.0"
"361","seq212, seq349, seq361","ENPVVHFFKNIVTPR","1","15","30.51716","44.7929","VVHFFKNIV","21.0","21.0","24.0","0.63","33.0","0.99","39.0","17.0"
"361","seq212, seq349, seq361","ENPVVHFFKNIVTPR","1","15","30.51716","44.7929","VVHFFKNIV","21.0","21.0","24.0","0.63","33.0","0.99","39.0","17.0"
"361","seq212, seq349, seq361","ENPVVHFFKNIVTPR","1","15","30.51716","44.7929","VVHFFKNIV","21.0","21.0","24.0","0.63","33.0","0.99","39.0","17.0"
"361","seq212, seq349, seq361","ENPVVHFFKNIVTPR","1","15","30.51716","44.7929","VVHFFKNIV","21.0","21.0","24.0","0.63","33.0","0.99","39.0","17.0"
"372","seq372","QIPYVFFASEGLLNT","1","15","49.41456","93.5364","YVFFASEGL","20.0","27.0","5.6","1.9","22.0","4.6","23.0","20.0"
"386","seq386","EKLKHILGKARFIKL","1","15","41.05212","80.1303","KHILGKARF","15.0","35.0","15.0","6.6","36.0","15.0","9.6","0.87"
"386","seq386","KLKHILGKARFIKLN","2","16","43.80188","85.5047","ILGKARFIK","16.0","36.0","17.0","15.0","35.0","16.0","11.0","1.1"
"397","seq337, seq397","GIVKENIIDLTKIDR","1","15","47.86624","73.1656","IVKENIIDL","31.0","34.0","82.0","56.0","24.0","31.0","8.3","31.0"
"397","seq337, seq397","GIVKENIIDLTKIDR","1","15","47.86624","73.1656","IVKENIIDL","31.0","34.0","82.0","56.0","24.0","31.0","8.3","31.0"
"397","seq337, seq397","GIVKENIIDLTKIDR","1","15","47.86624","73.1656","IVKENIIDL","31.0","34.0","82.0","56.0","24.0","31.0","8.3","31.0"
"397","seq337, seq397","GIVKENIIDLTKIDR","1","15","47.86624","73.1656","IVKENIIDL","31.0","34.0","82.0","56.0","24.0","31.0","8.3","31.0"
"400","seq400","SMRYFSTSVSRPGRG","1","15","39.43436","80.5859","MRYFSTSVS","12.0","35.0","5.0","4.3","57.0","3.9","77.0","12.0"
"403","seq403","ETANMSYTNAWALSI","4","18","45.32636","90.8159","ANMSYTNAW","15.0","59.0","1.5","24.0","4.5","6.4","68.0","15.0"
"406","seq406","MPMANLLLLIVPILI","1","15","42.76456","96.5614","LLLLIVPIL","6.9","9.7","6.1","4.1","25.0","38.0","5.0","6.9"
"406","seq406","ANLLLLIVPILIAMA","4","18","42.03852","95.4963","IVPILIAMA","6.4","9.4","6.1","3.6","25.0","43.0","5.0","6.4"
"409","seq409","ELERIRRSILPYGDS","1","15","49.55296","98.3824","IRRSILPYG","17.0","14.0","30.0","16.0","59.0","17.0","12.0","41.0"
"414","seq414","RAFVALYVASHRGHF","1","15","35.49452","75.3863","ALYVASHRG","8.9","12.0","6.5","4.0","11.0","8.9","24.0","4.7"
"415","seq415","MALWMRLLPLLALLA","1","15","49.166","95.915","MALWMRLLP","18.0","37.0","18.0","0.73","32.0","24.0","5.8","6.6"
"434","seq434","TYRENLRIALRYYNQ","1","15","47.87744","88.1936","LRIALRYYN","21.0","21.0","52.0","6.4","55.0","5.4","41.0","21.0"
"434","seq434","YRENLRIALRYYNQS","2","16","46.90392","85.7598","LRIALRYYN","21.0","21.0","60.0","6.4","47.0","16.0","20.0","22.0"
"448","seq448","LPFIITALATLHLLF","1","15","43.53772","96.8443","PFIITALAT","8.0","8.0","2.8","3.5","23.0","12.0","3.9","8.8"
"449","seq449","GLLTSQNLPLLLLDL","1","15","45.32304","99.5076","LLTSQNLPL","9.2","39.0","5.8","9.2","45.0","4.9","6.1","47.0"
"470","seq470","RAEYVRLAINYRLHE","1","15","31.60424","67.6106","VRLAINYRL","7.6","17.0","7.6","2.2","15.0","3.1","18.0","1.6"
"470","seq470","AEYVRLAINYRLHEF","2","16","31.10272","66.8068","VRLAINYRL","7.3","12.0","7.3","2.2","15.0","2.9","17.0","1.6"
"473","seq473","DEGWVPLEIMIKFNR","1","15","47.56088","76.9022","LEIMIKFNR","28.0","40.0","82.0","28.0","26.0","41.0","21.0","8.3"
"473","seq473","EGWVPLEIMIKFNRL","2","16","46.91448","78.2862","LEIMIKFNR","26.0","31.0","70.0","23.0","26.0","32.0","15.0","7.6"
"475","seq475","ETLIISKSSSMFHIM","1","15","37.58976","87.2244","LIISKSSSM","4.5","4.1","1.2","4.5","13.0","1.2","16.0","6.5"
"483","seq483","TIPIVGIVAGLAVLA","1","15","48.31792","90.7948","IVAGLAVLA","20.0","20.0","20.0","3.1","72.0","35.0","33.0","13.0"
"515","seq515","FAGLFSQLPSQVVKP","1","15","44.24116","97.5529","LFSQLPSQV","8.7","54.0","8.7","4.2","42.0","8.8","5.3","8.5"