Patient_ID,Peptide,Immunogenicity,Len,pep_ID
O.1,SPIKLVQKVASKIPFPDRITEESV,1,24,Pep1
O.1,NNSKKKWFLFQDSKKIQVEQPQ,1,22,Pep2
O.1,DRSVLAKKLKFVTLVFRHGDRSPID,1,25,Pep3
O.1,SHTQTTLFHTFYELLIQKNKHK,1,22,Pep4
O.1,TKRQVILLHTELERFLEYLPLRF,1,23,Pep5
O.1,EDSDKLFESKAELADHQKF,0,19,Pep6
O.1,SHNELADSGIPENSFNVSSLVE,1,22,Pep7
O.1,RLVLGKFGDLTNNFSSPHAR,1,20,Pep8
O.1,RRGGALFASRPRFTPL,0,16,Pep9
O.1,LCPREEFLRLCKKIMMRSIQ,0,20,Pep10
O.1,PSTANYNSFSSAPMPQIPVASVTPT,0,25,Pep11
O.1,SGSPPLRVSVGDFSQEFSPIQEAQQD,1,26,Pep12
O.1,LSPREEFLRLCKKIMMRSIQ,1,20,Pep13
O.2,RPAGRTQLLWTPAAPTAMAEVGPGHTP,1,27,Pep14
O.2,WTPAAPTAMAEVGPGHTPAHPSQGAVPP,1,28,Pep15
O.2,AAVRPEQRPAARGSRV,0,16,Pep16
O.2,PGGDSGELITDAHELGVAHPPGY,1,23,Pep17
O.2,VTSPKASPVTFPAAAFPTASPANKD,1,25,Pep18
O.2,LENNANHDETSFLLPRKESNIVD,1,23,Pep19
O.2,RGQIKLADFRLARLYSSEESR,1,21,Pep20
O.2,KHLPGVNFPGNQWNPVEGILPS,0,22,Pep21
O.2,PAPPPAVPKEHPAPPAPPPASAPTP,0,25,Pep22
O.2,LGETMGQVTEKLQPTYMEET,0,20,Pep23
O.2,PETGEIQVKTFLDREQRESYELKV,0,24,Pep24
O.2,TFPKKIQMLARDFLDEY,1,17,Pep25
O.2,EVVGGYTWPSGNIYQGYWAQGKR,0,23,Pep26
O.2,PAHPSQGAVPPSRAAAEPHLKPSPSELQTA,1,30,Pep27
O.2,DEQGREAELARSGPSAAGPVRLKPGLVPGL,1,30,Pep28
O.2,TIKNSDKNVVLEHFG,0,15,Pep29
O.2,DGGRQHSGPRRHSGAGPKPSSSEWAVCWAP,1,30,Pep30
O.3,FCGTPDYIAPKIIAYQPYGKSVD,0,23,Pep31
O.3,RGRLPAGAVRTLLSQVNKVWDQSS,0,24,Pep32
O.3,DRASFLLTDYALSPDGSIRKATG,1,23,Pep33
O.3,SPGPRTAPRPGSQKQAGKDWQ,0,21,Pep34
O.3,HASHLQEHQRIYTGEKPFKCDT,0,22,Pep35
O.3,SLPSNVLSSLVLVPLHTTPK,0,20,Pep36
O.3,GHEHQPDMQKSLLRAAFFGKCFLDR,1,25,Pep37
O.3,SSHYKFSKPALQSQSISLVQQS,1,22,Pep38
O.3,TRNSFALVPSLQRLMLRKVALKNVDSSPS,0,29,Pep39
O.3,NLKAPRLLFAPEYGPKLKLRALEDRHS,1,27,Pep40
O.3,TETVNHHYLLFQNTDLGSFHDLLR,1,24,Pep41
O.3,EDLDANLRKLNFRLFVIRGQPAD,1,23,Pep42
O.3,ERFWRNILLLSLHKGSLYPRIPGLGKE,1,27,Pep43
O.3,ELQYRGRELRFNLIANQHLLAPGFVSETR,1,29,Pep44
O.4,STLPVISDSTTKRRWSALVIGL,0,22,Pep45
O.4,KMQRRNDDKSILMHGLVSLRESSRG,0,25,Pep46
O.4,TTVTHERKQAKVVNPPIQEVGKGARK,0,26,Pep47
O.4,KGEKNGMTFSSTKDYVNNV,0,19,Pep48
O.4,KAHVEGDGVVEEIIRYHPFLYDRET,0,25,Pep49
O.4,SLTEESGGAVAFFPGNLSTSSSA,1,23,Pep50
O.4,TLDDIKEWLEDEGQVLNIQMRRTLHK,0,26,Pep51
O.4,DSYHLYAYHEELSATVPSQWKKIG,0,24,Pep52
O.4,TTTSVKKEELVLSEEDFQGITPGAQ,0,25,Pep53
O.4,GHQKLPGKIHLFEAEFTQVAKKEPDG,1,26,Pep54
O.4,GDQYKATDFVADWAGTFKMVFTPKDGSG,1,28,Pep55
O.4,TTPSGSAEYMASEVVEVFTDQAT,1,23,Pep56
O.4,PENDDLFMMPRIVDVTSLATEGG,1,23,Pep57
O.4,SVLREDLGQLEYKYQYAYFRMGIKHPD,0,27,Pep58
O.4,MSQDIKKADEQIESMTYSTERKT,0,23,Pep59
O.4,DGVSEEFWLVDLLPSTHYT,1,19,Pep60
O.4,EYWKVLDGELEVAPEYPQSTARDWL,0,25,Pep61
O.4,RYNSTAATNEVSEVTVFSKSPVT,0,23,Pep62
O.4,GRMSPSQFARVPGYVGSPLAAMNPK,1,25,Pep63
O.5,SHHTHSYQRYSHPLFLPGHRLDPPI,0,25,Pep64
O.5,SHQIHSYQLYTHPLLHPWDHRD,1,22,Pep65
O.5,DKGHQFHVHPLLHSGDDLDP,1,20,Pep66
O.5,KLRTIPLSDNTIFRRICTIAKHLE,1,24,Pep67
O.5,ASATEPANDSLFSPGAANLFSTYLAR,0,26,Pep68
O.5,FPVVQSTEDVFPQGLPNEYAFVT,1,23,Pep69
O.5,AASAAAFPSQRTSWEFLQSLVSIKQEK,1,27,Pep70
O.5,GSVLQFMPFTTVSELMKVSAMSSPKV,1,26,Pep71
O.5,NQVLASRYGIRGFSTIKIFQKGESPV,1,26,Pep72
O.5,ARLQSKEYPVIFKSIMRQRLISPQL,1,25,Pep73
O.5,DVTGPHLYSIYLHGSTDKLPYVTMGS,0,26,Pep74
O.5,SHLASLKNNVSPVLRSHSFSDPSPKFA,1,27,Pep75
O.5,TAQFAPSPGQPPALSPSYPGHRLPLQQG,0,28,Pep76
O.5,PASAKSRREFDKIELAYRR,1,19,Pep77
O.5,MAGPKGFQYRALYPFRRER,0,19,Pep78
O.5,SDAFSGLTALPQSILLFGP,0,19,Pep79
O.5,STQHADLTIIDNIKEMNFLRRYK,0,23,Pep80
O.5,LHTHYDYVSALHPVSTPSKEYTSA,0,24,Pep81
O.5,SSPLGRANGRRFANPRDSFSAMGFQR,0,26,Pep82
O.5,EIHGKCENMTITSRGTTVTPTKETVSLG,1,28,Pep83
O.6,LNTGLFRIKFKEPLENLI,0,18,Pep84
O.6,SPQSGGAATLAAQARLQPVHLDVWGEHERG,1,30,Pep85
O.6,GSGSQMPAWRTRGAISASSTQKTPTTRL,1,28,Pep86
O.6,GLTRISIQRAQPLPPCLPSFRPPTALQGLS,1,30,Pep87
O.6,SRLQTRKNKKLALSSTPSNIAPSD,1,24,Pep88
O.6,WCTEMKRVFGFPVHYTDVSNMS,1,22,Pep89
O.6,GPLQLPVTRKNMPLPGVVKLPPLPGS,0,26,Pep90
O.6,ALLQNVELRRNVLVSPTPLAN,1,21,Pep91
O.6,VNGISSQPQVPFYPNLQKSQYYSTV,1,25,Pep92
O.6,LMSNLAFADFCMRMYL,0,16,Pep93
O.6,YLSHTLGAASSFMRPTVPPPQF,0,22,Pep94
O.6,PAAGDFIRFRFFQLLRLERFF,0,21,Pep95
O.6,SLRNNMFEISDRFIGIYKTYNITK,1,24,Pep96
O.6,VTLNDMKARQKALVRERERQLA,1,22,Pep97
O.6,VKQLERGEASVVDFKKNLEYAAT,0,23,Pep98
O.6,TKLKSKAPHWTNCILHEYKNLSTS,1,24,Pep99
O.6,FAKGFRESDLNSWPVAPRPLLSV,0,23,Pep100
O.6,HLLQKQTSIQSPSLYGNSSPPLNK,1,24,Pep101
O.6,STEVEPKESPHLARHRHLMKTLVKSLST,0,28,Pep102
O.6,DGAWPVLLDKFVEWYKDKQMS,1,21,Pep103
O.6,SHKLESIKEITNFKDAKQLL,0,20,Pep104
O.6,TGKPEMDFVRLAQLFARARPMGLF,1,24,Pep105
3942,RRCDFGCCCRASLRAHYTPYRSGDA,0,25,Pep106
3942,VAIIPYFITLGTQLAEKPEDAQQGQ,0,25,Pep107
3942,HYTQSETEFLLSSAETDENETLDYE,0,25,Pep108
3942,DVLADDRDDYDFMMQTSTYYYSVRI,0,25,Pep109
3942,PPPPLQHYLEQPLERVQRYQALLKE,0,25,Pep110
3942,YESTRKENLPISAHKHRKHSHHDKH,0,25,Pep111
3942,ERWEDVKEEMTSDLATMRVDYEQIK,0,25,Pep112
3942,AMRLLHDQVGVILFGPYKQLFLQTY,0,25,Pep113
3942,KFANNPSQKSSQSLLSQLYQSPNRR,0,25,Pep114
3942,LYSCIALKVTANKMEMEHSLILNNL,0,25,Pep115
3942,GDLEQIVETLFNGLNQNLVQFELKP,0,25,Pep116
3942,QKVDIDQCSSDGCFSGTHKCHLNNS,0,25,Pep117
3942,EEEADPYKFKIKQFEDVDPKVKLKD,0,25,Pep118
3942,HTKTKYTYYYGKTKKISKPPIGESN,0,25,Pep119
3942,REFLVGGRQMSFRPVGLSLTASFMS,0,25,Pep120
3942,QGVLFALFLLIYVANMVGNLGMIVL,0,25,Pep121
3942,TGLFGQTNTGFGDVGSTLFGNNKLT,0,25,Pep122
3942,TPDFTSLDVLTFVGSGIPAGINIPN,0,25,Pep123
3942,SAFGAGFCTTVITSPVDVVKTRYMN,0,25,Pep124
3942,ANLMTGFCTTVITSPVDVVKTRYMN,0,25,Pep125
3942,KLKGPKFKMPEMQFKTPKISMPDVN,0,25,Pep126
3942,YFWNIATIAVFYVLPVVQLVITYQT,0,25,Pep127
3942,SFCDGLVHDPLRQKANFLKLLISEL,0,25,Pep128
3942,TKDRCKLYCQVAATNYFYLLKDMVE,0,25,Pep129
3942,TLVKGIIDSTVSNQRQVVAVTGDGT,0,25,Pep130
3942,MTGIIKKQILKHLS,0,14,Pep131
3942,MTEYKLVVVGAGDVGKSALTIQLIQ,0,25,Pep132
3942,HALSKYGAATFTSTGKAAQVTIQSS,0,25,Pep133
3942,KTLCLQKNTALWKGTGGGHILLLDL,0,25,Pep134
3942,LLSDSGQVLLESKIKVLPTWSTPVQ,0,25,Pep135
3942,WQLRFSHLVGYGGRYYSYLMSRAVA,0,25,Pep136
3942,GSCDSATSWGMVVDITLTSCPERSP,0,25,Pep137
3942,HGSVGIIKKNEENDNGPLITLADEK,0,25,Pep138
3942,QEIEEKLIEEETLRRVEELVAKRVE,0,25,Pep139
3942,PSTANPTEPGIRQVPGASEVIRESS,0,25,Pep140
3942,VTLEDFYGVFSSLGYTHLASVSHPQ,0,25,Pep141
3942,RAAGSTSKALSTFSAHIMVVTLFFG,0,25,Pep142
3942,VPTANPTEPGIRQVPGASEVIRESS,0,25,Pep143
3942,GRSANPTEPGIRQVPGASEVIRESS,0,25,Pep144
3942,AANIPRSISSDGHPLERRLSPGSDI,0,25,Pep145
3942,VNWFRCECAPGFVGPDCRINIDECQ,0,25,Pep146
3942,PVNHSTRKEEKQHNGTLTVTSTLPV,0,25,Pep147
3942,TDFIREEYHKRDITEVLSPNMYNSK,0,25,Pep148
3942,GCSSVDNIKSSQPSQNQGLGRPTLE,0,25,Pep149
3942,YEIGRQFRNEGIHLTHNPEFTTCEF,0,25,Pep150
3942,MSEACRDSTSSLQRKKP,0,17,Pep151
3942,GEVLNILSSDSYCLFEAALFCPLPA,0,25,Pep152
3942,ALTGAWAMEDFYMARLVPPLVPQRP,0,25,Pep153
3942,SSLIIHQRTHTGKKPYQCGECGKSF,0,25,Pep154
3942,RLISISGKVVDLSSVQQGSLGNFSD,0,25,Pep155
3942,SPQSSSTQKGRDSQCTSSGKREERY,0,25,Pep156
3942,YIRLVEPGSPAENAGLLAGDRLVEV,0,25,Pep157
3942,SGNLLGRNSFEVCVCACPGRDRRTE,0,25,Pep158
3942,ITPCPRPHPRGRWRDIKVPAAPTSS,0,25,Pep159
3942,HNPLPTSPPTGEMERYKGPSGTNII,0,25,Pep160
3942,SYAEQGTNCDEAVSFMDTHNLNGRS,0,25,Pep161
3942,SGPSENGQTWTGWDFVSSDKVIIWT,0,25,Pep162
3942,QWNILQTPILEGPSGPGCAVLDDSI,0,25,Pep163
3942,LTEGQKRYFEKLLIYCDQYASLIPV,0,25,Pep164
3942,YIQHQRIQTGEKAYECMECGKAFGR,0,25,Pep165
3942,SRAASGGAALASHGPGTGSGAPAGS,0,25,Pep166
3942,ETGHYRDDNHETNNNNPKRWSKPRK,0,25,Pep167
3942,MRSREDEDALEQTRRAHEEARRRQE,0,25,Pep168
3942,DFEDQRPYCFSIMAGHGKSHVFNVE,0,25,Pep169
3942,RPIKPPGPPINPNLKDKSRETADLV,0,25,Pep170
3942,DERDQDDEEARRQMARILKELKQKH,0,25,Pep171
3942,EVLKKIKTLKTEEIQKGNVLNCRWL,0,25,Pep172
3942,QSISRNHVVDISKSGLITIAGGKWT,1,25,Pep173
3942,ATVSPLRTQNSPPRLPATSLRPHSV,0,25,Pep174
3942,RLMWKSQYVPYDEIPFVNAGSRAVV,0,25,Pep175
3942,YDLDYYSLESDLQEKVQLGVVHWVS,0,25,Pep176
3942,TNSTAASRPPVTQRLVVPATQCGSL,0,25,Pep177
3942,EKCQFAHGFHELCSLTRHPKYKTEL,0,25,Pep178
3942,DLCSQQKQEDICVGPLSDYKDVSTE,0,25,Pep179
3942,KGIIKKRKVNNLIKDEEDTKFADYE,0,25,Pep180
3942,RLMWKSQYVPYDEIPFVNAGTFLKN,0,25,Pep181
3942,LLQCVQKMADGLQEQQQALSILLVK,0,25,Pep182
3942,CWIVRKYDIQATNNEPVEMLHSGTL,0,25,Pep183
3942,GCRPLGQLDSFSLAARPPPGAAGLA,0,25,Pep184
3942,SRKDVITISISKHGNCQSGGPEAEI,0,25,Pep185
3942,RLPAAGAAGQLQPGSPPASGGRWLG,0,25,Pep186
3942,VGSSLPEASPPALEPSSPNAAVPEA,0,25,Pep187
3942,GASGGRFVEANPRPDASQHSSFFIE,0,25,Pep188
3942,KGIVRKYDIQATNNEPVEMLHSGTL,0,25,Pep189
3942,AKPAAPGGGRAARLKLSSCPSGRQP,0,25,Pep190
3942,ESLHSILAGSDMMVSQILLTQHGIP,0,25,Pep191
3942,CCDCCGLGLRVRVEGQSCESNPNLG,0,25,Pep192
3942,MDSPEIRELEKFGNEFKVRRIKLGY,0,25,Pep193
3942,MDSPEIRELEKFGNEFKVRRIKLAL,0,25,Pep194
3942,QSLPLETFSFLLILLATTVTPVFVL,0,25,Pep195
3942,LNAGDPSYPWLAVSWPATSLPVNNS,0,25,Pep196
3942,VHWTVDQQSQYIKGYKILYRPSGAN,0,25,Pep197
3942,LPRGLSLSSLGSVRTLRGWSRSSRP,0,25,Pep198
3942,CVGYSVPFCYVNKNLAADLLLMIPD,0,25,Pep199
3942,PVFTHENIQGGGVP,0,14,Pep200
3942,KHGYIHIGSFSFCVLSGKVMVREIY,0,25,Pep201
3942,PVFTHENIQGGGVPFQALYNYTPRN,0,25,Pep202
3942,HLAPSTLYFLCITCKKAAFPYRHYC,0,25,Pep203
3942,SNGRLTYQVFKIQVLMNGRKHFVEK,0,25,Pep204
3942,SDLERGYTVFKIQVLMNGRKHFVEK,0,25,Pep205
3942,CLIPQQSINEAIQTSTLPRNSGAGA,0,25,Pep206
3942,MRLVNEMYQTSLCQFLGLFDLSLAR,0,25,Pep207
3942,QAPTPAPSTIPGLRRGSGPEIFTFD,0,25,Pep208
3942,IRHDILTGNWRVCSSPDKDQIKVVI,0,25,Pep209
3942,NPSAWTVEDVVWLVKDADPQALGPH,0,25,Pep210
3942,SCLLILEFVMIVIFGLEFIIRIWSA,0,25,Pep211
3942,CPNQKVLKYYYVWQYCPAGNWANRL,0,25,Pep212
3942,LLYKLSATKGSLADDESLIGVLRTT,0,25,Pep213
3942,LVLSLVFICFYIRKINPLKEKSIIL,0,25,Pep214
3942,RLVRGSVCAGKLLIAPLIMVLGLAL,0,25,Pep215
3942,IGSIFFTWRLYNGRPRERRNEFSSK,0,25,Pep216
3942,EIPTAALVLGVNITDHDLTFGSLTE,0,25,Pep217
3942,GWPEDFGFRLGGCGPCFVLEVAKGS,0,25,Pep218
3942,IIEKHFGEEEDERQTLLSQVIDQDY,0,25,Pep219
3942,GKFDELATENHCHRIKILGDCYYCV,0,25,Pep220
3942,RLCLTQGPGIECMGFCAPGCTCPPG,0,25,Pep221
3942,LQENGLAGLSASTIVEQQLPLRRNS,0,25,Pep222
3942,GDAEAEALARSASALVRAQQGRGTG,0,25,Pep223
3942,NAMDQLEQRVSELFMNAKKNKPEWR,0,25,Pep224
3942,EKAVMREDLFIVCKVWPTFFERPLV,0,25,Pep225
3942,QVCTGNAWAQKAVSGWGRDSPDPTP,0,25,Pep226
3942,APTEHKALVSHNASLINVGSLLQRA,0,25,Pep227
3942,VPLNSQIKNLSKVLPQYLEIYIIVE,0,25,Pep228
3942,YYIVRVLGTLGIMTVFWVCPLTIFN,0,25,Pep229
3942,TLGGSQALGLDGDFGNFEVGKEFDAI,0,26,Pep230
3942,AWFEQFVLQWLDDNEDVSLEFLRGA,0,25,Pep231
3942,NHFTCEILAILKSVCVDTSLVQLIM,0,25,Pep232
3942,LDGGDFVSLSSRKEVQENCVRWRKR,0,25,Pep233
3942,MRNLKFFRTLEFRDIQGP,0,18,Pep234
3942,QLKQWEEGSGMTAIRKIKRADPQQL,0,25,Pep235
3942,QAQSKFKSEKQNQKQLELKVTSLEE,0,25,Pep236
3942,ENQEQLKDDDSDFILNDGDISLTYG,0,25,Pep237
3942,ASDLKKLREQQEMERKEAASRLRMA,0,25,Pep238
3942,PFSTLTPRLHLPYPQQPPQQQL,0,22,Pep239
3942,LSLSGRLARVENDLNSIDSEANQEK,0,25,Pep240
3942,PKPASVHFKADSDHFKGDSVHFKPD,0,25,Pep241
3942,TTLSSIKVEVASRQAETTTLDQDHL,0,25,Pep242
3942,LQDRDHLSYIPPQQHTMVSLPSVQH,0,25,Pep243
3942,ESHLRLEHSKTRQGSSLRSEPSETG,0,25,Pep244
3942,TKTVFGYLKPDNHGGEVITASFDGE,0,25,Pep245
3942,SGSLSGYLSQDTVGALPVSVVSLCPGRCQSGEAGLWGGHQAARHHLHRSQVRWHPGHGLPPHLRQQRAARLRQPDAAEAGGPEHLLLLPEQGPRCAAWG,0,99,Pep246
3942,LLRRPHGCSSCDEATQLLRAASTARSTCATTASERTSACASPRTTTSSAARRVPVPQQRRSSSGSGRPFPARPSPSSQCFPSASASASTTTTRCCTCTVTLALYPSVVSAQWAGMGATASSTSRRHCRTHGHSPSSCWQMPSRDDRQSS,0,149,Pep247
3942,GARPPGSVEDAGQAVGHILAQACVYRAVQCSR,0,32,Pep248
3942,PGSLSRHRFISHKRRGVGKASALGL,0,25,Pep249
3948,SLSPPAQRLGAAVSPPAQRQPLSTC,0,25,Pep250
3948,RPLRPHPMPGTPPPPLPPACLPPAL,0,25,Pep251
3948,FMEAFSRRHFQTVTVMVQAWPFTCL,0,25,Pep252
3948,QAVLDGLDALLTHGVRPRRWKLQVL,0,25,Pep253
3948,SLLENLEKIEKEHCKQGVEVKNAKSEEEQ,0,29,Pep254
3948,YGRHGSGSGRSSTSGQHGSGLGESS,0,25,Pep255
3948,ASEGLFHSHKGLKRNLAVMSDKVKE,0,25,Pep256
3948,RGPPHSDSCPGLPLHRLRIPDFCPP,0,25,Pep257
3948,VRKRRARLVVAVGEAFTHIKRLQEE,0,25,Pep258
3948,LPKIDVHLVPDRRKDQYKVGEVLKF,0,25,Pep259
3948,GSMDEAGYRKDLGAPEGIGSGSKAG,0,25,Pep260
3948,IVPRDCSYFNSNDVPLKLSFQNVDP,0,25,Pep261
3948,MGVSSSSALARLGLP,0,15,Pep262
3948,PLEDVEVMEKDGTTFSCEVSHDEVP,0,25,Pep263
3948,SYSYVAAGSSGNNYDLMAQPITPGP,0,25,Pep264
3948,PPLPGAGIPPPPLLPGAAIPPPPPL,0,25,Pep265
3948,DSPVKDEVVVNDQWGQNCSCHHGGY,0,25,Pep266
3948,SFTGCGIQSFFFLALGGAEALLLAS,0,25,Pep267
3948,FFYTSLLGSECFPLAVMAYDRYTAI,0,25,Pep268
3948,QGYPGGDYSGGPPDGGAGKGPADMA,0,25,Pep269
3948,MWVCSTLWRGRTPARQWRGLLP,0,22,Pep270
3948,PCLQVGQEQKHTSLPLEVCNIVAGQ,0,25,Pep271
3948,VDPMRPGPSGSFLAPGLHPQSQLLP,0,25,Pep272
3948,GPLEVGASAESQITPPGGSVPSLQT,0,25,Pep273
3948,QAPEKQPDVRHHNLPKTKPLPSIDS,0,25,Pep274
3948,MVEADRPGNLFIGGLNTETNE,0,21,Pep275
3948,PADAKDAARDMNAKSLDGKTIKVEQATKPSFE,0,32,Pep276
3948,GLNTETNEKALEAVFGKYGRIVEVL,0,25,Pep277
3948,RIVGAEVAYFVEILQSAFGYSPSNV,0,25,Pep278
3948,RKRELRLMKNRETAKECRRRKKEYV,0,25,Pep279
3948,GPRYSTQRGVYLFTSHRTATAAEEF,0,25,Pep280
3948,TSASPTAAWPAGSAPLPYGERRREDRGAVCFQGYPAAASEPLERALHRPHELRRAAADRPGRHVRLYSPVRLRRGLRHAVRGAQPAGPGLSLRRHVWHSHDRR,0,103,Pep281
3948,QDAYRAEWQVYKKEISRFKEQLTPS,0,25,Pep282
3948,TGGGGEAAAYNNTLVARHVPQIPKP,0,25,Pep283
3948,MTLKFVTLEIHHHITER,0,17,Pep284
3948,MDKLNKITAPASQKLRQLQKM,0,21,Pep285
3948,HIGSRGKYSSGFHNIAVKENLIELM,0,25,Pep286
3948,TTTPPPTTTPSPPTTTTPSPPTTTPS,0,26,Pep287
3948,RGDPGPRGEAGPPGPTGPAGECSVP,0,25,Pep288
3948,LVNAEPTLTVRPTPTANNRAALGGS,0,25,Pep289
3948,SGGCGSGCGGCGCGCGGCGSGCGGC,0,25,Pep290
3948,ETPELLPCGYLVEENTTISVTVKGL,0,25,Pep291
3948,TPSKAGAHTALTRGAPHPPPRDHLI,0,25,Pep292
3948,SIKTKEIHGAIVQMLLEKRRRV,0,22,Pep293
3948,ACAAQLAFFLMFFISEFFILSAMAY,0,25,Pep294
3948,SHLSFADVCFSSTVTPKMLENLLSE,0,25,Pep295
3948,FGVFLAIYLITLVGNLCMILLIRTN,0,25,Pep296
3948,LLFLLDPILYHPGPVPLWPYPLH,0,23,Pep297
3948,QIFEGPLKAEPLKTRHMCRS,0,20,Pep298
3948,KNKLEGLEDALQTWPGC,0,17,Pep299
3948,TPSPPTTTPSPPITTTTTPPPTTTP,0,25,Pep300
3948,ASCDLSCIVKRTKKRLRKAIRTLRK,0,25,Pep301
3948,EEAVVVTAVVAPEAGREEEQPPPPA,0,25,Pep302
3948,THLKIHTGQKNYGCTLCDKSFTQKA,0,25,Pep303
3948,GKPQGPPPQGGNKPQGPPPPPGKPQ,0,25,Pep304
3948,RSIPDYRPRKCRHMSYAQDLPQVSV,0,25,Pep305
3948,FGKNSYFFPHPIGTILLLLFFITL,0,24,Pep306
3948,MTEYKLVVVGAGDVGKSALTIQLIQ,0,25,Pep307
3948,PLHMAAIHGRFTCSQILIQNGSEID,0,25,Pep308
3948,CIGDLIRSHNLEMPELLPCGYLVGD,0,25,Pep309
3948,VALVSTSDRDSGTNGQVRCALYGHE,0,25,Pep310
3948,LQMPSFKMPKVDHKGPQIDVKGPKL,0,25,Pep311
3948,LEAVLRYLETHPPPPKPDPVKSVSS,0,25,Pep312
3948,QEGESSSLNCSYRVSGLRRLFWYRQDPGKGP,0,31,Pep313
3948,KSQQLDSNVTMRGGFAMLARLVLNS,0,25,Pep314
3948,KITGLSLTQVSNCFKNRRQRDRNPS,0,25,Pep315
3948,RALTNSRSVLQQRTPMNKTEVVHKH,0,25,Pep316
3948,PSPRGLAARCCVPEGLIVQSRRQES,0,25,Pep317
3948,GTSNVGTSGDHDNSFMKTLRSKMGK,0,25,Pep318
3948,GTRCYVDGSEEIESDFKLKCEPKEG,0,25,Pep319
3948,LSKLKNQTAEPLAPEPPAVPSEVEL,0,25,Pep320
3948,FLAAAHNPADEPSPGAPAPQELGAA,0,25,Pep321
3948,SDSTESGKSLLFCESEAREEEELDQ,0,25,Pep322
3948,AGAPPSPPSPGRRPPDAESVHSIYH,0,25,Pep323
3948,IDEYQNYDKAHGVLTEAYKCLAKAK,0,25,Pep324
3948,GPREALSQLRELAVSG,0,16,Pep325
3948,GKSNMGTSGDHDNSFMKTLRSKMGK,0,25,Pep326
3948,VCLVGQSWLQAGGISWGEGCARQNR,0,25,Pep327
3948,GSPWMEGSLSLPFFFLCSCC,0,20,Pep328
3948,PTAPDPALELPSPPPPSSLLRPRLS,0,25,Pep329
3948,SQRGPPQPKLVSHSGREDTRAGRGA,0,25,Pep330
3948,PTWSGRRAPGDRYNRPTSGPWQRHT,0,25,Pep331
3948,TRAAAGPAGAWRGSRGLSSCRQPSA,0,25,Pep332
3948,LLNFAEMNKLWVQMQHQGHSRDREK,0,25,Pep333
3948,REIEVEKMRRAEVSARVENSPQVDG,0,25,Pep334
3948,SPRPALPATPPAPPPAASPSALKGV,0,25,Pep335
3948,PQRVRSVGTCLPGLFTPPLDRHRHRGSEC,0,29,Pep336
3948,DPEALKGFHPDPEALKGFHPDPEAL,0,25,Pep337
3948,EDPKIKEIAAKHKKPQPRF,0,19,Pep338
3948,GKSSLQLPRPRPPPYNRITIESAFD,0,25,Pep339
3948,LTRGNRNRTQHPIDANATSSRSHAI,0,25,Pep340
3948,KQSQHMTEVVRRFPHHERCSDSDGL,0,25,Pep341
3948,SKNEPPKKREREKQPLLRSTRCTGRSTSGATFKTKQEHS,0,39,Pep342
3948,AFTRSSHLTQHQIIHTGEKPFKCKE,0,25,Pep343
3948,GEKLVAIISEASISGVSLQADRRVQ,0,25,Pep344
3948,ITTCLIPAHQAAVLSSNTHSQVLLT,0,25,Pep345
3948,KDFKYSSTLTRHMKIHTGGKPHKCN,0,25,Pep346
3948,IIHTGEKPYKCEQCGKAFNQSSTLS,0,25,Pep347
3948,EKPYKCEECGKAYKRSSTLTKHKRIHTGEKPYKCEECGKA,0,40,Pep348
3948,EECGKAFNVSSTVTQHKRVHTGEKPYKCKECGKAFSVSSTLTQHKRIH,0,48,Pep349
3948,GAPPTWSGRRAPRDRDNRPTSGPWQ,0,25,Pep350
3948,KRIHTGEKPYKCKECGKAFNRSSKL,0,25,Pep351
3948,GLSMTTISHWLAKVKYQLRRTGGTK,0,25,Pep352
3948,GTDLDHQEKCLSRLYDHMPEGLTPL,0,25,Pep353
3948,SGSMEEDVDTSPVGDYYTSPSSPTS,0,25,Pep354
3948,LLALVVFVGKLQHRPVAVDVLLLNL,0,25,Pep355
3948,SPCLPPPTCPPGNEGCIPSEECPPE,0,25,Pep356
3948,KAKQSYVRALTANAQGRVGWRWIRI,0,25,Pep357
3948,SAGYLFLDIITYVVFAVTFVLGVLG,0,25,Pep358
3948,KVFNHKSNLACHHRLHTGEKPYKCN,0,25,Pep359
3948,SILSICSVINPSAASAPVSSEGK,0,23,Pep360
3948,SSLIQHQRVHTGKTAYPCEECGKSF,0,25,Pep361
3948,SPSATPPPRVPPPLAAPPLQVPPSP,0,25,Pep362
3948,SPPMSPSATPPPPAPPLLAAPPLQVP,0,26,Pep363
3948,DSLVGLSDELGKRDTFAESLIRRMA,0,25,Pep364
3948,MKCSFQDLDLCPGGIQLRISDHHYS,0,25,Pep365
3948,KKIDQWKEEVIGQKNKINEPSTYKL,0,25,Pep366
3948,LKHQCTCGSSSSPPEHAGRIQSIWS,0,25,Pep367
3948,RNKIQCVSVTRISLKSKAISCCRNV,0,25,Pep368
3948,SGPNQWRDQLRPPQLLHLFCQQHRV,0,25,Pep369
3948,PAAKSRFFLMLSQPVPGRTGDQAAD,0,25,Pep370
3948,AADNGIPPASGTRTLQIYLIDINDN,0,25,Pep371
3948,CAEKQANFATLNCDGSTIPPLIKSV,0,25,Pep372
3948,NTPKLVSEVEELNKSITALREKLLQ,0,25,Pep373
3948,MADSGHYCVYIRSAVDGKWFCFNDS,0,25,Pep374
3948,HCHQQVDSGGTVGLVSQDGIQRPPF,0,25,Pep375
3948,VDSCSEMFGGLDIHLCRQGCPQQGWQRLHHRGNGQLNAADWRACGRGQTADGRPCCLQNEPAPDARRHSALPPQTLGSTD,0,80,Pep376
3948,LAHGLARSPSWATDRSKDPPGRAPL,0,25,Pep377
3948,SALQQQQQQQQRHPGMKHSPSHPVG,0,25,Pep378
3948,LDLKDKTKVWAGGAGSLQVWGVLCP,0,25,Pep379
3948,EFPDLHRTIVSECDVYLTYMLRQAA,0,25,Pep380
3948,LEALRQSRQTVPVSTQSLPKMNRSFGMTLQQGRREQGLPAICSGLVVPHNTLSFRLTFKTWRILLFKSLYMIQKLLNRLSVILETYV,0,87,Pep381
3948,DTTPLPVTDTSSVSTGQATPLPVTS,0,25,Pep382
3948,ALIVVSPPLRHRLIPPTPPPTPELA,0,25,Pep383
3948,LLFKSLYMIQKLLNRVTRKKSLHLFVLSTC,0,30,Pep384
3948,GGRSCEELTAVLPPPQLLGRRFNFF,0,25,Pep385
3948,TPLPVTDASSASSGHTTSLPVSDTSSASTGQATP,0,34,Pep386
3948,STGHATPLLVTDTSSVSTGHATPLP,0,25,Pep387
3948,DTTPLLVTDASSASTGHATPLPVTD,0,25,Pep388
3948,STGDTTPLPVTDTSSASTGQATPLP,0,25,Pep389
3948,TIPSSASTGDTSPLPVTGASSASTG,0,25,Pep390
3948,ASTGDTTPVPVTNTSSVSTGHATPL,0,25,Pep391
3948,GFPQSPLQIPVSRSSSSTLLSLFQS,0,25,Pep392
3948,MAWSLGVLVALPFPL,0,15,Pep393
3948,LESPAMISLTPPPTATGVFSLKARP,0,25,Pep394
3948,GRLLGVFEQNQDRKHRTYVYVLTVT,0,25,Pep395
3948,APEDIADYMVEDTFVLESEKEKFVE,0,25,Pep396
3948,PSSASTGHTTPLPVTIPSSASTGDT,0,25,Pep397
3948,GHTTPLPVTDTSLASTGHTTPLPVTSPSSA,0,30,Pep398
3948,SPSSASTGDTTPLPVTDTSSVSTGH,0,25,Pep399
3948,HATPLPDTDTSSISTGHATLLPVTD,0,25,Pep400
3948,HATSLPVTDTSSVSTGHATPLPDTD,0,25,Pep401
3948,LPVTSLSSVSTGHTTPLPVTDTSSA,0,25,Pep402
3948,ASSGHTTPLPVTSPSSASTGHTTPLPVTDTSSA,0,33,Pep403
3948,ATPLPVTGLSSATTDDTTRLPVTDV,0,25,Pep404
3948,STGQATPLPVTDNSSVSTGHATPLPVTGLSS,0,31,Pep405
3948,STGHASPLLVTDTSSASTGQATPLP,0,25,Pep406
3948,DTTPLPVTDTSSVSTGHATSLPVTD,0,25,Pep407
3948,KPYKCNECGKTFRHNSALVIHKAIH,0,25,Pep408
3948,SPSSASTGDTTPLPVTNTSSVSTGHATPL,0,29,Pep409
3948,VTSPSSASTGHATPLLVTDASSAST,0,25,Pep410
3948,KDTVATKIQAWWWGTLVRRALLHAA,0,25,Pep411
3948,LADAQKALDTMNVDIIKGKSIRLMW,0,25,Pep412
3948,LKGSPEPNQQPEPGTPSLRPKATVK,0,25,Pep413
3948,NSFRQAVMKNPPQRTPQDLEIVYSY,0,25,Pep414
3948,MEINPEVSARCCTGWGSPASGASWT,0,25,Pep415
3948,DYCRRASWLAPVLESQEEWVCSLGE,0,25,Pep416
3948,SFWINKDAVPARPSLGITTVLTMTT,0,25,Pep417
3948,LSPSTAPETTEGKKKKKKKKSTLVF,0,25,Pep418
3948,EAQNKIKGCTGSVNMTLQRASAAPK,0,25,Pep419
3948,LFALRSLDYEALRAFDFRVGATDRG,0,25,Pep420
3948,ICVYSYIHRYTYVYIHICI,0,19,Pep421
3948,HVTSPSSASTGHTTPLPVTSLSSAS,0,25,Pep422
3948,MEINPEMLNKVLYRLGVAGQWRFVD,0,25,Pep423
3948,DELAHVEKASRVFAENLQKNLDQMK,0,25,Pep424
3948,VVCLAVGLNRRLCNLTNCFIVSLAI,0,25,Pep425
3948,EVSSAIPIIMGSKIGTSVTNTIVAL,0,25,Pep426
3948,YSTSANLPVMGHDKFPSDLDLDMFN,0,25,Pep427
3948,MFTGTLQSRSSENVYMRTLH,0,20,Pep428
3948,NEKAIKLNETLGSRDEAFERNLEGL,0,25,Pep429
3948,DGIVEDEEETMEIMKKRRTDARKKRNN,0,27,Pep430
3948,GLCDAMKPIDGSMLLDFLIKSSFIG,0,25,Pep431
3948,QSTEKPEETLKRKQSHAEISPPAES,0,25,Pep432
3948,YADEKTKDVPFFKGLEGSIDTGITV,0,25,Pep433
3948,SYDPTKHPGKVVGFFFFFYQLPP,0,23,Pep434
3948,LELAGNAARDNKNTRIIPRHLQLAI,0,25,Pep435
3948,EKPHECRVCGKGLSRSSSLIIHQRT,0,25,Pep436
3948,TTLSPASTTSSGISEESTTSHSRPG,0,25,Pep437
3948,KLLLSATSGEKGLRIKECRVMRDLK,0,25,Pep438
3948,LLLRWPGAQVLWRLSDPVAYITLDP,0,25,Pep439
3948,EQMESMTYSTERNTNSLPLHSVKSI,0,25,Pep440
3948,RKTRKQKYFYRGHLDWDENTSAGRY,0,25,Pep441
3948,PGTPSHRRRFRRNPHRDPAAACPAW,0,25,Pep442
3948,WDAEPPPAFQTQPPPRPCSSLPRLA,0,25,Pep443
3948,PLPLQDTDLSSASKPVAAATPVSQQ,0,25,Pep444
3948,QAEEGLTLPQDSVMTPPLPLQDTDL,0,25,Pep445
3948,PGSRLPYSGRPALAPAAAPGV,0,21,Pep446
3948,RGAASPTQAALPWRQQLLLEFEPHL,0,25,Pep447
3948,AMTHLSGHSRLQVRNSCPGPLDSSA,0,25,Pep448
3948,LLFLRLHKSDAGSYFCQTVEHSFVH,0,25,Pep449
3948,RPQGHRKQRALRFMAPKSGHCHQGC,0,25,Pep450
3948,AGLRVTESKGHSDSWHLSLDTAIRV,0,25,Pep451
3948,KPGELPPKPQLGYLPPKPQLSDLPP,0,25,Pep452
3948,EAQQPTFDALRDKLRGAQEVGERLQ,1,25,Pep453
3948,LQLFFDLYHSIPSSFSPLVLSCLVQ,1,25,Pep454
3948,VTEQIDFSAARKKFQLMENSRQAVA,1,25,Pep455
3948,IGQLQPPLRSTSVGKRKRRSKSRGG,0,25,Pep456
3948,AACPGSLDCALKSRARCPPGAHACG,0,25,Pep457
3948,VVYSPGEPLAGTARVRLGAPLPFRA,0,25,Pep458
3948,IIAQRRSAGDVAWLEEERERLEEEL,0,25,Pep459
3948,LFQSSPERTQSTSEGFPQSPLQIPV,0,25,Pep460
V.1,VIEKHSHSRIEYMLKAKSQFKRRSTAN,0,27,Pep461
V.1,DLTVKIGDFGLATEKSRWSGSHQFEQL,1,27,Pep462
V.1,EQFLQPSTSSTMSTQAHSTSSPTESPH,0,27,Pep463
V.1,FIVVETNYRLYAYMESELQIALIALFS,0,27,Pep464
V.1,DSCQPYRSSFYALGEKHVGFSLDVGEI,0,27,Pep465
V.1,ESFATKVLQDFIILSSQHLHEFPLILI,0,27,Pep466
V.1,LVPTSSWNISSELSKDSYLTLDEPMNN,0,27,Pep467
V.1,QMGGSTPVLTPGKAPIGTPAMNMATPT,0,27,Pep468
V.1,AHGPLDLRPPVCDIRELQAQEALQNGQ,0,27,Pep469
V.1,GEKPYECSKCDKALHSSSSYHRHERSH,0,27,Pep470
V.1,APCIIFIDEIDAIPPKREVASKDMERR,0,27,Pep471
V.1,SRSPDISKVVIVVPDGRPQDSVQDVSA,0,27,Pep472
V.1,VRQALQDLLSEYMHNTGRKEKGDPLNI,0,27,Pep473
V.1,RYMSQSKHTEARERMYSGALLFFSHGQ,0,27,Pep474
V.1,TVTDLRIRLLRPAIGEIFVDELHLARY,0,27,Pep475
V.1,TLLLDAWLTTKAAIAESQDYGQDLEGV,0,27,Pep476
V.1,LLVILVICSLIVTLVILLTPAEDNSLS,0,27,Pep477
V.1,VKGLLSFLSAPLICALSDVWGRKSFLL,0,27,Pep478
V.1,GSGAVMNAMETNLFGSDKYAARFGESI,0,27,Pep479
V.1,SVRFKENSVAVKVIQGPAGGDNSKLRY,0,27,Pep480
1139a,AATSALVKAASAAHRELVAQGKVGAIP,1,27,Pep481
1139a,GGNDHEIFTDPRTVGYSVTAPEDTRRI,1,27,Pep482
1139a,KVLPVYMNCLLKNYVLLSRPEISTDER,1,27,Pep483
1139a,MTEYKLVVVGAVGVGKSALTIQLIQ,1,25,Pep484
1139a,QELQPLYLNLHAYLRRALHRHYGAQHI,1,27,Pep485
1139a,DTGPMRFYYVVGWVIPAIVTGLAVGLD,1,27,Pep486
1139a,PLPPLGCLLGETRYACGCCPMCARGEG,0,27,Pep487
1139a,GVLLGRWDNNYGDSVSPMSWIGSVDIL,0,27,Pep488
1139a,SFPLKGITEQQKECLEIVKMVMISLEG,0,27,Pep489
1139a,RLLYGFLIKANNSRFQSILRQDLRSYL,0,27,Pep490
1139a,VPAGSAAVFPCIALGYPTPDISWSKLD,0,27,Pep491
1139a,CARFSYLWLKFSLFIYSTVFWLIGALV,0,27,Pep492
1139a,CKTTIEAIHGLMSEVIKDKLFNQINIS,0,27,Pep493
1139a,WCVSPKGPWTCVGEMNRNQGEEQRGGG,0,27,Pep494
1139a,GLGQAPAGGLTEQQLMEQLEHCELAPP,0,27,Pep495
1139a,LPKTCDISFSDPDYLLNFKLVICPDEG,0,27,Pep496
1139a,NSDPGIAVGFDEFVSVDFSGTFYVNTD,0,27,Pep497
1139a,GRVPYPRIPLKDVFPRVEKGYKMDAPD,0,27,Pep498
1139a,DRSFSQKSNLITHPKSHIRDGAFCCAI,0,27,Pep499
1139a,ESSEAPQDPLNWFVILVPHSLRQAQAS,0,27,Pep500
1139a,ICAYANSYHSYVIVFVVPNQKELTELA,0,27,Pep501
1139a,DERESTDDESNPLVRAGIWTKTHTIWY,0,27,Pep502
1139a,SQKITGVFELMREFTHMEYDLEKRGIT,0,27,Pep503
1139a,QKEEAEHKKKMAWLESNNYQSFCLPSE,0,27,Pep504
1139a,VPSKSKAAASATRVWTEQETLLLLEAL,0,27,Pep505
1139a,PTIMDIVVIAGVIPAVAIVLVSLLFVM,0,27,Pep506
1139a,PTPSTDAEYPANGCGADRIYDLNIPAF,0,27,Pep507
1139a,SVLGFVLYALAGAMGFFTHYLLPQLRK,0,27,Pep508
1139a,LLSLFVLGLFLWFMKRERQEEYIEEKK,0,27,Pep509
1139a,RLSPGEALPPVSQGGTGKAPELPSGSG,0,27,Pep510
1139a,ALHPRGIREKALHEHLNKHRDFLQEVC,0,27,Pep511
1139a,KEEVNDKRYLRCPSAMTVMHLRKFLRS,0,27,Pep512
1139a,MAHIAINQYLQQVYEAID,0,18,Pep513
1139a,GRRKLKLWKHSEKQPETNVAEGRRVFE,0,27,Pep514
1139a,EITKKYAKGVIPSILFLQDDEDDDELA,0,27,Pep515
1139a,RVSRPAPGDSREGGWSEPRLDTQEEPP,0,27,Pep516
1139a,VYNDSRVSPVSENHVASSEGYVLFYQL,0,27,Pep517
1139a,LDSEASVRLTAEQPRFFLHGVTLVPIE,0,27,Pep518
1139a,HSTYSSTPGRRKPKVHRPRSPILEEKD,0,27,Pep519
1139a,FTDCGIHAREWVSTAFCQWFVYQATKT,0,27,Pep520
1139a,EESVRGYDWSPRDSRRSPDQGRQQAER,0,27,Pep521
1139a,RATPVTRVGSAAPLRSPSETGRQAGRE,0,27,Pep522
1139a,AAAPPGSMPTAPESEPEAPISHPPPPT,0,27,Pep523
1139a,KLDLEEKLFGQHLSTEVIFKALTGFRN,0,27,Pep524
1139a,KDVILLGDFNADCTSLTKKRLDKLELR,0,27,Pep525
1139a,DKLKACEVSKNKDRKEQSETVSLSEDE,0,27,Pep526
1139a,NKITRDFKPGDRVLVEVVTTMTSADVM,0,27,Pep527
1139a,IVVSDPEDITDCPMTPDTPNNDPRCST,0,27,Pep528
1139b,MTEYKLVVVGAVGVGKSALTIQLIQ,1,25,Pep529
1139b,PLPPLGCLLGETRYACGCCPMCARGEG,0,27,Pep530
1139b,GVLLGRWDNNYGDSVSPMSWIGSVDIL,0,27,Pep531
1139b,SFPLKGITEQQKECLEIVKMVMISLEG,0,27,Pep532
1139b,RLLYGFLIKANNSRFQSILRQDLRSYL,0,27,Pep533
1139b,VPAGSAAVFPCIALGYPTPDISWSKLD,0,27,Pep534
1139b,CARFSYLWLKFSLFIYSTVFWLIGALV,0,27,Pep535
1139b,CKTTIEAIHGLMSEVIKDKLFNQINIS,0,27,Pep536
1139b,WCVSPKGPWTCVGEMNRNQGEEQRGGG,0,27,Pep537
1139b,GLGQAPAGGLTEQQLMEQLEHCELAPP,0,27,Pep538
1139b,LPKTCDISFSDPDYLLNFKLVICPDEG,0,27,Pep539
1139b,NSDPGIAVGFDEFVSVDFSGTFYVNTD,0,27,Pep540
1139b,GRVPYPRIPLKDVFPRVEKGYKMDAPD,0,27,Pep541
1139b,DRSFSQKSNLITHPKSHIRDGAFCCAI,0,27,Pep542
1139b,ESSEAPQDPLNWFVILVPHSLRQAQAS,0,27,Pep543
1139b,ICAYANSYHSYVIVFVVPNQKELTELA,0,27,Pep544
1139b,DERESTDDESNPLVRAGIWTKTHTIWY,0,27,Pep545
1139b,SQKITGVFELMREFTHMEYDLEKRGIT,0,27,Pep546
1139b,QKEEAEHKKKMAWLESNNYQSFCLPSE,0,27,Pep547
1139b,VPSKSKAAASATRVWTEQETLLLLEAL,0,27,Pep548
1139b,PTIMDIVVIAGVIPAVAIVLVSLLFVM,0,27,Pep549
1139b,PTPSTDAEYPANGCGADRIYDLNIPAF,0,27,Pep550
1139b,SVLGFVLYALAGAMGFFTHYLLPQLRK,0,27,Pep551
1139b,LLSLFVLGLFLWFMKRERQEEYIEEKK,0,27,Pep552
1139b,RLSPGEALPPVSQGGTGKAPELPSGSG,0,27,Pep553
1139b,ALHPRGIREKALHEHLNKHRDFLQEVC,0,27,Pep554
1139b,KEEVNDKRYLRCPSAMTVMHLRKFLRS,0,27,Pep555
1139b,MAHIAINQYLQQVYEAID,0,18,Pep556
1139b,GRRKLKLWKHSEKQPETNVAEGRRVFE,0,27,Pep557
1139b,EITKKYAKGVIPSILFLQDDEDDDELA,0,27,Pep558
1139b,RVSRPAPGDSREGGWSEPRLDTQEEPP,0,27,Pep559
1139b,VYNDSRVSPVSENHVASSEGYVLFYQL,0,27,Pep560
1139b,LDSEASVRLTAEQPRFFLHGVTLVPIE,0,27,Pep561
1139b,HSTYSSTPGRRKPKVHRPRSPILEEKD,0,27,Pep562
1139b,FTDCGIHAREWVSTAFCQWFVYQATKT,0,27,Pep563
1139b,EESVRGYDWSPRDSRRSPDQGRQQAER,0,27,Pep564
1139b,RATPVTRVGSAAPLRSPSETGRQAGRE,0,27,Pep565
1139b,AAAPPGSMPTAPESEPEAPISHPPPPT,0,27,Pep566
1139b,KLDLEEKLFGQHLSTEVIFKALTGFRN,0,27,Pep567
1139b,KDVILLGDFNADCTSLTKKRLDKLELR,0,27,Pep568
1139b,DKLKACEVSKNKDRKEQSETVSLSEDE,0,27,Pep569
1139b,NKITRDFKPGDRVLVEVVTTMTSADVM,0,27,Pep570
1139b,IVVSDPEDITDCPMTPDTPNNDPRCST,0,27,Pep571
4127,KLKGVTKNWEDVRGDQVKPDQYTEA,0,25,Pep572
4127,AATPWMRDYFAEGDGEMVPRTSHTA,0,25,Pep573
4127,NLVTRSYLLGNSRPRTQSPQNCSIM,0,25,Pep574
4127,RCYSTPSGYLELPDSCQPYRSAFYI,0,25,Pep575
4127,REITKVKLKQITLRTEEEKMEHSVA,0,25,Pep576
4127,NAQPHKLSETPGTKAEFHPCL,0,21,Pep577
4127,THQTSAHPGLELFPSCMEACSCPLD,0,25,Pep578
4127,MKEICQLEIQVDNEQL,0,16,Pep579
4127,DSCHQEQVCEVISSYAHLCRTNGVC,0,25,Pep580
4127,FRNYTVQFDVGVQFEEDLRSVDGRK,0,25,Pep581
4127,QISDAISRPMGFRDDVDEDELLEEL,0,25,Pep582
4127,LVKPSETLSLTCAVSGGSISSSNWW,0,25,Pep583
4127,LEPSSPSPLGTATHTSLRDQRLQLS,0,25,Pep584
4127,KKLADKFIHAGVRVVFSGHYHRNAG,0,25,Pep585
4127,NGTWLQAGVVSWDEGCAQPNRPGIY,0,25,Pep586
4127,SGSAAGKDCITIQSATFAWSQESPP,0,25,Pep587
4127,FTDIFKKEAKRDSEIRKQDTKSPRP,0,25,Pep588
4127,HGTKPPPSEGSDEEEEEDEEDEEER,0,25,Pep589
4127,EYQLDKEGSPEPWDRNNPLEPKNKA,0,25,Pep590
4127,DGSLSADAPSEQIQQQGKHPGDPEA,0,25,Pep591
4127,PQDSQAFPEAAEGDWTVSLEHILAS,0,25,Pep592
4127,FSKEIEDQNERQNEFFTKFFEKHPE,0,25,Pep593
4127,QNFYQQQQQQQQQQQQQLATALHQQ,0,25,Pep594
4127,VAMMMQQQQQQQQQQQQQQQQQQQQ,0,25,Pep595
4127,EQLRRTAMRVSPPHPAPTPNPRASL,0,25,Pep596
4127,QGSGAILASTFSNSGSYFALTDDSK,0,25,Pep597
4127,PLHVLLACCLPLHCTCASVPLHVLL,0,25,Pep598
4127,GHQSPAGSAPSPPLSYSSAGSARSS,0,25,Pep599
4127,ASNSCFIRCNEAEDIEAKSKTAGEE,0,25,Pep600
4127,RIHTGEKPYTCEECGKAFRQSANLY,0,25,Pep601
4127,DVVVNNAGILRDHSFARISDEDWDI,0,25,Pep602
4127,RPAGDGTFQKWASVVVPSGQEQRYT,0,25,Pep603
4127,TFQKWASVVVPSGQEQRYTCHVQHEG,0,26,Pep604
4127,DPRDIISGVEMQLLQEKLRSGNLDP,0,25,Pep605
4127,GEVSDGYSVSRSKTEDLPLTLESAA,0,25,Pep606
4127,LVHCPIETQVLRSCVVPPGPLRVVT,0,25,Pep607
4127,LLSLQSSASPANNDQSRPSLSNGHT,0,25,Pep608
4127,PFLPDLKPNLNSFHSSPSGSGPCDE,0,25,Pep609
4127,ESDDDLDDKPSPVKKERSPRPQSFC,0,25,Pep610
4127,MVPSEQVVEEAVTLPPQALTTSQDG,0,25,Pep611
4127,QNLDPNPPIARFLLPLERISEVPRR,0,25,Pep612
4127,TAKTEWLDGKHVVFGKVKERVNIVE,0,25,Pep613
4127,KVSKQERLLQSTAEHLKNANQQKES,0,25,Pep614
4127,DEQHGKKVPTVSQPYSFIEFDTFIQ,0,25,Pep615
4127,MRKPRPAGWETLSRKAPG,0,18,Pep616
4127,GTVSKTRKGVQCWSAETPHKLQALT,0,25,Pep617
4127,MILVRGLWYCYLQVK,0,15,Pep618
4127,QRGPWALEEESLGREPEERKKGVPE,0,25,Pep619
4127,LHLIHRMNSAAGRRKALATCSSHMI,0,25,Pep620
4127,AQAFKVAFEFWQESKEEKEKRDKAS,0,25,Pep621
4127,RRLREQAPLLPTPTVIDPSRFCAQP,0,25,Pep622
4127,AAAYYQVSAAGPPPKAAAGAGGPGS,0,25,Pep623
4127,TVAGNLLILLTVSSDSHLSLPMYHF,0,25,Pep624
4127,LFFVPFSYLYLRL,0,13,Pep625
4127,GGAVMGREDVGGGGTRLSTGWYWET,0,25,Pep626
4127,VASSHTSAAQAPRTHEARAALPSAS,0,25,Pep627
4127,HTSAAQAPRTHEARAALPSASPRVL,0,25,Pep628
4127,ELVSKATHMKPPQTPPGEAEHRKRS,0,25,Pep629
4127,PVFMFCEAIAFSCSSAHPFILIWGN,0,25,Pep630
4127,MFCEAIAFSCSSAHPFILIWGNKKL,0,25,Pep631
4127,ESLENKPVFMFCQAIAFSYPSTHPF,0,25,Pep632
4127,FLSIIMSVWSFENLENKPVFMFCEA,0,25,Pep633
4127,GSQDPSTKVHIKVLQTVTSFLLLCA,0,25,Pep634
4127,LICSLCKHLKKMHLHGKGSQDPSTK,0,25,Pep635
4127,SAEGEVMEFRKIVRAEGRVEDWMTA,0,25,Pep636
4127,AMTPPSPKRGPANPSPKGDPTSPAV,0,25,Pep637
4127,DSGECRVWACHCGPMTSRSRSSEVQ,0,25,Pep638
4127,GSRTGSETPQAPVSGVGPVSGGPGG,0,25,Pep639
4127,LLLTVMAFDQYLVICRPLLYPNIMT,0,25,Pep640
4127,IFTIKSDPGLTAALYFFLGNLAFLD,0,25,Pep641
4127,KFRFFSMARDLLFWMESIIRQIETQ,0,25,Pep642
4127,LFRAHARYCADACGELDLERAPALG,0,25,Pep643
4127,SARQLPPSVARVVAKSRVLFPLGLG,0,25,Pep644
4127,EAPRPMPSVPEDLESREAMSSFMDH,0,25,Pep645
4127,GGTAQGFGPAEPTPTSSYPTRLIVS,0,25,Pep646
4127,TELPSSGEESGALDVSGDFTGSGDV,0,25,Pep647
4127,WGSRKNLLAVNSIISVAILSERAMS,0,25,Pep648
4127,PDIPYTHTTEHPTMGSPLPNLRAHV,0,25,Pep649
4127,VGCPIACPVSCPIACPVGCPVGSMA,0,25,Pep650
4127,RACPVACPVGCPTACPVSCPVACPV,0,25,Pep651
4127,GSLTRQQGGPHQQTPMPGTPFTSGR,0,25,Pep652
4127,HVKMCDFGISGYWVDSVAKTMDAGC,0,25,Pep653
4127,VTEEGEYIPLDQVDIDVGFDKGLDR,0,25,Pep654
4127,EANADLEQKIKGRYEKCEPGSSREH,0,25,Pep655
4127,CFRNAIRVNPRHCNAWYGLGMIYYK,0,25,Pep656
4127,LKSSPDLLTYFCRASSTSGAHVDSA,0,25,Pep657
4127,CIPTGPAGGGQLPGSLLKQTGSHSV,0,25,Pep658
4127,SEGTIHIGLHGPQSCIPTGPAGGGQ,0,25,Pep659
4127,KAFRSAKYIRIHVRTHTGEKPYECK,0,25,Pep660
4127,RHEKTHTEDKPYVCKQCGKGFRCAS,0,25,Pep661
4127,MSLLSLPWLGLRLVATSPWLLLLLV,0,25,Pep662
4127,GTDLDHQEKCLSRLYDHMPEGLTPL,0,25,Pep663
4127,PHPRMKPSPLTPSPPGVPSPSPPPH,0,25,Pep664
4127,HGLWRAEAREDFRRGKAS,0,18,Pep665
4127,RIPLHRVQPGRRTLNLLRGWREPAE,0,25,Pep666
4127,FSQHSHLAVHQRFHTGEKPYKCNEC,0,25,Pep667
4127,ADASSKPQPLLQGQPHLFFFPKLLS,0,25,Pep668
4127,QNLEGSFRCICPHGFQVQSDHCIDI,0,25,Pep669
4127,FTLNFTITNLQYEEDMRHPGSRKFN,0,25,Pep670
4127,FTITNLQYEEDMRHPGSRKFNTTER,0,25,Pep671
4127,QALAHSTVGQTLPIPLKKLFPSIIS,0,25,Pep672
4127,LSDSRIALKSGYRKYLGINSDELVG,0,25,Pep673
4127,EKDHRSPSELEAQRTSGAFQDSVLE,0,25,Pep674
4127,DIAKLKSKCCPPCLLAAGWGLLLAR,0,25,Pep675
4127,PSNAIYSPNTCQMGSSLYNGCQETY,0,25,Pep676
4127,TSGENVGCPILFFTHS,0,16,Pep677
4127,MEIRLLDLALKRIFSFLD,0,18,Pep678
4127,THQGTHTGEKPYICNECGKTFHRKS,0,25,Pep679
4127,YLGINSDGLVVGCSDAIGPREQWEP,0,25,Pep680
4127,GLVVGRSDAIGPKEQWEPVFQNGKM,0,25,Pep681
4127,RSDAIGPREQWEQVFQNGKMALLAS,0,25,Pep682
4127,VSQEVEEVLAESHVQRSIRLVSVLE,0,25,Pep683
4127,REPLCPLKHPSHKPPASTLSPNPTS,0,25,Pep684
4127,WQPGGRAWRGARTRGRSSQASAGAS,0,25,Pep685
4127,TDLVSSHELSPFLTPTCSVLRAL,0,23,Pep686
4127,KENENSMVPQGALVGSLSVKNKAHC,0,25,Pep687
4127,MNLLLILTFVAAAVAAPFDDDDKIVG,0,26,Pep688
4127,CCEEKCTQMYHYSCAAGAGTFQDFS,0,25,Pep689
4127,LRPDLLLACSCSIRGNT,0,17,Pep690
4127,PARTVEWLNMRSSCSGHLHLCCPRR,0,25,Pep691
4127,LVQRIQNKPLYFPDQLYDSMKGKGT,0,25,Pep692
4127,GERAPDGASQSSQEPMEDAAPILSL,0,25,Pep693
4127,RSLDANSGGRSPYAYSGGHDSSSWS,0,25,Pep694
4127,SPERTQSTFEGFAQSPLQIPVSSSS,0,25,Pep695
4127,LQGVEQKVQSLQTTFGTFESILRSS,0,25,Pep696
4127,TPPAAMEAQTTQPTAMEAQTTAPEA,0,25,Pep697
4127,GTTSHGPTTATHKPTTTSHGNVTVH,0,25,Pep698
4127,VISAEKAYHEQLTVAEITNACFEPA,1,25,Pep699
4127,NPEVLVRTIDHLLRRQAKQIVSSAK,0,25,Pep700
4127,AMDRLAYLPTAPPPFSSRHSSSPLS,0,25,Pep701
4127,YEPSLMTMCQDSSQNDERSKSLLLS,0,25,Pep702
4127,GHVSDASISLGETVSDMAPARPRWN,0,25,Pep703
4127,SFVNDIFERIAGVASRLAHYNKRST,1,25,Pep704
4127,EDVQVEVAEKVQESSAPREMPKAEE,0,25,Pep705
4127,ALMTSRHQSWTPPRPGAV,0,18,Pep706
4127,SMDEAGYRKDLGDPEGISSGSKADY,0,25,Pep707
4127,KYPRSVRRCLPLWALTLEAALILLF,0,25,Pep708
4127,APPAVPPAVAAPPPPALPEDPAGAK,0,25,Pep709
4127,LNLPSSWDYRHMPTCPWLIFVFLVE,0,25,Pep710
4127,MKGTKDLRSQQKESNVKTFC,0,20,Pep711
4127,KMLMTLVSPSGRTISFHSCVAQLYF,0,25,Pep712
4127,GSSCCQSSCYKPSCCQSSCCVPVCC,0,25,Pep713
4127,PATPGGDTAQTPEPGTSQPMPPGVG,0,25,Pep714
4127,EATEAQTTQPTAMEAQTTPLAAMEA,0,25,Pep715
4127,MTEYKLVVVGADGVGKSALTIQLI,0,24,Pep716
4127,MNGRIVATKPLYLALAQRKEERQAY,0,25,Pep717
4127,MKTLRSKMGKWCSHCFPWCRGSGKS,0,25,Pep718
4127,GADDSAEEGDLLCDDDNEDRGDDQL,0,25,Pep719
4127,MTTVAAATLLRATPHF,0,16,Pep720
4127,CGFPSFSTSGTCCSSCCQPSCCETS,0,25,Pep721
4127,TSCCQPSCCQTSCCGFPSFSTSGTC,0,25,Pep722
4127,HYNYMCNSSCMGSMNRRPILTIITL,1,25,Pep723
4127,MFDKGPEQTADDTDDAAGHKSFISA,0,25,Pep724
4127,GDIPKAPEETIQTKKEDLPKSSEKA,0,25,Pep725
4127,GSYTCQCLPGFKFIPEDPKLCTDVNE,0,26,Pep726
4127,EKPYKCEECGKALKHPSVLTTHKRI,0,25,Pep727
4127,VSTLNTHKAIHAVEKPYKCEECGKA,0,25,Pep728
4127,KFGQGVHHAASQVGKETEKLGHGVH,0,25,Pep729
4127,GPRTRGRLHHWLHRLQEAPKKESPG,0,25,Pep730
4127,QRVHTGERPYECSECGKFFMDSSTL,0,25,Pep731
4127,LNVLDNKKRTALTKAVQCQEDECAL,0,25,Pep732
4127,AGRACRAPPGGGRRGARYHGAGGGG,0,25,Pep733
4127,LRPMFTPSSQPTPEPSDSYREAPPA,0,25,Pep734
4127,GKSQNQVRIPSQDQEYGHKENKISY,0,25,Pep735
4127,EQRGIFTISDHPPEQRGMFTKECEQ,0,25,Pep736
4127,AKSPVKEEAKSPPEAKSPEKEEAKS,0,25,Pep737
4127,ASRTSSPNRATRENPRTSCAQRDNP,0,25,Pep738
4127,CEPQTYGIGLKEFWVIDEKNWKPGR,0,25,Pep739
4127,PLDPRQIAPRRPQAAAASSRDPTGP,0,25,Pep740
4127,ENREMTANENTTQFPAEPTEHGERT,0,25,Pep741
4127,TPSPAEPTEHGEMTANENTTPSPAE,0,25,Pep742
4127,RRDAGPPPGAAPPPADGHPRPLAEP,0,25,Pep743
4127,AELKSICCIIHPESLCAQKLKMDHV,0,25,Pep744
4127,GYAINPSRDLPPSIFTFIAGWGKQV,0,25,Pep745
4127,GILVVIIGVSLGINTGYAINPSRDL,0,25,Pep746
4127,PAIRVPPVIPLGSRELFCSKLRRAA,1,25,Pep747
4127,LGSRELFCSKLRRAAVFPPAHQQRT,1,25,Pep748
4127,HLGVVIGILVAVILLLLLLLLLFLI,0,25,Pep749
4127,EGEEEEEEEEEEEEGGSGASDSSEV,0,25,Pep750
4148,TGAGGLLGQRIVCLLVEEKELKEIR,0,25,Pep751
4148,KQDTLDASLQSFKQERLPEITDLKD,0,25,Pep752
4148,MARFGEAVVTRPGSGDGDSDQS,0,22,Pep753
4148,SGSKAGFRDGLGCSVEMGSVNEAGY,0,25,Pep754
4148,FRPSGFRPNRQLVGLVESVRRLGLG,0,25,Pep755
4148,KGYEDKLLKDLFLKPETNIKGKLAY,0,25,Pep756
4148,ELPAKILVEFVVICTR,0,16,Pep757
4148,CQSSGTSSTSCSCQFSRTSSTCRCQ,0,25,Pep758
4148,FHKQNKMLKKDKKFHFWVNTFFIPG,0,25,Pep759
4148,VKLHNELQSGSLSLGKSEAPETPME,0,25,Pep760
4148,WTEDASGTNLFLIAAHELGHSLGLF,0,25,Pep761
4148,SSTPGTTWILTEQTTTATTTASTGS,0,25,Pep762
4148,SKTFSTCASHLITVTLFYGALLFMY,0,25,Pep763
4148,SGGPGILPPGHSPPDPTPQSPDSET,0,25,Pep764
4148,HTGEKPYECSECWKTFSEKSSLIHH,0,25,Pep765
4148,GGGGSSATSGGRGGSLEMSSDGEPL,0,25,Pep766
4148,MTEYKLVVVGAVGVGKSALTIQLI,1,24,Pep767
4148,DPRLKTPMYFFLHNFSFLEVIFTTV,0,25,Pep768
4148,QSRLVFGIGDKIYCTRNAYLSDLLP,0,25,Pep769
4148,FHFLGSTQCFLYSLMAYDRYLAICQ,0,25,Pep770
4148,DRVTMPVAYKEYQPHLVDQGAMLLN,0,25,Pep771
4148,MYIRVEIENVPCEFV,0,15,Pep772
4148,SPALGVLQLHFFMSEDNNTEDLKVT,0,25,Pep773
4148,KFEVSVLVGGGIEVTPFASILKDLV,0,25,Pep774
4148,YRLTAISVDHSARPYQNYTVIFVGS,0,25,Pep775
4148,EDRSSSCREAVLHRRLQQTIKERALLN,0,27,Pep776
4148,SPSCSSGPRVPKRAAPGSQTGKKQQ,0,25,Pep777
4148,EGSGAGRPGKEGGGGGPALGLPQGCVT,0,27,Pep778
4148,ELNKDRTSRDSSSVMRSSSTLPVPQ,0,25,Pep779
4148,RSERKKWIHCFEEVTAIIFCVALSG,0,25,Pep780
4148,HLPMHTVTYPCTQSPTRAHSCHLPV,0,25,Pep781
4148,FRHPAQSQVGGGRGSPALGGP,0,21,Pep782
4148,CIDNEALYDICSRTLKLPTPIYGDL,0,25,Pep783
4148,GQGELSSEDIVELSSPRKRENTVQA,0,25,Pep784
4148,VDWVGSELVGLGWGG,0,15,Pep785
4148,VFDRPYPLAPPTPASPYRRAGLWSP,0,25,Pep786
4148,YPLAPPTPASPYRRAGLWSPYKPET,0,25,Pep787
4148,PTPASPYRRAGLWSPYKPETLSELE,0,25,Pep788
4148,PYRRAGLWSPYKPETLSELEPTTAG,0,25,Pep789
4148,AGLWSPYKPETLSELEPTTAGQPSG,0,25,Pep790
4148,GCLGSWGAMWAGGGGCLPQGAGWLW,0,25,Pep791
4148,VFSEFMIQSPEAVGQEAVLLVLPLV,0,25,Pep792
4148,MEGDRRAGH,0,9,Pep793
4148,KVSKSSTHPQHNANENEILVADTYD,0,25,Pep794
4148,KPYECKQCGKAFRCASNLRKHGRTH,0,25,Pep795
4148,EKPYECKQCGKALSCSSSFRMHERT,0,25,Pep796
4148,GEKPYECKLCGKAFSFSSSLREHEK,0,25,Pep797
4148,CEECGKAFNQSSNLTTHKITHAGEK,0,25,Pep798
4148,CEECALRKHEIINTGKKPYKCEECG,0,25,Pep799
4148,THKRIHTGEKPYKCEKCGKFFNQST,0,25,Pep800
4148,KCKECGKAFNQSLTLTRHKIIHAGE,0,25,Pep801
4148,THKKIHTGEQPYKCEECGKAFTQSS,0,25,Pep802
4148,HHGLSEGWKETEMFGQGIHHAAGQV,0,25,Pep803
4148,CGKAFTQSSKLVHHQRIHTGEKPYE,0,25,Pep804
4148,RVHTGEKPYKCDECGKGFSHNSPLI,0,25,Pep805
4148,AVDKYRLRKKFPVPKTIWDGEETVY,0,25,Pep806
4148,RAGLGSQEKSLPPSPPAARRSLLHR,0,25,Pep807
4148,VFSQHSHLAVHQIVHTGEKPYKCNE,0,25,Pep808
4148,GEKPYKCNECGKDFSQHSHLAVHQR,0,25,Pep809
4148,KVFHQISHLAQHQTIHTGEKPYECN,0,25,Pep810
4148,WPRRIWGSSQDEGGFASSVRRPHLT,0,25,Pep811
4148,ACRECGKAFRAHLQLIHHQETHSGL,0,25,Pep812
4148,HLAKVGDCMGDSSDKPLRRNNSYTS,0,25,Pep813
4148,KTLRSKMGKWCHLCFPCCRGSGKSN,0,25,Pep814
4148,RKSELSLDLDSDFVRETVDSLKLLA,0,25,Pep815
4148,QLFPPSRLRYNRPDIMPSGRSRLLE,0,25,Pep816
4148,LLHEVPTGEVWVCFDLQLFEQKTLL,0,25,Pep817
4148,IINVGYKRFLQPKIFFYPEFANPDF,0,25,Pep818
4148,DAIEAKKRRQQNF,0,13,Pep819
4148,NPSSPCPHLLPSGTGFVP,0,18,Pep820
4148,SPPGYGAQDDPPPRRDCAWAPGHGA,0,25,Pep821
4148,LCKLCLLSSRHSHASASQVAGTIGA,0,25,Pep822
4148,RFRWRTQAVAGGGRGAARGAAAGQR,0,25,Pep823
4148,TSSPNRATRDNPTTSCAQRDNPRAS,0,25,Pep824
4148,EAEREEFFDETRQLCDLRLFQPFLK,0,25,Pep825
4148,KGELVMQYKIIPPPGTHPLLVLVNP,0,25,Pep826
4148,PLPAHSGALPFPRPGPPQPPHPPLA,0,25,Pep827
4148,RELSYKGGNTRTWAAILHVADHVFL,0,25,Pep828
4148,WEGRWNHVKKFLQRSGPFTHPDFEP,0,25,Pep829
4148,PGRGVGPGAGPGGGDGT,0,17,Pep830
4148,KSFSTFGKDSPNVEDTGDTSTSSLL,0,25,Pep831
4148,HLYCKWKSENITSRMQHDTSHLFTT,0,25,Pep832
4148,IVRNKEKKVIFESSGQISGSSFRSH,0,25,Pep833
4148,AFNRSSTLTKHKIIHAEEKPFTCEE,0,25,Pep834
4148,IQYAYTGRLELKKDNIECLLSTACL,0,25,Pep835
4148,LAQIPQKVLWRFYGKKPNTLGSNTR,0,25,Pep836
4148,AALNNHPDIMNLIKSGAHFDATNLH,0,25,Pep837
4148,IYETKGEKNFRTKHYEEQIEAFKSI,0,25,Pep838
4148,ILYCKRASLTELVSPRLPSHLSEYE,0,25,Pep839
4148,GTSDPYVKFKIGRKEVFRSKIIHKN,0,25,Pep840
4148,RLRGQTGVRAERSGSYPFIDFRLLN,0,25,Pep841
4148,GTKRVVGISLFAISFLTLCIPLATD,0,25,Pep842
4148,FVLILERPEPVQDHLFDFITERGAL,0,25,Pep843
4148,LAAAAAAAAATATRNNPEPGGRRPE,0,25,Pep844
4148,PRGPCRRQPRHPVAPRAPRPATRGG,0,25,Pep845
4148,EDSKQNIFHFLYRKNRSRIPLLRKR,0,25,Pep846
4148,TNMPGNIIPWVDYNVDVFGGASKWP,0,25,Pep847
4148,SRLGPPEAESPSPPPKRRKKRYLRH,0,25,Pep848
4148,TAPEAEPEAPISPPPPPTAVPAEEP,0,25,Pep849
4148,QPEEALSQAKKSFASKTEVKKTRRP,0,25,Pep850
4148,MVDRLANSEANARRISIVENCFGA,0,24,Pep851
4148,LRPGEDERVAFCNSEFSDISPLSGG,0,25,Pep852
4148,VIGILVVIIGVSHGMNTGYAINPSR,0,25,Pep853
4148,GMLQLCLFAITDREKNPALPGTEALVI,0,27,Pep854
4148,HKRSSLCKVKIVWPTPEPTQKLHQKQ,0,26,Pep855
4148,LCKVKIVWPTPEPTQKLHQKQLQNFL,0,26,Pep856
4148,VPQGTAPLMFSRSHSLKKVPVMPKE,0,25,Pep857
4148,QGVPVVSVVPYDICGEHVPRRGGSH,0,25,Pep858
4136,ASSVTVTRSYRSGGGSGGGSFGDNL,0,25,Pep859
4136,NSPSPGGKEAETWQPVVILLGWGGC,0,25,Pep860
4136,YKCGECGKGFSQRSNLHIHRCIHTG,0,25,Pep861
4136,RPYKCGECGKGFRQSSNLHIHRCIH,0,25,Pep862
4136,NKARAEKKVTLSSSKNLKPSSETKT,0,25,Pep863
4136,LLASSDPPALASTNAEVTGTMSQDT,1,25,Pep864
4136,LLASSDPPALASTNAEVTVETGFHH,1,25,Pep865
4136,LLASSDPPALASTNAEVTETGFHHV,1,25,Pep866
4136,SAPTTAASSTTVSSIAPTTAASSMT,0,25,Pep867
4136,VHGGSWIRGAIYCFKIAVALAVAAI,0,25,Pep868
4136,SPQPEESHLSPQPEEPCLSPRPEES,0,25,Pep869
4136,NHAAYYPPSQIAQLRPSPRWTAQGA,0,25,Pep870
4136,VHNAKTKPREEQFNSTFRVVSVLTV,0,25,Pep871
4136,VRCVGLSLRATPHLILLELMSGGDM,0,25,Pep872
4136,MARPSGSSEATGKPR,0,15,Pep873
4136,MASPSGSSEVTGKPRGRDGRPR,0,22,Pep874
4136,MDSIRSGAFGHLFRPD,0,16,Pep875
4136,ILVDLEPGTMDSIRSGAFGHLFRPD,0,25,Pep876
4136,GTISENTNYNHPPEADSAGTAFNLG,0,25,Pep877
4136,MDADYRKQWDQYVKE,0,15,Pep878
4136,CSPTLLADIYMDADYRKQWDQYVKE,0,25,Pep879
4136,AFNRSSNLTKHKIIHTGDVPYKCDE,0,25,Pep880
4136,HYKCEECGKAFISSSVLTRHKRVHT,0,25,Pep881
4136,CGKAFTRSSHLTKHKIIHTGEKPYK,0,25,Pep882
4136,KPYKCEECGKAFNQSSNLTNHKKIH,0,25,Pep883
4136,HKKIHTGEQPYKSEECGKAFNYSSH,0,25,Pep884
4136,AFKWSSTLTKHKKIHTGEKPYKCEE,0,25,Pep885
4136,LTTHKKIHTGEKLYKCEECGKAFTQ,0,25,Pep886
4136,KPYKCEECGKAFSVSSTLTQHKRIH,0,25,Pep887
4136,PYQCEECGKAFNHSSHLTRHKRIHT,0,25,Pep888
4136,CGKSFSWSSHLVSHQRTHTGEKPYE,0,25,Pep889
4136,CLTNHHRMHTGEKPYKCNECGR,0,22,Pep890
4136,CLTNHHRMHTGEKPYKCNECGKAFR,0,25,Pep891
4136,CLTNHHRMHTGERPYKCNECGR,0,22,Pep892
4136,CLTNHHRMHTGERPYKCNECGKAFR,0,25,Pep893
4136,KPYKCNECGKVFNNMSHLAQHRRIH,0,25,Pep894
4136,KCNECSKTFSQRTYLHCHRRLHSGE,0,25,Pep895
4136,CGKTFSQTSSLTSHRRLHTGEKPYK,0,25,Pep896
4136,CNECGKTFSRKSSLTCHHRLHTGEK,0,25,Pep897
4136,RPLVRRHPLHAIIDFILERNLSSVM,0,25,Pep898
4136,KTFSQTSSLTCHHRLHTGEKPFKCN,0,25,Pep899
4136,YECSECGKSFSQRASLIQHQRVHTG,0,25,Pep900
4136,ECGECGKSFSKYDSFSNHQRVHTGK,0,25,Pep901
4136,QKVHTGERPFECCECGRDFSQSSHL,0,25,Pep902
4136,QAGGIGKAKLRSVKERKLEKKKQKE,0,25,Pep903
4136,ELPHFTEAGLKISRVPGPADQKTGI,0,25,Pep904
4136,KDSVLNIARGKKDGEKTRRVSSHKQ,0,25,Pep905
4136,SDEKDSVLNIAREKKHGEKTRRVSS,0,25,Pep906
4136,KKAEGAQNQGKKGEGAQNQGKKAEG,0,25,Pep907
4136,PETISLNVKGPGVQRMVLVDLPGVI,0,25,Pep908
4136,HLTVDRPVIYDGRDFL,0,16,Pep909
4136,PWTQHSPHTRLRHSGRCDLFQKKDY,0,25,Pep910
4136,HGLNTRPTRGCGILGAVTSSRRKPK,0,25,Pep911
4136,PWTQHSPHTRLRHSGRCDLFQKKGT,0,25,Pep912
4136,CQLLPWTQHSPHSRLRRSGRCDLFQ,0,25,Pep913
4136,MVANCCHGLNTRRTRGCGVLGAVTS,0,25,Pep914
4136,GESRPETPKQKSEGHPETPKQKGDG,0,25,Pep915
4136,SSIFHAGKSQGLRENNIPDNETGRK,0,25,Pep916
4136,DILEQARAAVDTFCRHNYGVVESFT,0,25,Pep917
4136,DILEQARAAVDTDCRHNYGVVESFT,0,25,Pep918
4136,VNFYQSHGPSGQFTHEFDGDEEFYV,0,25,Pep919
4136,FYVDLETKETVWKLPMFSKFISFDP,0,25,Pep920
4136,TLNSKTYDTVHRHLTVEEATASVSE,0,25,Pep921
4136,AAKFMRKRRKGQHCRMEIIHEIAVL,0,25,Pep922
4136,DNPWVINLHEVYDTASEMILVLEYA,0,25,Pep923
4136,GEKPYECYICGKLFSQMSYLTIHHR,0,25,Pep924
4136,GYNSYSVSNSEKHIMAEIYKNGPVE,1,25,Pep925
4136,ERKWFKVPSKKEVTSTCIATPDVEK,0,25,Pep926
4136,TPSSAALTAAAVTAPPHCPGGSASP,0,25,Pep927
4136,MPYGYVLNESQSCQNSSSAQGSSSN,0,25,Pep928
4136,VLLMPYGYVLNEFQSRQNSSSAQGS,0,25,Pep929
